store_id,context_len,mode,mae_all,mae_open,mae_closed,n_open,n_closed,pred_path
15,512,covariate,242.9327534,270.0623538461539,66.5903505,26,4,outputs/extension3\forecasts\ctx_512\covariate\forecast_store_15.csv
19,512,covariate,269.1033372666667,290.4779730769231,130.1682045,26,4,outputs/extension3\forecasts\ctx_512\covariate\forecast_store_19.csv
21,512,covariate,453.69467909,516.0725230769231,48.238693175,26,4,outputs/extension3\forecasts\ctx_512\covariate\forecast_store_21.csv
25,512,covariate,478.1872900999999,534.552946153846,111.81052574999998,26,4,outputs/extension3\forecasts\ctx_512\covariate\forecast_store_25.csv
28,512,covariate,191.28148886666665,202.5455423076923,118.0651415,26,4,outputs/extension3\forecasts\ctx_512\covariate\forecast_store_28.csv
29,512,covariate,302.8937399999999,295.68309999999997,349.76290000000006,26,4,outputs/extension3\forecasts\ctx_512\covariate\forecast_store_29.csv
34,512,covariate,282.9729773333334,316.3921653846154,65.748255,26,4,outputs/extension3\forecasts\ctx_512\covariate\forecast_store_34.csv
49,512,covariate,244.89241260000006,274.01176538461544,55.6166195,26,4,outputs/extension3\forecasts\ctx_512\covariate\forecast_store_49.csv
62,512,covariate,186.87733684633332,203.50269999999995,78.8124763475,26,4,outputs/extension3\forecasts\ctx_512\covariate\forecast_store_62.csv
65,512,covariate,192.54454436666668,211.9382692307692,66.48533275,26,4,outputs/extension3\forecasts\ctx_512\covariate\forecast_store_65.csv
75,512,covariate,367.74120633333325,388.03520769230767,235.83019750000003,26,4,outputs/extension3\forecasts\ctx_512\covariate\forecast_store_75.csv
78,512,covariate,177.98917466666668,187.59304615384616,115.56401,26,4,outputs/extension3\forecasts\ctx_512\covariate\forecast_store_78.csv
79,512,covariate,232.5656563333333,257.87172307692305,68.0762225,26,4,outputs/extension3\forecasts\ctx_512\covariate\forecast_store_79.csv
92,512,covariate,260.3995718533334,284.1038653846154,106.3216639,26,4,outputs/extension3\forecasts\ctx_512\covariate\forecast_store_92.csv
107,512,covariate,267.04067266666675,278.5589961538463,192.17156999999997,26,4,outputs/extension3\forecasts\ctx_512\covariate\forecast_store_107.csv
109,512,covariate,206.06389093333334,223.66596923076924,91.65038200000001,26,4,outputs/extension3\forecasts\ctx_512\covariate\forecast_store_109.csv
110,512,covariate,242.01604953333333,248.66271153846154,198.8127465,26,4,outputs/extension3\forecasts\ctx_512\covariate\forecast_store_110.csv
112,512,covariate,338.6815795,376.9994307692308,89.61554625,26,4,outputs/extension3\forecasts\ctx_512\covariate\forecast_store_112.csv
123,512,covariate,260.1871531666665,277.8378576923075,145.45757375,26,4,outputs/extension3\forecasts\ctx_512\covariate\forecast_store_123.csv
146,512,covariate,268.09619860000004,292.12687692307696,111.8967895,26,4,outputs/extension3\forecasts\ctx_512\covariate\forecast_store_146.csv
147,512,covariate,274.1711017666667,287.8063153846154,185.54221325,26,4,outputs/extension3\forecasts\ctx_512\covariate\forecast_store_147.csv
151,512,covariate,204.8432374333334,220.90889230769238,100.41648075,26,4,outputs/extension3\forecasts\ctx_512\covariate\forecast_store_151.csv
170,512,covariate,209.08723823666668,223.75995384615388,113.71458677500001,26,4,outputs/extension3\forecasts\ctx_512\covariate\forecast_store_170.csv
179,512,covariate,236.32367599999992,260.104973076923,81.745245,26,4,outputs/extension3\forecasts\ctx_512\covariate\forecast_store_179.csv
182,512,covariate,261.6860219999999,292.36162307692297,62.29461499999999,26,4,outputs/extension3\forecasts\ctx_512\covariate\forecast_store_182.csv
216,512,covariate,320.69257583333336,354.95325769230783,97.99814375,26,4,outputs/extension3\forecasts\ctx_512\covariate\forecast_store_216.csv
227,512,covariate,222.79139249999997,243.65435384615387,87.18214375000001,26,4,outputs/extension3\forecasts\ctx_512\covariate\forecast_store_227.csv
228,512,covariate,256.81915100000003,283.26865000000004,84.8974075,26,4,outputs/extension3\forecasts\ctx_512\covariate\forecast_store_228.csv
229,512,covariate,287.15230413333336,311.84245000000004,126.66635600000001,26,4,outputs/extension3\forecasts\ctx_512\covariate\forecast_store_229.csv
232,512,covariate,206.65179723333338,214.94161153846156,152.76800425,26,4,outputs/extension3\forecasts\ctx_512\covariate\forecast_store_232.csv
234,512,covariate,377.27062646666667,410.79223461538464,159.3801735,26,4,outputs/extension3\forecasts\ctx_512\covariate\forecast_store_234.csv
237,512,covariate,229.00655316666672,250.2501884615385,90.92292375,26,4,outputs/extension3\forecasts\ctx_512\covariate\forecast_store_237.csv
257,512,covariate,271.90070519999995,303.7590461538461,64.821489,26,4,outputs/extension3\forecasts\ctx_512\covariate\forecast_store_257.csv
262,512,covariate,1358.6856,1358.6856,,30,0,outputs/extension3\forecasts\ctx_512\covariate\forecast_store_262.csv
266,512,covariate,144.3813597333333,156.69484615384613,64.343698,26,4,outputs/extension3\forecasts\ctx_512\covariate\forecast_store_266.csv
269,512,covariate,317.7281066,356.16129230769235,67.91239949999999,26,4,outputs/extension3\forecasts\ctx_512\covariate\forecast_store_269.csv
272,512,covariate,205.71947128973335,229.0641346153846,53.979159673,26,4,outputs/extension3\forecasts\ctx_512\covariate\forecast_store_272.csv
280,512,covariate,252.90487953333337,278.62951538461544,85.69474650000001,26,4,outputs/extension3\forecasts\ctx_512\covariate\forecast_store_280.csv
281,512,covariate,222.21333440000004,239.12871923076926,112.26333299999999,26,4,outputs/extension3\forecasts\ctx_512\covariate\forecast_store_281.csv
302,512,covariate,186.3489225333333,205.5351846153846,61.63821900000001,26,4,outputs/extension3\forecasts\ctx_512\covariate\forecast_store_302.csv
309,512,covariate,222.73386333333335,237.19487692307695,128.73727499999998,26,4,outputs/extension3\forecasts\ctx_512\covariate\forecast_store_309.csv
312,512,covariate,193.39473713333336,213.05241153846157,65.6198535,26,4,outputs/extension3\forecasts\ctx_512\covariate\forecast_store_312.csv
316,512,covariate,277.9374698,309.84091153846146,70.5650985,26,4,outputs/extension3\forecasts\ctx_512\covariate\forecast_store_316.csv
319,512,covariate,220.69863559333322,249.38246923076912,34.25371695,26,4,outputs/extension3\forecasts\ctx_512\covariate\forecast_store_319.csv
321,512,covariate,276.90783533333337,307.0908730769231,80.71808999999999,26,4,outputs/extension3\forecasts\ctx_512\covariate\forecast_store_321.csv
322,512,covariate,252.04084106666667,287.90157307692306,18.946083,26,4,outputs/extension3\forecasts\ctx_512\covariate\forecast_store_322.csv
325,512,covariate,268.6936966666666,291.61913461538455,119.67835,26,4,outputs/extension3\forecasts\ctx_512\covariate\forecast_store_325.csv
328,512,covariate,176.43992380000006,190.61881923076928,84.27710350000001,26,4,outputs/extension3\forecasts\ctx_512\covariate\forecast_store_328.csv
329,512,covariate,261.1976606666666,284.9720076923076,106.664405,26,4,outputs/extension3\forecasts\ctx_512\covariate\forecast_store_329.csv
331,512,covariate,234.9367220333335,248.05503076923094,149.66771525000001,26,4,outputs/extension3\forecasts\ctx_512\covariate\forecast_store_331.csv
332,512,covariate,141.61522763099995,156.93109615384608,42.0620822325,26,4,outputs/extension3\forecasts\ctx_512\covariate\forecast_store_332.csv
338,512,covariate,307.49682899000004,348.0336038461538,44.007792425,26,4,outputs/extension3\forecasts\ctx_512\covariate\forecast_store_338.csv
340,512,covariate,256.9395382,283.00355,87.5234615,26,4,outputs/extension3\forecasts\ctx_512\covariate\forecast_store_340.csv
343,512,covariate,271.5084580500001,299.9486384615386,86.647285375,26,4,outputs/extension3\forecasts\ctx_512\covariate\forecast_store_343.csv
346,512,covariate,225.74623376666662,240.96784230769228,126.80577825,26,4,outputs/extension3\forecasts\ctx_512\covariate\forecast_store_346.csv
350,512,covariate,247.5177331999999,280.3156346153845,34.331374,26,4,outputs/extension3\forecasts\ctx_512\covariate\forecast_store_350.csv
351,512,covariate,251.9099069999999,253.19547307692298,243.55372749999998,26,4,outputs/extension3\forecasts\ctx_512\covariate\forecast_store_351.csv
354,512,covariate,273.4925999999999,284.8141576923077,199.902475,26,4,outputs/extension3\forecasts\ctx_512\covariate\forecast_store_354.csv
356,512,covariate,279.09241516666674,311.54553461538467,68.14713875,26,4,outputs/extension3\forecasts\ctx_512\covariate\forecast_store_356.csv
366,512,covariate,214.92510533333336,215.82121153846157,209.100415,26,4,outputs/extension3\forecasts\ctx_512\covariate\forecast_store_366.csv
373,512,covariate,144.52469321,157.6101307692308,59.469349075,26,4,outputs/extension3\forecasts\ctx_512\covariate\forecast_store_373.csv
375,512,covariate,272.50856133333326,290.32727692307685,156.68690999999998,26,4,outputs/extension3\forecasts\ctx_512\covariate\forecast_store_375.csv
378,512,covariate,223.19093099999998,244.78322307692304,82.84103250000001,26,4,outputs/extension3\forecasts\ctx_512\covariate\forecast_store_378.csv
381,512,covariate,242.93744433333342,272.73787307692317,49.2346575,26,4,outputs/extension3\forecasts\ctx_512\covariate\forecast_store_381.csv
383,512,covariate,661.7499663333333,704.7036346153847,382.5511225,26,4,outputs/extension3\forecasts\ctx_512\covariate\forecast_store_383.csv
384,512,covariate,291.3386390333334,313.8537230769231,144.99059275,26,4,outputs/extension3\forecasts\ctx_512\covariate\forecast_store_384.csv
386,512,covariate,273.28725080000004,299.44038076923084,103.291906,26,4,outputs/extension3\forecasts\ctx_512\covariate\forecast_store_386.csv
392,512,covariate,306.46770703333334,341.02413846153854,81.85090275000002,26,4,outputs/extension3\forecasts\ctx_512\covariate\forecast_store_392.csv
418,512,covariate,186.19526486666663,206.95806923076924,51.237036499999995,26,4,outputs/extension3\forecasts\ctx_512\covariate\forecast_store_418.csv
422,512,covariate,213.3430379,228.8887576923077,112.29585925,26,4,outputs/extension3\forecasts\ctx_512\covariate\forecast_store_422.csv
439,512,covariate,233.29754470000003,251.14294230769235,117.30246025,26,4,outputs/extension3\forecasts\ctx_512\covariate\forecast_store_439.csv
450,512,covariate,539.7454416666667,567.6586038461539,358.3098875,26,4,outputs/extension3\forecasts\ctx_512\covariate\forecast_store_450.csv
455,512,covariate,538.6462203333333,592.53315,188.38117750000004,26,4,outputs/extension3\forecasts\ctx_512\covariate\forecast_store_455.csv
459,512,covariate,392.8976381333332,433.2776115384614,130.427811,26,4,outputs/extension3\forecasts\ctx_512\covariate\forecast_store_459.csv
460,512,covariate,193.7775527333333,201.43444230769228,144.00777050000002,26,4,outputs/extension3\forecasts\ctx_512\covariate\forecast_store_460.csv
466,512,covariate,362.52125713333334,395.9774884615385,145.0557535,26,4,outputs/extension3\forecasts\ctx_512\covariate\forecast_store_466.csv
469,512,covariate,378.4273719666667,417.2310538461539,126.20343975,26,4,outputs/extension3\forecasts\ctx_512\covariate\forecast_store_469.csv
476,512,covariate,123.10758237999995,128.17250769230765,90.18556785000001,26,4,outputs/extension3\forecasts\ctx_512\covariate\forecast_store_476.csv
483,512,covariate,276.21694229999997,304.5851423076923,91.82364224999999,26,4,outputs/extension3\forecasts\ctx_512\covariate\forecast_store_483.csv
493,512,covariate,336.75800366666664,368.75430769230775,128.7820275,26,4,outputs/extension3\forecasts\ctx_512\covariate\forecast_store_493.csv
494,512,covariate,418.99289000000005,418.99289000000005,,30,0,outputs/extension3\forecasts\ctx_512\covariate\forecast_store_494.csv
496,512,covariate,250.37750026333342,278.0132346153847,70.745226975,26,4,outputs/extension3\forecasts\ctx_512\covariate\forecast_store_496.csv
507,512,covariate,304.04399333333333,326.805,156.09745000000004,26,4,outputs/extension3\forecasts\ctx_512\covariate\forecast_store_507.csv
511,512,covariate,245.16984969999993,268.502823076923,93.50552274999998,26,4,outputs/extension3\forecasts\ctx_512\covariate\forecast_store_511.csv
513,512,covariate,504.4067093666667,565.1038461538462,109.87532025,26,4,outputs/extension3\forecasts\ctx_512\covariate\forecast_store_513.csv
519,512,covariate,190.93247949999997,207.1108615384615,85.77299624999999,26,4,outputs/extension3\forecasts\ctx_512\covariate\forecast_store_519.csv
524,512,covariate,348.68395666666663,348.68395666666663,,30,0,outputs/extension3\forecasts\ctx_512\covariate\forecast_store_524.csv
527,512,covariate,352.43497793333336,387.75558846153854,122.8510095,26,4,outputs/extension3\forecasts\ctx_512\covariate\forecast_store_527.csv
541,512,covariate,255.65940673333338,283.30555000000004,75.9594755,26,4,outputs/extension3\forecasts\ctx_512\covariate\forecast_store_541.csv
549,512,covariate,189.35442683333338,205.18948461538463,86.42655125000002,26,4,outputs/extension3\forecasts\ctx_512\covariate\forecast_store_549.csv
550,512,covariate,309.1577260666666,314.2892076923077,275.8030955,26,4,outputs/extension3\forecasts\ctx_512\covariate\forecast_store_550.csv
552,512,covariate,392.9862572133334,435.91201153846157,113.9688541,26,4,outputs/extension3\forecasts\ctx_512\covariate\forecast_store_552.csv
558,512,covariate,166.09976576666668,184.99304230769232,43.293468250000004,26,4,outputs/extension3\forecasts\ctx_512\covariate\forecast_store_558.csv
561,512,covariate,247.96728155666662,278.500223076923,49.503161674999994,26,4,outputs/extension3\forecasts\ctx_512\covariate\forecast_store_561.csv
563,512,covariate,191.96006578666672,215.58725384615389,38.3833434,26,4,outputs/extension3\forecasts\ctx_512\covariate\forecast_store_563.csv
566,512,covariate,234.67447099999998,238.6519538461538,208.8208325,26,4,outputs/extension3\forecasts\ctx_512\covariate\forecast_store_566.csv
567,512,covariate,204.10551630000006,226.5248115384616,58.380097250000006,26,4,outputs/extension3\forecasts\ctx_512\covariate\forecast_store_567.csv
569,512,covariate,162.14011286666664,179.58359999999996,48.75744649999999,26,4,outputs/extension3\forecasts\ctx_512\covariate\forecast_store_569.csv
588,512,covariate,214.24471799999992,230.9984307692307,105.345585,26,4,outputs/extension3\forecasts\ctx_512\covariate\forecast_store_588.csv
590,512,covariate,247.17759239999995,270.7088923076923,94.224143,26,4,outputs/extension3\forecasts\ctx_512\covariate\forecast_store_590.csv
592,512,covariate,154.23210055999996,164.92744230769225,84.7123792,26,4,outputs/extension3\forecasts\ctx_512\covariate\forecast_store_592.csv
596,512,covariate,454.80820433333344,432.55350000000004,599.4637825,26,4,outputs/extension3\forecasts\ctx_512\covariate\forecast_store_596.csv
597,512,covariate,192.69854726666674,209.18998076923086,85.50422950000001,26,4,outputs/extension3\forecasts\ctx_512\covariate\forecast_store_597.csv
617,512,covariate,262.0822482,288.1524923076923,92.62566149999999,26,4,outputs/extension3\forecasts\ctx_512\covariate\forecast_store_617.csv
621,512,covariate,286.5903418666666,314.8321769230769,103.018414,26,4,outputs/extension3\forecasts\ctx_512\covariate\forecast_store_621.csv
623,512,covariate,243.77207800000005,271.53105384615395,63.338735,26,4,outputs/extension3\forecasts\ctx_512\covariate\forecast_store_623.csv
631,512,covariate,163.24832533333336,177.3970346153846,71.28171499999999,26,4,outputs/extension3\forecasts\ctx_512\covariate\forecast_store_631.csv
635,512,covariate,235.7667981333333,255.08044999999996,110.228061,26,4,outputs/extension3\forecasts\ctx_512\covariate\forecast_store_635.csv
641,512,covariate,240.31065486666665,266.7804884615384,68.2567365,26,4,outputs/extension3\forecasts\ctx_512\covariate\forecast_store_641.csv
642,512,covariate,151.2495059666667,160.82293461538464,89.02221974999999,26,4,outputs/extension3\forecasts\ctx_512\covariate\forecast_store_642.csv
651,512,covariate,233.51136899999995,251.12928461538456,118.9949175,26,4,outputs/extension3\forecasts\ctx_512\covariate\forecast_store_651.csv
673,512,covariate,265.4966293333333,293.7096923076923,82.11171999999999,26,4,outputs/extension3\forecasts\ctx_512\covariate\forecast_store_673.csv
680,512,covariate,336.6147929999999,335.8335461538462,341.6928975,26,4,outputs/extension3\forecasts\ctx_512\covariate\forecast_store_680.csv
691,512,covariate,412.64819476666673,460.63494230769237,100.73433575000001,26,4,outputs/extension3\forecasts\ctx_512\covariate\forecast_store_691.csv
697,512,covariate,310.3328306333333,332.33232692307683,167.33610475,26,4,outputs/extension3\forecasts\ctx_512\covariate\forecast_store_697.csv
698,512,covariate,455.83159296666685,496.44507692307707,191.84394725,26,4,outputs/extension3\forecasts\ctx_512\covariate\forecast_store_698.csv
709,512,covariate,243.9443616666666,264.42838076923067,110.7982375,26,4,outputs/extension3\forecasts\ctx_512\covariate\forecast_store_709.csv
721,512,covariate,330.10637513333324,368.6252923076922,79.7334135,26,4,outputs/extension3\forecasts\ctx_512\covariate\forecast_store_721.csv
726,512,covariate,380.79399566666655,404.8554153846152,224.3947675,26,4,outputs/extension3\forecasts\ctx_512\covariate\forecast_store_726.csv
730,512,covariate,270.64464286666674,294.1524730769231,117.8437465,26,4,outputs/extension3\forecasts\ctx_512\covariate\forecast_store_730.csv
731,512,covariate,363.094164,398.1646076923077,135.13628,26,4,outputs/extension3\forecasts\ctx_512\covariate\forecast_store_731.csv
740,512,covariate,321.2206286666667,345.29844615384616,164.71481500000002,26,4,outputs/extension3\forecasts\ctx_512\covariate\forecast_store_740.csv
746,512,covariate,296.7941869333333,327.9379653846154,94.359627,26,4,outputs/extension3\forecasts\ctx_512\covariate\forecast_store_746.csv
751,512,covariate,247.51555596666665,274.8477115384615,69.85654475,26,4,outputs/extension3\forecasts\ctx_512\covariate\forecast_store_751.csv
765,512,covariate,430.4067863333334,462.90395,219.1752225,26,4,outputs/extension3\forecasts\ctx_512\covariate\forecast_store_765.csv
767,512,covariate,212.99577053333323,235.80549230769222,64.732579,26,4,outputs/extension3\forecasts\ctx_512\covariate\forecast_store_767.csv
769,512,covariate,775.6501833333333,775.6501833333333,,30,0,outputs/extension3\forecasts\ctx_512\covariate\forecast_store_769.csv
772,512,covariate,235.03448136666665,263.1077384615385,52.55831025,26,4,outputs/extension3\forecasts\ctx_512\covariate\forecast_store_772.csv
784,512,covariate,228.5800178666667,247.4688807692308,105.80240899999998,26,4,outputs/extension3\forecasts\ctx_512\covariate\forecast_store_784.csv
794,512,covariate,146.2491547,157.37333076923076,73.94201025000001,26,4,outputs/extension3\forecasts\ctx_512\covariate\forecast_store_794.csv
807,512,covariate,318.80583320000005,346.95550769230783,135.83294899999999,26,4,outputs/extension3\forecasts\ctx_512\covariate\forecast_store_807.csv
813,512,covariate,235.97391493333325,259.07735384615376,85.80156199999999,26,4,outputs/extension3\forecasts\ctx_512\covariate\forecast_store_813.csv
823,512,covariate,237.4773892666666,268.95106153846143,32.8985195,26,4,outputs/extension3\forecasts\ctx_512\covariate\forecast_store_823.csv
826,512,covariate,263.82681193666673,294.80394230769235,62.47546452500001,26,4,outputs/extension3\forecasts\ctx_512\covariate\forecast_store_826.csv
838,512,covariate,272.7829209666666,304.32790769230763,67.74050725,26,4,outputs/extension3\forecasts\ctx_512\covariate\forecast_store_838.csv
843,512,covariate,431.26294948666674,481.7982884615385,102.78324615,26,4,outputs/extension3\forecasts\ctx_512\covariate\forecast_store_843.csv
860,512,covariate,243.37690166666664,248.1960115384615,212.0526875,26,4,outputs/extension3\forecasts\ctx_512\covariate\forecast_store_860.csv
861,512,covariate,152.68848283333332,170.7254769230769,35.44802125,26,4,outputs/extension3\forecasts\ctx_512\covariate\forecast_store_861.csv
863,512,covariate,259.9702266666667,259.9702266666667,,30,0,outputs/extension3\forecasts\ctx_512\covariate\forecast_store_863.csv
868,512,covariate,482.9471978333333,521.1786769230769,234.44258374999998,26,4,outputs/extension3\forecasts\ctx_512\covariate\forecast_store_868.csv
872,512,covariate,344.12342033333323,365.40531538461534,205.7911025,26,4,outputs/extension3\forecasts\ctx_512\covariate\forecast_store_872.csv
875,512,covariate,192.82960566666665,204.98242307692306,113.8362925,26,4,outputs/extension3\forecasts\ctx_512\covariate\forecast_store_875.csv
881,512,covariate,230.33909923333334,258.80455,45.31366925,26,4,outputs/extension3\forecasts\ctx_512\covariate\forecast_store_881.csv
892,512,covariate,204.13216976666675,228.02436153846162,48.83292325,26,4,outputs/extension3\forecasts\ctx_512\covariate\forecast_store_892.csv
894,512,covariate,302.69672566666674,327.41014230769235,142.0595175,26,4,outputs/extension3\forecasts\ctx_512\covariate\forecast_store_894.csv
899,512,covariate,190.97901786666662,208.24291153846147,78.76370899999999,26,4,outputs/extension3\forecasts\ctx_512\covariate\forecast_store_899.csv
905,512,covariate,238.2318472,259.47571538461534,100.146704,26,4,outputs/extension3\forecasts\ctx_512\covariate\forecast_store_905.csv
908,512,covariate,193.8380926666666,211.64003461538454,78.12546999999999,26,4,outputs/extension3\forecasts\ctx_512\covariate\forecast_store_908.csv
911,512,covariate,299.1861482,329.6206076923076,101.3621615,26,4,outputs/extension3\forecasts\ctx_512\covariate\forecast_store_911.csv
912,512,covariate,251.5264133333334,279.810676923077,67.67869999999999,26,4,outputs/extension3\forecasts\ctx_512\covariate\forecast_store_912.csv
918,512,covariate,208.03516593333333,231.67732307692307,54.3611445,26,4,outputs/extension3\forecasts\ctx_512\covariate\forecast_store_918.csv
924,512,covariate,312.9067991,346.22754615384616,96.32194325,26,4,outputs/extension3\forecasts\ctx_512\covariate\forecast_store_924.csv
927,512,covariate,185.91536,207.28897692307692,46.98685,26,4,outputs/extension3\forecasts\ctx_512\covariate\forecast_store_927.csv
939,512,covariate,243.92645283333337,260.8377038461539,134.00332125,26,4,outputs/extension3\forecasts\ctx_512\covariate\forecast_store_939.csv
942,512,covariate,295.3239758333333,328.92479230769237,76.91866875,26,4,outputs/extension3\forecasts\ctx_512\covariate\forecast_store_942.csv
948,512,covariate,425.6406366666667,425.6406366666667,,30,0,outputs/extension3\forecasts\ctx_512\covariate\forecast_store_948.csv
949,512,covariate,183.1649838666667,200.15567692307692,72.72547899999999,26,4,outputs/extension3\forecasts\ctx_512\covariate\forecast_store_949.csv
957,512,covariate,267.01561939999993,283.09088461538454,162.52639549999998,26,4,outputs/extension3\forecasts\ctx_512\covariate\forecast_store_957.csv
963,512,covariate,430.15408713333346,470.0842846153847,170.6078035,26,4,outputs/extension3\forecasts\ctx_512\covariate\forecast_store_963.csv
972,512,covariate,188.9821979,202.3908807692308,101.82575925,26,4,outputs/extension3\forecasts\ctx_512\covariate\forecast_store_972.csv
973,512,covariate,211.17296799999997,221.5795615384615,143.53011,26,4,outputs/extension3\forecasts\ctx_512\covariate\forecast_store_973.csv
981,512,covariate,165.89805926666662,186.18372692307688,34.0412195,26,4,outputs/extension3\forecasts\ctx_512\covariate\forecast_store_981.csv
984,512,covariate,292.49401013333323,310.4080807692307,176.052551,26,4,outputs/extension3\forecasts\ctx_512\covariate\forecast_store_984.csv
988,512,covariate,301.43334563666673,323.7623923076923,156.294542275,26,4,outputs/extension3\forecasts\ctx_512\covariate\forecast_store_988.csv
994,512,covariate,249.82572126666673,268.314926923077,129.6458845,26,4,outputs/extension3\forecasts\ctx_512\covariate\forecast_store_994.csv
995,512,covariate,269.6223216666668,291.4263692307693,127.89601250000001,26,4,outputs/extension3\forecasts\ctx_512\covariate\forecast_store_995.csv
998,512,covariate,231.7497537,251.79376923076927,101.46365275,26,4,outputs/extension3\forecasts\ctx_512\covariate\forecast_store_998.csv
1001,512,covariate,229.47457620333333,252.58087692307691,79.283621525,26,4,outputs/extension3\forecasts\ctx_512\covariate\forecast_store_1001.csv
1024,512,covariate,226.77196111333333,254.92435384615385,43.78140835,26,4,outputs/extension3\forecasts\ctx_512\covariate\forecast_store_1024.csv
1031,512,covariate,184.2941653333333,187.7227038461538,162.008665,26,4,outputs/extension3\forecasts\ctx_512\covariate\forecast_store_1031.csv
1032,512,covariate,267.0815752666667,295.5495730769231,82.03958949999999,26,4,outputs/extension3\forecasts\ctx_512\covariate\forecast_store_1032.csv
1034,512,covariate,260.53918223333335,289.9498653846154,69.36974175,26,4,outputs/extension3\forecasts\ctx_512\covariate\forecast_store_1034.csv
1040,512,covariate,313.8788559333334,332.89785384615385,190.2553695,26,4,outputs/extension3\forecasts\ctx_512\covariate\forecast_store_1040.csv
1046,512,covariate,301.46129923333325,318.5515884615384,190.37441925,26,4,outputs/extension3\forecasts\ctx_512\covariate\forecast_store_1046.csv
1051,512,covariate,225.3639086666668,233.23265769230784,174.21704,26,4,outputs/extension3\forecasts\ctx_512\covariate\forecast_store_1051.csv
1062,512,covariate,302.665916,320.46985769230764,186.940295,26,4,outputs/extension3\forecasts\ctx_512\covariate\forecast_store_1062.csv
1066,512,covariate,276.60263699999996,274.48406923076914,290.37332749999996,26,4,outputs/extension3\forecasts\ctx_512\covariate\forecast_store_1066.csv
1069,512,covariate,236.46139883333333,253.88196923076924,123.22769125,26,4,outputs/extension3\forecasts\ctx_512\covariate\forecast_store_1069.csv
1070,512,covariate,229.59507576000007,247.4834923076924,113.3203682,26,4,outputs/extension3\forecasts\ctx_512\covariate\forecast_store_1070.csv
1073,512,covariate,465.96255566666684,471.794876923077,428.0524675,26,4,outputs/extension3\forecasts\ctx_512\covariate\forecast_store_1073.csv
1075,512,covariate,293.90425713333326,310.34419230769225,187.0446785,26,4,outputs/extension3\forecasts\ctx_512\covariate\forecast_store_1075.csv
1079,512,covariate,419.8594089666666,468.2709923076922,105.18411725,26,4,outputs/extension3\forecasts\ctx_512\covariate\forecast_store_1079.csv
1081,512,covariate,340.27006,340.27006,,30,0,outputs/extension3\forecasts\ctx_512\covariate\forecast_store_1081.csv
1082,512,covariate,220.52579599999999,232.92558461538462,139.92717000000002,26,4,outputs/extension3\forecasts\ctx_512\covariate\forecast_store_1082.csv
1086,512,covariate,251.71498293333332,263.5625307692308,174.705922,26,4,outputs/extension3\forecasts\ctx_512\covariate\forecast_store_1086.csv
1113,512,covariate,293.7786881666667,316.98553846153845,142.93416125,26,4,outputs/extension3\forecasts\ctx_512\covariate\forecast_store_1113.csv
1115,512,covariate,275.75427001166656,308.35044999999997,63.87910008749999,26,4,outputs/extension3\forecasts\ctx_512\covariate\forecast_store_1115.csv
