context_length,store_id,mode,wql,mae,rmse,p10_under,p90_over
512,1,covariate,0.03053217271402241,181.9809109,231.41770526391267,0.06666666666666667,0.1
512,2,covariate,0.04543518582101627,313.5255259999998,392.54209119340055,0.06666666666666667,0.06666666666666667
512,3,covariate,0.045120541634326855,406.27675259999995,527.1984959575992,0.03333333333333333,0.2
512,4,covariate,0.049594880551760645,682.8356560000003,846.1732078758777,0.03333333333333333,0.3
512,5,covariate,0.03606621302333701,229.8331781333333,279.90264224688656,0.03333333333333333,0.16666666666666666
512,6,covariate,0.033256306386955835,192.10679566666664,248.5031647462949,0.06666666666666667,0.1
512,7,covariate,0.035615889509930505,487.78504696666675,639.0338106352622,0.1,0.16666666666666666
512,8,covariate,0.036495068129034094,334.0602953333333,411.0105388644374,0.0,0.2
512,9,covariate,0.04047569952799327,408.6732689999999,492.53647923025983,0.1,0.13333333333333333
512,10,covariate,0.03880353144680469,342.61306466666673,409.38933508286414,0.06666666666666667,0.03333333333333333
512,11,covariate,0.03840667793865743,383.27371533333337,501.81488033297535,0.06666666666666667,0.23333333333333334
512,12,covariate,0.03379448319197354,339.263986,415.8874082464731,0.03333333333333333,0.06666666666666667
512,14,covariate,0.028472039697131236,175.98408220000005,241.68142989699373,0.0,0.06666666666666667
512,15,covariate,0.05074195285809258,445.0091560000001,631.9732400846455,0.0,0.23333333333333334
512,16,covariate,0.03086090616997991,366.40438866666665,439.4954685206421,0.03333333333333333,0.16666666666666666
512,17,covariate,0.04267833833841438,346.69057466666675,461.0005701714246,0.06666666666666667,0.13333333333333333
512,18,covariate,0.03191730015609728,321.22091900000004,399.43748739538415,0.06666666666666667,0.06666666666666667
512,19,covariate,0.04077361881655105,383.19774309999997,440.80614056643896,0.03333333333333333,0.2
512,21,covariate,0.06713035673371127,489.36186533333324,722.996424326387,0.06666666666666667,0.2
512,23,covariate,0.04151385516297645,280.8240856666667,399.99944196984245,0.03333333333333333,0.16666666666666666
512,24,covariate,0.04091634969231125,569.5868686666666,701.0426561480302,0.0,0.2
512,25,covariate,0.04385025346666904,530.1677693333335,788.2251447734723,0.03333333333333333,0.23333333333333334
512,26,covariate,0.03998633005028306,362.68213533333335,484.7468548458635,0.03333333333333333,0.2
512,27,covariate,0.044674757851509456,525.8441123333334,735.7836206779256,0.06666666666666667,0.13333333333333333
512,28,covariate,0.03550554645497394,209.10157540000003,323.16910822290475,0.0,0.03333333333333333
512,29,covariate,0.03596161378235978,366.704335,457.93261459158316,0.1,0.06666666666666667
512,30,covariate,0.031021012711157047,152.5047305333333,201.965755566751,0.0,0.03333333333333333
512,31,covariate,0.03478723392104012,265.70693216666666,365.2990948200799,0.06666666666666667,0.13333333333333333
512,33,covariate,0.038728495550707044,429.20116699999994,539.3296899305434,0.06666666666666667,0.2
512,34,covariate,0.040118840212667074,490.8241200000001,608.2546335121851,0.03333333333333333,0.2
512,35,covariate,0.05261723640667085,757.4073076666666,941.6266663805252,0.0,0.3333333333333333
512,37,covariate,0.03822321136743241,397.3885032666667,461.16496697671846,0.03333333333333333,0.2
512,38,covariate,0.03893867507717871,314.69935366666675,398.38433946607626,0.03333333333333333,0.03333333333333333
512,39,covariate,0.04806519115390739,302.63178946666665,446.03080389098085,0.0,0.2
512,40,covariate,0.0409635630381992,247.4776724666667,309.16562799562433,0.13333333333333333,0.16666666666666666
512,42,covariate,0.0393116493135156,500.694119,657.6178739561652,0.06666666666666667,0.1
512,43,covariate,0.03960534653299049,334.81984399999993,416.75937145416447,0.0,0.13333333333333333
512,44,covariate,0.03430352860589369,226.1445676666667,300.80277684153464,0.03333333333333333,0.1
512,45,covariate,0.036544858036955834,274.726877,349.8646694008887,0.06666666666666667,0.13333333333333333
512,47,covariate,0.03633313793053734,382.5209446666666,443.31480631369874,0.03333333333333333,0.06666666666666667
512,48,covariate,0.034428280600699045,158.38031466666664,201.1178561611881,0.03333333333333333,0.06666666666666667
512,49,covariate,0.031011887962943893,356.9206786666668,435.78140042507783,0.03333333333333333,0.16666666666666666
512,50,covariate,0.05924872813452219,361.0311076666667,441.8651922754721,0.1,0.3
512,53,covariate,0.05154915746732789,380.9717434,487.72820258492595,0.03333333333333333,0.26666666666666666
512,54,covariate,0.03432893318836827,384.27085300000005,500.6089904853466,0.1,0.13333333333333333
512,55,covariate,0.04071934405724905,274.88458986666666,339.14607080617924,0.06666666666666667,0.2
512,56,covariate,0.029381215840654923,352.40936726666666,438.5053398002365,0.03333333333333333,0.1
512,57,covariate,0.03745970854352577,479.3124802000001,574.7937614865056,0.03333333333333333,0.16666666666666666
512,59,covariate,0.03876146637850399,276.5825464666667,347.10313648217726,0.06666666666666667,0.13333333333333333
512,60,covariate,0.045434069942425326,554.3763813333333,666.6933817684529,0.06666666666666667,0.3
512,61,covariate,0.06875150358371718,459.4485024333335,674.0374737365888,0.13333333333333333,0.3
512,62,covariate,0.03180997207693793,286.32078900000005,336.05055457328837,0.1,0.0
512,63,covariate,0.04177167520322733,431.4570294666666,571.873039382622,0.0,0.13333333333333333
512,64,covariate,0.035334372369577045,553.7595333333334,695.3038964111903,0.06666666666666667,0.13333333333333333
512,65,covariate,0.0335383310377107,231.6879173333333,301.52920952419765,0.03333333333333333,0.06666666666666667
512,66,covariate,0.03876690862897748,344.4596745333334,430.39441906402175,0.2,0.13333333333333333
512,67,covariate,0.04304795661569358,500.8810869999998,631.6280007620826,0.0,0.26666666666666666
512,68,covariate,0.05099906409724719,602.458854,732.8653256624851,0.16666666666666666,0.26666666666666666
512,69,covariate,0.030478753178684814,384.61137450000007,490.7666355457533,0.06666666666666667,0.1
512,70,covariate,0.04921819924031621,473.5335096666667,555.0130625381557,0.06666666666666667,0.3
512,71,covariate,0.044252871815481966,525.9592073333333,661.1899007739524,0.03333333333333333,0.16666666666666666
512,73,covariate,0.03304968471910085,191.45619203333337,267.9921621195394,0.0,0.13333333333333333
512,74,covariate,0.03373261720279982,260.9710752666667,334.87769213596874,0.13333333333333333,0.06666666666666667
512,75,covariate,0.04414705257187589,407.5455306466666,480.5397902657153,0.16666666666666666,0.16666666666666666
512,77,covariate,0.03585547922803289,392.4684573333333,490.8823191470442,0.03333333333333333,0.13333333333333333
512,78,covariate,0.057508665332347414,283.33620033333335,373.7488759776547,0.03333333333333333,0.23333333333333334
512,79,covariate,0.03879461960256569,324.65712266666674,389.38963935722546,0.0,0.3
512,80,covariate,0.03499542322747346,384.23925766666673,481.70010244686466,0.06666666666666667,0.16666666666666666
512,82,covariate,0.04035759668018538,454.3737478,629.1221227642287,0.0,0.16666666666666666
512,83,covariate,0.041329753933010784,208.5940366666666,252.94585743963074,0.13333333333333333,0.03333333333333333
512,84,covariate,0.03358559481031893,562.9482489999999,739.4812480509514,0.06666666666666667,0.06666666666666667
512,85,covariate,0.04251282765331261,489.0580833333333,591.1069621840712,0.13333333333333333,0.3333333333333333
512,86,covariate,0.04237325103077765,252.94973115000002,312.54838458081554,0.06666666666666667,0.13333333333333333
512,87,covariate,0.03402561092702485,288.79364069999997,343.0104916325296,0.06666666666666667,0.13333333333333333
512,88,covariate,0.03689492506676286,309.98652080000005,398.7693286339274,0.03333333333333333,0.2
512,90,covariate,0.03459365301090996,420.10036066666663,505.81860530048607,0.1,0.1
512,91,covariate,0.05463131124878676,341.79125433333337,468.79523408740476,0.03333333333333333,0.16666666666666666
512,92,covariate,0.0407360142615703,369.13530533333335,432.15046819463157,0.06666666666666667,0.16666666666666666
512,93,covariate,0.04607649424430498,336.8602198666666,476.5210828770089,0.03333333333333333,0.2
512,94,covariate,0.03714634835886656,358.88553333333334,479.5253121086894,0.03333333333333333,0.13333333333333333
512,95,covariate,0.0358093005433333,304.707365,451.2238960797752,0.03333333333333333,0.13333333333333333
512,96,covariate,0.056628150529139325,394.57818598,504.8244327280089,0.06666666666666667,0.26666666666666666
512,97,covariate,0.03748024229172894,359.45934399999993,446.64174873945734,0.03333333333333333,0.2
512,98,covariate,0.044596748441355666,344.44419966666663,427.3036332024398,0.1,0.16666666666666666
512,101,covariate,0.05175817455381482,576.6575483333334,728.2514181439999,0.0,0.4
512,102,covariate,0.05788114596669214,493.8533429333333,773.9126302891053,0.0,0.2
512,103,covariate,0.028975559013411343,185.26874503333332,234.4470649606401,0.03333333333333333,0.13333333333333333
512,104,covariate,0.03698338386185565,540.6308543333332,646.5931153052597,0.03333333333333333,0.23333333333333334
512,105,covariate,0.050434912846582795,338.0211183566667,458.71694284805693,0.1,0.13333333333333333
512,106,covariate,0.04398528069032851,512.6777846666666,647.645166909671,0.03333333333333333,0.3
512,107,covariate,0.0302497632435358,339.8718406666666,400.1155602737164,0.03333333333333333,0.1
512,109,covariate,0.037520330389577,330.46916516666664,436.7247676756074,0.03333333333333333,0.23333333333333334
512,110,covariate,0.03195447367985172,213.5377987666667,266.08194217838104,0.06666666666666667,0.03333333333333333
512,111,covariate,0.040187474882699296,418.29483459999994,479.745280875092,0.03333333333333333,0.2
512,112,covariate,0.04823477772494386,433.9335421,525.36168561054,0.1,0.3333333333333333
512,114,covariate,0.038854065946152046,285.4548946666667,353.20001406310746,0.06666666666666667,0.13333333333333333
512,116,covariate,0.028605624995203725,272.65865151666674,340.3611769807629,0.06666666666666667,0.1
512,117,covariate,0.04101968705157107,202.43499666666668,262.3772093980078,0.03333333333333333,0.1
512,118,covariate,0.03752105836588671,445.02961999999997,574.6613243277241,0.0,0.16666666666666666
512,119,covariate,0.03212943510944572,269.48821493333327,319.45792614072036,0.0,0.1
512,120,covariate,0.03908144337173943,379.66514033333345,504.24735155421644,0.0,0.16666666666666666
512,121,covariate,0.031272341790128354,175.49134499999997,208.39360852231982,0.0,0.1
512,122,covariate,0.04019600628666891,527.53393,715.0601631859688,0.13333333333333333,0.16666666666666666
512,123,covariate,0.0387274202400996,410.1770553333333,541.1294201529358,0.0,0.16666666666666666
512,124,covariate,0.04404747646580793,251.75383659999997,339.45112010964044,0.03333333333333333,0.13333333333333333
512,125,covariate,0.03713181560364899,609.6942999999999,842.8359353467747,0.03333333333333333,0.13333333333333333
512,126,covariate,0.05299628634077875,391.43903236666665,482.6040993023921,0.06666666666666667,0.2
512,128,covariate,0.033854209881352675,417.3119033333333,496.9267844374873,0.06666666666666667,0.1
512,130,covariate,0.039516888504644125,259.5485733333334,341.341235313433,0.16666666666666666,0.03333333333333333
512,131,covariate,0.0401876378825658,275.9130746999999,336.2671167038965,0.0,0.06666666666666667
512,133,covariate,0.03161663720922026,248.3728786666667,320.81290882146226,0.0,0.03333333333333333
512,134,covariate,0.039621895413206466,246.3468307333333,300.6816084929392,0.03333333333333333,0.26666666666666666
512,135,covariate,0.04181494512532729,366.7955326666668,435.52927195692945,0.13333333333333333,0.13333333333333333
512,138,covariate,0.037288638049735104,398.8093327666667,514.8135816620046,0.03333333333333333,0.16666666666666666
512,140,covariate,0.034097996637003025,351.4841166666665,455.3379825993651,0.1,0.1
512,141,covariate,0.03937031849099118,318.37140233333326,400.5674658752603,0.1,0.06666666666666667
512,142,covariate,0.03794417141148184,215.03438363333325,278.2763733882782,0.03333333333333333,0.13333333333333333
512,143,covariate,0.035753726031800624,319.1437001333333,409.51448875728175,0.0,0.2
512,146,covariate,0.03877119408586446,432.45144666666664,540.6862653199596,0.06666666666666667,0.13333333333333333
512,147,covariate,0.04041509464642313,486.886981,562.7702090198087,0.06666666666666667,0.16666666666666666
512,148,covariate,0.026027575335691014,305.0350383333334,384.0349628145008,0.0,0.06666666666666667
512,150,covariate,0.04567080131918091,609.5650656666668,681.5521054556966,0.03333333333333333,0.3333333333333333
512,151,covariate,0.0340887159475669,351.5638506666666,436.0510786840946,0.0,0.06666666666666667
512,152,covariate,0.03711520598539352,277.3668473,338.817740876735,0.0,0.13333333333333333
512,153,covariate,0.045911899750376295,352.6045477999999,531.1225453223691,0.0,0.1
512,154,covariate,0.0390107405697711,497.6701416666668,601.7388386407166,0.1,0.2
512,156,covariate,0.038650119546830904,365.2810994666667,438.36534544033367,0.0,0.2
512,157,covariate,0.03214413540421907,454.8601123999999,554.6553824922788,0.03333333333333333,0.13333333333333333
512,158,covariate,0.04340714073172786,504.7382360000001,639.7370231291443,0.06666666666666667,0.36666666666666664
512,160,covariate,0.03389105229481508,271.30742366666664,341.8083506251116,0.1,0.1
512,161,covariate,0.036426133587135645,387.4976920000001,446.9045971172841,0.1,0.13333333333333333
512,162,covariate,0.04439218200974943,479.13606733333324,609.7082712222174,0.0,0.23333333333333334
512,163,covariate,0.03050956891198057,280.5060624999999,325.71465071952645,0.0,0.13333333333333333
512,166,covariate,0.04284180020675415,306.3853756666666,413.31760531044586,0.1,0.16666666666666666
512,167,covariate,0.035286493654244626,477.32167266666653,594.1227860387357,0.0,0.1
512,168,covariate,0.046854745790365304,496.7462058333333,652.8989993407905,0.0,0.23333333333333334
512,169,covariate,0.04678105387350374,357.82093850000007,468.7114046986048,0.06666666666666667,0.1
512,170,covariate,0.043600795518206864,245.34885099999994,310.1070985024627,0.0,0.1
512,171,covariate,0.03269578722030893,350.47663366666654,404.3370272887705,0.0,0.06666666666666667
512,173,covariate,0.04826016638443103,498.32305450000007,671.9500028550286,0.0,0.3
512,175,covariate,0.04141170155865167,371.6118366666667,435.977400429297,0.0,0.23333333333333334
512,176,covariate,0.04096914426620703,267.51612933333337,354.9126803304275,0.0,0.13333333333333333
512,177,covariate,0.05257403229774094,253.09464333333338,342.24406056232993,0.2,0.06666666666666667
512,178,covariate,0.02680374346653457,387.4491676666667,465.3725590778761,0.0,0.1
512,179,covariate,0.0377571098798975,358.4448170000001,490.5665258590587,0.0,0.06666666666666667
512,180,covariate,0.049911664484257455,493.5878446666666,658.7326107249221,0.03333333333333333,0.23333333333333334
512,182,covariate,0.03901347637171139,303.1405629999999,396.32777695138725,0.06666666666666667,0.06666666666666667
512,184,covariate,0.03635240283908179,333.0162434666667,406.1782275536195,0.06666666666666667,0.13333333333333333
512,185,covariate,0.049150834842743414,412.1619207000002,556.9127161222217,0.03333333333333333,0.23333333333333334
512,187,covariate,0.04383482623525159,396.49038466666667,471.1759270651355,0.0,0.3
512,188,covariate,0.05537091219678269,445.6927376666668,531.6102240171753,0.2,0.13333333333333333
512,189,covariate,0.03535495713698444,409.91213266666654,534.1655990582005,0.1,0.16666666666666666
512,193,covariate,0.03185585317369553,237.53936433333345,284.3876416727102,0.03333333333333333,0.0
512,194,covariate,0.04224850320024428,300.5064052333333,376.3227952335531,0.06666666666666667,0.26666666666666666
512,195,covariate,0.03181271102699223,458.17681846666653,576.0452397773154,0.03333333333333333,0.06666666666666667
512,196,covariate,0.035309485028225104,249.4154269666666,308.7001277437756,0.0,0.1
512,197,covariate,0.04315661484972722,409.6200816666666,519.7180924918006,0.06666666666666667,0.2
512,198,covariate,0.041958042649508955,152.20603662066662,212.3496927818789,0.03333333333333333,0.13333333333333333
512,199,covariate,0.031426109633223225,368.79109200000005,461.5969863195878,0.03333333333333333,0.13333333333333333
512,200,covariate,0.041160078857192715,379.9274676666666,554.4335999674176,0.06666666666666667,0.1
512,201,covariate,0.035314442749000356,289.1452023333334,348.4818115988207,0.1,0.06666666666666667
512,202,covariate,0.02976848643378464,275.7793348333334,344.08266712812116,0.1,0.06666666666666667
512,203,covariate,0.04073994615877399,393.66219511333327,499.8720372925423,0.03333333333333333,0.2
512,205,covariate,0.042257445135407544,395.71640166666657,478.14772585916904,0.03333333333333333,0.23333333333333334
512,206,covariate,0.040775545074065896,451.8379896666667,533.226372840588,0.03333333333333333,0.1
512,207,covariate,0.03967382369964348,625.705714,774.4184877278889,0.0,0.23333333333333334
512,208,covariate,0.05190045043476076,234.7027986666667,273.6632465687187,0.06666666666666667,0.26666666666666666
512,209,covariate,0.03480286840987252,337.5410233333334,448.9702977452359,0.2,0.03333333333333333
512,210,covariate,0.045905532527231195,192.47342546666667,251.13172244914594,0.1,0.13333333333333333
512,211,covariate,0.034682066622972824,698.4548499999995,854.3714351431272,0.03333333333333333,0.16666666666666666
512,212,covariate,0.037417278139780435,244.56773199999995,307.8776667547231,0.03333333333333333,0.06666666666666667
512,213,covariate,0.0422508508624854,496.8081486666667,603.1745943246203,0.0,0.26666666666666666
512,214,covariate,0.0314817200309609,369.3434993333334,490.6470862098222,0.03333333333333333,0.1
512,216,covariate,0.04021382206552226,358.6362965333334,476.53364477425833,0.06666666666666667,0.1
512,217,covariate,0.04111563945314479,268.36490299999997,377.6543057299305,0.1,0.1
512,219,covariate,0.04548540784564568,197.984083,238.08898795063098,0.1,0.23333333333333334
512,220,covariate,0.07622959662315991,406.74997799999994,705.3486414526693,0.06666666666666667,0.16666666666666666
512,221,covariate,0.04025595943019782,355.1955436,463.20618227428054,0.0,0.26666666666666666
512,222,covariate,0.0342022530130607,231.93104799999995,294.9741466294785,0.03333333333333333,0.06666666666666667
512,223,covariate,0.043262808046236105,423.6460030000001,531.1927438003763,0.0,0.13333333333333333
512,224,covariate,0.034700163175459604,365.3253563333334,458.14435746182653,0.16666666666666666,0.03333333333333333
512,225,covariate,0.05191506150582007,402.31656933333323,500.9938581112809,0.03333333333333333,0.23333333333333334
512,226,covariate,0.035158993084227715,325.60174166666667,408.300794114333,0.06666666666666667,0.16666666666666666
512,227,covariate,0.039844347214411845,345.0917043,413.47975807864486,0.13333333333333333,0.1
512,228,covariate,0.03421121417887609,397.15826,500.4060325673824,0.13333333333333333,0.1
512,229,covariate,0.043752882153569234,556.3661006666666,705.2489380650625,0.1,0.16666666666666666
512,230,covariate,0.03424579724798335,369.52428733333335,479.5979585336226,0.06666666666666667,0.1
512,232,covariate,0.04120146360027708,248.8051066,288.7668204817629,0.06666666666666667,0.16666666666666666
512,233,covariate,0.04016084095603134,507.8889772666667,682.1366445685753,0.03333333333333333,0.26666666666666666
512,234,covariate,0.04458898996691158,585.7300717666668,795.1428496769854,0.0,0.13333333333333333
512,235,covariate,0.03405345324032357,243.9127736666666,305.82379425177083,0.0,0.06666666666666667
512,236,covariate,0.02847040284917403,301.07744500000007,372.25687239331194,0.0,0.06666666666666667
512,237,covariate,0.03970783329550411,240.2407248266667,316.2772180172425,0.03333333333333333,0.23333333333333334
512,238,covariate,0.045074155699166396,416.85451500000005,632.1629611724904,0.06666666666666667,0.06666666666666667
512,239,covariate,0.036744482031960624,261.23475566666673,325.75047020194546,0.03333333333333333,0.1
512,240,covariate,0.025630623185688026,153.6943605333334,199.02757985840964,0.0,0.03333333333333333
512,241,covariate,0.034951443327521266,294.33526893333334,376.32897340469435,0.0,0.1
512,242,covariate,0.04318101635004341,235.66717900000003,306.2150000062714,0.1,0.1
512,244,covariate,0.04811906402749073,302.48639952333326,433.161930371334,0.06666666666666667,0.1
512,245,covariate,0.027482595236401754,393.30256133333336,451.84945392781054,0.0,0.1
512,246,covariate,0.043919136293623436,429.25714,541.9961998737009,0.03333333333333333,0.26666666666666666
512,247,covariate,0.031243178920373583,351.91176249999995,456.829484574007,0.03333333333333333,0.06666666666666667
512,248,covariate,0.03180319872179783,347.7323009666667,480.2420107337837,0.1,0.03333333333333333
512,249,covariate,0.036495837910506625,263.24162233333334,344.2250003774893,0.03333333333333333,0.16666666666666666
512,250,covariate,0.042255739397867316,500.3925213333333,687.5105328395714,0.0,0.16666666666666666
512,251,covariate,0.03196525863560525,819.7355186666665,994.2793075200952,0.16666666666666666,0.03333333333333333
512,252,covariate,0.03498219015799254,491.88560366666667,623.865184693365,0.03333333333333333,0.13333333333333333
512,253,covariate,0.04508166848587278,307.0166540333332,460.0048505103997,0.03333333333333333,0.1
512,254,covariate,0.05015786582415358,212.48549066666666,268.82640569778806,0.13333333333333333,0.13333333333333333
512,255,covariate,0.04680450865680924,374.95919933333334,507.46525554663725,0.0,0.26666666666666666
512,256,covariate,0.04483582712408032,491.0165406666665,621.3513222762957,0.03333333333333333,0.1
512,257,covariate,0.05220887266529144,342.8017233333333,448.455613322787,0.03333333333333333,0.3
512,259,covariate,0.05352058173087965,1039.8905666666662,1301.6191740382374,0.43333333333333335,0.0
512,260,covariate,0.025174707669384302,225.27119129999997,271.06362372044697,0.1,0.1
512,261,covariate,0.0339352700785455,557.0125423333334,667.0932013663726,0.0,0.16666666666666666
512,262,covariate,0.04385040842871338,1435.5829333333334,1637.4188382824352,0.1,0.6333333333333333
512,264,covariate,0.03989283374539774,407.23254633333335,465.39161994208547,0.03333333333333333,0.16666666666666666
512,265,covariate,0.03971269878299256,301.49845849999997,375.89300605472397,0.06666666666666667,0.1
512,266,covariate,0.03191609539632188,168.09587306333333,219.55970275820135,0.0,0.13333333333333333
512,267,covariate,0.03401109478160037,498.0790579999999,583.7761952380571,0.06666666666666667,0.13333333333333333
512,268,covariate,0.04001026631189281,248.02798753333337,352.8067552177123,0.03333333333333333,0.03333333333333333
512,269,covariate,0.04574326415639754,435.0467545833333,614.7481953022955,0.03333333333333333,0.06666666666666667
512,270,covariate,0.028941095156552483,425.96037400000006,492.01979705589855,0.0,0.23333333333333334
512,271,covariate,0.05275894446098215,532.2507196666667,726.3404150274687,0.1,0.13333333333333333
512,272,covariate,0.04437023493130071,378.40583133333337,488.6820927388973,0.06666666666666667,0.2
512,273,covariate,0.03957965241582493,420.30517733333335,503.28403356651927,0.03333333333333333,0.16666666666666666
512,274,covariate,0.04594246768304133,380.66088999999994,516.57453205018,0.2,0.0
512,276,covariate,0.03864146354270064,193.26001200000002,256.0349622441895,0.03333333333333333,0.1
512,278,covariate,0.04051739510633955,435.8730623333333,518.4764894371154,0.06666666666666667,0.23333333333333334
512,280,covariate,0.04009326375821204,372.3184076666668,473.6026623934675,0.06666666666666667,0.1
512,281,covariate,0.0433556087455266,383.94474666666673,457.8275146846157,0.1,0.16666666666666666
512,282,covariate,0.03539200027478615,206.3646982333333,260.3619897139715,0.0,0.13333333333333333
512,285,covariate,0.03744132519421364,307.84686616666664,365.61166231185547,0.1,0.2
512,286,covariate,0.04132080266967668,194.09198583333333,252.47037815576675,0.0,0.03333333333333333
512,289,covariate,0.029357674012802776,246.0544571,302.4456432337795,0.1,0.06666666666666667
512,290,covariate,0.04314949156670175,417.5317150000001,505.43756818193634,0.0,0.2
512,291,covariate,0.03571714111250094,397.7357283333332,474.4745250889075,0.0,0.23333333333333334
512,292,covariate,1.8056933988979196,2573.391389,2735.6811710626184,0.0,0.0
512,293,covariate,0.036086536611074416,306.6097255666666,370.0807156141107,0.06666666666666667,0.1
512,294,covariate,0.03605836955206218,320.33816353333333,408.942336601747,0.03333333333333333,0.16666666666666666
512,295,covariate,0.046609814141586735,421.9422341,487.16144568897874,0.26666666666666666,0.03333333333333333
512,296,covariate,0.036798991371110736,378.1349243333333,449.3162968365125,0.0,0.3333333333333333
512,297,covariate,0.030993288921658802,347.5342739999999,400.41282656825246,0.03333333333333333,0.03333333333333333
512,299,covariate,0.0351400952746219,492.6492433333334,617.7671946825506,0.03333333333333333,0.26666666666666666
512,300,covariate,0.045636357402647675,481.5751213333332,628.3586846584706,0.2,0.06666666666666667
512,301,covariate,0.03376584697518176,263.69354209999995,322.2413224223973,0.0,0.13333333333333333
512,302,covariate,0.05391154308146772,297.2016306666667,347.63501829157997,0.1,0.23333333333333334
512,303,covariate,0.042901165238575005,359.61946733333326,466.08383176280535,0.0,0.1
512,304,covariate,0.03579036152984127,345.5202676266666,437.4820962759174,0.03333333333333333,0.06666666666666667
512,305,covariate,0.031766754316117814,273.05546933333335,339.0468459525114,0.0,0.1
512,307,covariate,0.03902072704313225,143.15995919999997,183.2476074150221,0.0,0.06666666666666667
512,308,covariate,0.0463688744106196,540.2496466666668,664.9494038437306,0.03333333333333333,0.3333333333333333
512,309,covariate,0.03363581137302069,326.3081688933333,385.7866265504937,0.0,0.16666666666666666
512,310,covariate,0.02980393817683145,418.4614800000001,531.3934528721101,0.03333333333333333,0.2
512,311,covariate,0.037827006000301706,390.097014,459.18175593594077,0.03333333333333333,0.13333333333333333
512,312,covariate,0.03407487260987297,273.6072682916667,343.3996936664627,0.06666666666666667,0.16666666666666666
512,313,covariate,0.04299433062400481,403.0309476666665,567.502063568651,0.0,0.2
512,314,covariate,0.033116180599469885,246.4322916,291.72774991384443,0.06666666666666667,0.1
512,315,covariate,0.03704101788237265,213.80994676666663,293.0800431188901,0.06666666666666667,0.06666666666666667
512,316,covariate,0.03353215499899167,429.45529133333343,566.6642184183438,0.0,0.1
512,318,covariate,0.046016829993872015,435.86841240000007,576.7925682023119,0.0,0.23333333333333334
512,319,covariate,0.04082381829074972,419.4149471666666,537.3889001260322,0.03333333333333333,0.16666666666666666
512,320,covariate,0.041981271217573,915.7330380833336,1123.2744736393543,0.03333333333333333,0.3
512,321,covariate,0.033097664936015646,276.0315617333334,372.8465680504124,0.06666666666666667,0.06666666666666667
512,322,covariate,0.051643986177152684,339.08812300000005,470.1785408614894,0.03333333333333333,0.23333333333333334
512,323,covariate,0.03605825567486747,391.0157733333333,492.54911088128915,0.06666666666666667,0.13333333333333333
512,324,covariate,0.05418345484907417,365.3795777333334,509.49511116791524,0.1,0.1
512,325,covariate,0.04191346124339957,338.33874373333333,444.5404817529464,0.03333333333333333,0.16666666666666666
512,326,covariate,0.03726314843419842,314.5299251666667,379.25931795085575,0.06666666666666667,0.2
512,327,covariate,0.036820759739414566,382.35476566666665,508.8295246276445,0.1,0.1
512,328,covariate,0.03733949050169579,231.3973110000001,279.28253804839807,0.06666666666666667,0.16666666666666666
512,329,covariate,0.0418000712974143,368.13524512,482.9927429995202,0.06666666666666667,0.13333333333333333
512,330,covariate,0.06570107099360349,332.76165899999995,413.3921480023833,0.0,0.36666666666666664
512,331,covariate,0.03661798687007683,257.23337366666664,379.4824730672268,0.1,0.06666666666666667
512,332,covariate,0.03766714363980927,185.47269071333332,225.67311488475843,0.06666666666666667,0.16666666666666666
512,333,covariate,0.047354604361017405,668.8856569999999,806.9744478149195,0.03333333333333333,0.36666666666666664
512,334,covariate,0.04699632143224153,327.79061766666666,394.2367417221062,0.0,0.26666666666666666
512,335,covariate,0.04473787476306898,957.2164,1177.7668638517273,0.2,0.1
512,336,covariate,0.03165194593968867,653.5763804366668,757.1391213399569,0.0,0.23333333333333334
512,337,covariate,0.035556856881560066,284.36375466666664,338.1928128222827,0.13333333333333333,0.1
512,338,covariate,0.04494928051752429,437.602853,516.9889965823143,0.16666666666666666,0.2
512,339,covariate,0.03723956463167991,288.7756309333334,344.9575820086181,0.13333333333333333,0.13333333333333333
512,340,covariate,0.04141404956022964,386.7551853333333,485.28522890518235,0.0,0.16666666666666666
512,341,covariate,0.036647519286843525,272.50185580000004,349.7611136743718,0.0,0.13333333333333333
512,343,covariate,0.0393250437599617,394.2114133333333,520.1020678740045,0.0,0.13333333333333333
512,344,covariate,0.03817504834420367,516.9902023333333,650.3928392337024,0.1,0.06666666666666667
512,346,covariate,0.031236803313900875,302.8183236666667,400.01445986300945,0.06666666666666667,0.1
512,347,covariate,0.0349263311992434,262.63398100000006,337.6570219811405,0.0,0.13333333333333333
512,349,covariate,0.0253552242130472,293.8398556666668,372.9330229744104,0.03333333333333333,0.13333333333333333
512,350,covariate,0.03993999370394073,418.9578169333333,487.17030720074797,0.0,0.13333333333333333
512,351,covariate,0.038655532253600605,322.5679221666666,411.97047118260446,0.03333333333333333,0.16666666666666666
512,352,covariate,0.03579490653170347,348.320846,415.2771791902134,0.16666666666666666,0.1
512,353,covariate,0.04829520761237086,479.71333666666663,620.7692236523073,0.3333333333333333,0.03333333333333333
512,354,covariate,0.03870505137323056,425.50921766666664,547.9470907761848,0.03333333333333333,0.1
512,355,covariate,0.031202663612753284,376.6755639666668,540.8944551995928,0.0,0.1
512,356,covariate,0.0395142165426172,345.2349788000001,447.32690549752186,0.16666666666666666,0.16666666666666666
512,357,covariate,0.03315743523923228,407.8152469999999,480.26962464522063,0.1,0.13333333333333333
512,358,covariate,0.03556982633935081,491.8235856666666,590.9211883916531,0.0,0.2
512,359,covariate,0.039512904998749564,388.8310888666666,450.5749794740254,0.06666666666666667,0.26666666666666666
512,360,covariate,0.04226341343032151,402.10618133333344,515.4902009242813,0.06666666666666667,0.1
512,361,covariate,0.05174298806293945,448.13794833333327,595.8456971555521,0.06666666666666667,0.23333333333333334
512,362,covariate,0.034270666680344085,435.5109269999999,565.6151282297787,0.13333333333333333,0.06666666666666667
512,363,covariate,0.040348541903659586,432.72341,537.8444449760409,0.03333333333333333,0.3
512,364,covariate,0.0429774486073867,326.5532674,405.3080125512724,0.1,0.13333333333333333
512,366,covariate,0.04006813418974296,319.4473591666667,452.5366854417323,0.03333333333333333,0.2
512,367,covariate,0.04183395016765077,345.4485926666667,409.63723463650894,0.0,0.2
512,368,covariate,0.04401803853229045,597.2450216666664,833.5012058082535,0.0,0.2
512,369,covariate,0.0354925737342351,347.50873033333335,411.72231435986566,0.16666666666666666,0.1
512,370,covariate,0.04223947080867244,485.4223346666667,563.2613493598238,0.03333333333333333,0.16666666666666666
512,371,covariate,0.04069887366223335,390.41655403333334,489.7731630218978,0.0,0.3
512,372,covariate,0.04121021661999607,517.3179626666666,645.7637728587661,0.1,0.2
512,373,covariate,0.030100091812898678,187.0489414666667,246.73858282009556,0.06666666666666667,0.1
512,374,covariate,0.03534774246882653,341.2331105000001,430.5747203892817,0.0,0.16666666666666666
512,375,covariate,0.038657765978436405,492.59296149999994,637.0992469359825,0.0,0.23333333333333334
512,376,covariate,0.03346022398819307,361.22585533333336,470.10113522824605,0.0,0.1
512,377,covariate,0.0487698062893994,537.8742840999998,822.0840891042374,0.0,0.16666666666666666
512,378,covariate,0.04035548213200436,394.1757146666667,473.5750280554139,0.16666666666666666,0.13333333333333333
512,379,covariate,0.03804157525242031,220.79693033333336,286.10827519885413,0.03333333333333333,0.1
512,380,covariate,0.03639353478154693,695.8769433333338,855.1163671247738,0.06666666666666667,0.1
512,381,covariate,0.027946902583996795,331.7042374666666,430.9636352701858,0.0,0.16666666666666666
512,382,covariate,0.03086463048556295,330.29538091,443.9138493530306,0.06666666666666667,0.06666666666666667
512,383,covariate,0.036000464226086985,918.5951432299997,1074.0469826747874,0.16666666666666666,0.16666666666666666
512,384,covariate,0.03324255590046961,435.733097,539.8800550833926,0.06666666666666667,0.06666666666666667
512,386,covariate,0.046819114991577294,437.2374221999999,583.384737518984,0.0,0.16666666666666666
512,387,covariate,0.05112828617007126,644.4082655333333,889.4609240518147,0.03333333333333333,0.2
512,388,covariate,0.03115906186943042,426.27687800000007,518.7156316266736,0.03333333333333333,0.03333333333333333
512,389,covariate,0.0339875558441696,506.03368620000003,655.4507732541704,0.06666666666666667,0.2
512,390,covariate,0.037637894244561224,587.7941109999997,783.8875464478659,0.0,0.1
512,391,covariate,0.04332421045174454,308.2221627333334,410.8262066382248,0.03333333333333333,0.1
512,392,covariate,0.03789373027316623,335.7993349999998,426.90131907133633,0.03333333333333333,0.03333333333333333
512,393,covariate,0.04647531748427641,373.23607733333324,480.4256795373376,0.13333333333333333,0.26666666666666666
512,394,covariate,0.03175280022210289,390.72382666666664,494.06138830025697,0.13333333333333333,0.1
512,395,covariate,0.05206639022376095,278.3666343333333,332.7377519054232,0.06666666666666667,0.3
512,396,covariate,0.04283498931829047,606.4339983333333,768.1068666160935,0.0,0.3333333333333333
512,397,covariate,0.038057729648327404,310.06603233333334,391.41309285298195,0.13333333333333333,0.1
512,398,covariate,0.051704780529407794,392.13136143333344,503.59551824045917,0.1,0.16666666666666666
512,400,covariate,0.033494027808674456,380.3775826666666,487.1775184042212,0.06666666666666667,0.06666666666666667
512,401,covariate,0.04527773174516415,442.8194153333334,568.0052316100131,0.03333333333333333,0.26666666666666666
512,402,covariate,0.0451504855525259,365.6928773333335,460.44483302346623,0.0,0.16666666666666666
512,403,covariate,0.040927443960379555,405.6074343333333,557.9099607689584,0.1,0.13333333333333333
512,404,covariate,0.037113038655366214,267.3974460666666,350.77018522988266,0.03333333333333333,0.16666666666666666
512,405,covariate,0.04726860476576408,280.8608288000001,364.43462387550017,0.0,0.2
512,406,covariate,0.028114465301165934,282.73804153333333,389.30469289626956,0.1,0.03333333333333333
512,408,covariate,0.04379927983737409,309.755425,396.30264942366347,0.2,0.13333333333333333
512,409,covariate,0.05213533320159189,456.7545666666666,593.8869150274405,0.03333333333333333,0.26666666666666666
512,410,covariate,0.0381165696814365,335.33420933333326,413.91255331554055,0.0,0.16666666666666666
512,411,covariate,0.02844657679234612,356.49070366666666,478.3385281295474,0.0,0.06666666666666667
512,414,covariate,0.03281896048448525,295.15939473333333,375.2839564357199,0.1,0.0
512,415,covariate,0.03067408402273879,285.9714901666667,355.77958625628713,0.03333333333333333,0.13333333333333333
512,416,covariate,0.03443109328579504,559.2232273333335,682.482180417449,0.0,0.16666666666666666
512,417,covariate,0.040210762383966765,362.03965366666677,456.9446650895001,0.03333333333333333,0.03333333333333333
512,418,covariate,0.040306463935673886,270.6978629666667,369.0193106638448,0.06666666666666667,0.1
512,419,covariate,0.040983813106064866,288.01689433333337,413.54476669348657,0.03333333333333333,0.13333333333333333
512,421,covariate,0.04545337274274525,693.3395453333335,834.2829451119343,0.1,0.3
512,422,covariate,0.04101047656268514,259.87689900000004,315.26119402133423,0.1,0.23333333333333334
512,423,covariate,0.028693031294483657,517.9605666666665,693.3544393249144,0.1,0.03333333333333333
512,424,covariate,0.03787005242025367,363.12474439999994,486.94627870580456,0.0,0.06666666666666667
512,425,covariate,0.05081351206591287,229.1648094833334,272.36459610804917,0.13333333333333333,0.16666666666666666
512,426,covariate,0.0300089495365044,191.35178686666669,236.65869759655627,0.03333333333333333,0.03333333333333333
512,431,covariate,0.037979041730546184,491.0114729999999,676.5933742806417,0.06666666666666667,0.1
512,432,covariate,0.0355661349321407,594.4775463333332,701.8168304165326,0.1,0.16666666666666666
512,433,covariate,0.03328554248186626,303.81933000000004,399.51985174477664,0.0,0.26666666666666666
512,435,covariate,0.034976031485698035,139.95234953333335,176.50450779797038,0.06666666666666667,0.06666666666666667
512,436,covariate,0.03305648895945365,242.3086013333333,315.920119740796,0.03333333333333333,0.13333333333333333
512,437,covariate,0.0485471186616605,508.9574776666667,615.0611331059365,0.03333333333333333,0.1
512,438,covariate,0.03789563740684112,306.18047300000006,363.26891117087587,0.03333333333333333,0.06666666666666667
512,439,covariate,0.03345048639813968,326.3818636666667,394.3538376002258,0.03333333333333333,0.06666666666666667
512,440,covariate,0.04634853846103484,374.8934356666667,433.478014649768,0.16666666666666666,0.06666666666666667
512,441,covariate,0.041351698738721125,368.60841733333325,456.5995846344123,0.0,0.2
512,442,covariate,0.044123492110684254,294.52817306666657,372.5926891318427,0.06666666666666667,0.16666666666666666
512,443,covariate,0.03918515516865917,278.22376533333335,357.77808367059737,0.0,0.13333333333333333
512,444,covariate,0.037603686048683575,584.3428109999999,776.6384528590369,0.03333333333333333,0.2
512,445,covariate,0.05840637400547021,708.0167986666667,851.9328073485879,0.23333333333333334,0.16666666666666666
512,446,covariate,0.041449159310396645,237.4852498966667,375.20192248192023,0.03333333333333333,0.06666666666666667
512,447,covariate,0.028937393003211766,182.98042883333332,268.07562838619384,0.0,0.1
512,448,covariate,0.04244874153023568,485.9454543333334,598.6150559702454,0.1,0.2
512,449,covariate,0.03850517684940399,538.8801243333334,706.7793582865718,0.06666666666666667,0.1
512,450,covariate,0.04969568002738728,675.0488686666666,816.9886987841999,0.2,0.16666666666666666
512,451,covariate,0.037533349454169015,305.62425633333334,367.284393468855,0.16666666666666666,0.06666666666666667
512,452,covariate,0.040450837315926164,275.90073519999993,351.0403119240499,0.1,0.03333333333333333
512,453,covariate,0.03178515182627548,554.5312166666666,697.056713556125,0.16666666666666666,0.16666666666666666
512,454,covariate,0.05222036796462506,418.4825602000001,528.6943200582643,0.0,0.3
512,455,covariate,0.05990825802886903,636.7408361666669,821.8360618416659,0.06666666666666667,0.23333333333333334
512,456,covariate,0.04034787625465465,295.53327793333324,405.65121858064174,0.0,0.2
512,458,covariate,0.03650805310147729,395.89659100000006,510.6173595095748,0.03333333333333333,0.13333333333333333
512,459,covariate,0.04636435105989902,582.4143496666668,762.5295132101289,0.0,0.23333333333333334
512,460,covariate,0.04057001582790451,194.66307573333333,266.75803743738055,0.1,0.0
512,461,covariate,0.04311326324845763,259.9660704666667,363.45394672484645,0.03333333333333333,0.13333333333333333
512,462,covariate,0.041675309138172,285.3850396666667,315.96847547757375,0.06666666666666667,0.26666666666666666
512,463,covariate,0.03740898715792806,309.50489,353.2285875240217,0.1,0.03333333333333333
512,464,covariate,0.04328745178119523,640.2721665666667,793.7537008898513,0.03333333333333333,0.3
512,465,covariate,0.03749935781275996,486.42525666666654,538.7299498342877,0.06666666666666667,0.13333333333333333
512,466,covariate,0.04142225295415631,431.9271688,523.4673291675016,0.03333333333333333,0.13333333333333333
512,467,covariate,0.04306874384578691,795.7306609999998,964.7658452480434,0.1,0.26666666666666666
512,468,covariate,0.049906842957226416,445.4378448,577.9236018251253,0.13333333333333333,0.23333333333333334
512,469,covariate,0.04362558843955133,711.4859200000002,896.4586495267631,0.03333333333333333,0.2
512,470,covariate,0.032390737838843386,546.443556,639.0405231166081,0.03333333333333333,0.1
512,472,covariate,0.05089712308212794,373.8275207,506.2474778935794,0.0,0.3
512,473,covariate,0.0407025127053181,185.2786436666667,224.59978393119417,0.03333333333333333,0.1
512,474,covariate,0.03464953618383767,328.1005083333333,437.64422972125936,0.06666666666666667,0.06666666666666667
512,475,covariate,0.04037341654756106,338.9190741666665,419.3373344030234,0.06666666666666667,0.1
512,476,covariate,0.03714813086645898,294.088307,381.12573472902005,0.0,0.23333333333333334
512,478,covariate,0.035695548512308446,345.1229151199999,453.50074022827647,0.03333333333333333,0.1
512,479,covariate,0.046791954523273865,708.6844606666666,967.0853177627616,0.03333333333333333,0.26666666666666666
512,480,covariate,0.03274042373593396,197.49102756666662,265.7472473696977,0.06666666666666667,0.13333333333333333
512,481,covariate,0.052303165665367635,431.7432740000001,509.4631849986821,0.16666666666666666,0.26666666666666666
512,482,covariate,0.038772838891980514,415.76966106666663,529.6015460803366,0.0,0.2
512,483,covariate,0.046014394738710024,298.11596900000006,394.41854354038566,0.16666666666666666,0.1
512,484,covariate,0.04089858805375212,471.10897066666655,555.5495967846962,0.1,0.2
512,486,covariate,0.05558026320239597,319.3881951666666,400.27031736974453,0.0,0.3333333333333333
512,487,covariate,0.043368031320016265,432.3978965,562.8475276353577,0.03333333333333333,0.16666666666666666
512,488,covariate,0.047001692136370336,225.0930028333333,295.9499695703084,0.03333333333333333,0.2
512,489,covariate,0.03795692974752241,359.5106601666667,501.56730995004204,0.0,0.1
512,491,covariate,0.03443918694636143,331.36817799999994,437.66956847879163,0.06666666666666667,0.06666666666666667
512,493,covariate,0.03464553852155241,406.16139866666674,509.26881156371076,0.0,0.1
512,494,covariate,0.029108014847178214,349.86658,447.7386597585523,0.0,0.2
512,495,covariate,0.04105892354564555,327.2719312666667,400.7222832442611,0.1,0.16666666666666666
512,496,covariate,0.0406253538279441,433.9185084666667,543.3730335955222,0.03333333333333333,0.13333333333333333
512,497,covariate,0.03436749319121144,409.20834813333323,514.6500018246078,0.13333333333333333,0.13333333333333333
512,499,covariate,0.04562251233575037,361.66377966666647,436.1904877701297,0.3,0.06666666666666667
512,502,covariate,0.04278193083389611,597.81003,778.2325045560748,0.1,0.13333333333333333
512,503,covariate,0.040551467033295395,429.7504918333333,499.2933627705061,0.03333333333333333,0.2
512,504,covariate,0.04754974461468859,431.3882744999999,596.5905481253977,0.0,0.3
512,505,covariate,0.04294210950601199,266.4259653333333,366.2815149407584,0.1,0.1
512,506,covariate,0.04291005372266165,386.79799,582.8065331978042,0.03333333333333333,0.16666666666666666
512,507,covariate,0.03884378701801116,465.98836333333344,554.2941312040283,0.03333333333333333,0.1
512,508,covariate,0.04833738058029071,488.1901236666667,629.6553109736032,0.06666666666666667,0.16666666666666666
512,509,covariate,0.046569507809104356,379.2601641666667,483.17042236829235,0.03333333333333333,0.23333333333333334
512,510,covariate,0.03889756204561806,441.82536500000003,545.5018925841671,0.1,0.06666666666666667
512,511,covariate,0.041600693087754395,325.8570373333333,415.5315513601728,0.1,0.2
512,513,covariate,0.03234515897611164,737.7403366666666,933.4593948103823,0.03333333333333333,0.16666666666666666
512,515,covariate,0.04733580520110362,557.7795113799999,719.5683883691396,0.0,0.26666666666666666
512,516,covariate,0.04769049612497541,383.24856466666665,462.25013353546944,0.03333333333333333,0.16666666666666666
512,517,covariate,0.04434001847956583,378.2613361,515.7692413144665,0.0,0.16666666666666666
512,519,covariate,0.04238554397920577,305.86189299999995,403.76827637727064,0.1,0.13333333333333333
512,520,covariate,0.028926131003939884,177.80560883333337,214.5000884485574,0.0,0.1
512,521,covariate,0.04811091846652618,363.4630747666667,454.2315591172128,0.16666666666666666,0.13333333333333333
512,523,covariate,0.026229605782271043,488.7541995666667,609.6824488053538,0.0,0.1
512,524,covariate,0.04144559855338086,501.16755,667.6781405289381,0.0,0.23333333333333334
512,525,covariate,0.03427673530308204,467.38102466666675,556.6190333074576,0.0,0.26666666666666666
512,526,covariate,0.039689153536546014,566.5559056666665,705.2478217843801,0.03333333333333333,0.2
512,527,covariate,0.03946804627716966,598.3499706666666,722.065821507623,0.13333333333333333,0.13333333333333333
512,528,covariate,0.03293516295770856,498.9859139999999,601.951913123848,0.0,0.13333333333333333
512,529,covariate,0.03390865601493947,392.434267,498.20216569558494,0.06666666666666667,0.13333333333333333
512,530,covariate,0.03293221234917453,383.70011,514.410353999088,0.03333333333333333,0.16666666666666666
512,531,covariate,0.040689298916103504,289.5001149333333,346.9578882823513,0.03333333333333333,0.3
512,532,covariate,0.026778742705530104,389.23061766666666,473.16090395493444,0.06666666666666667,0.03333333333333333
512,533,covariate,0.03665270257136984,568.4995955333336,699.7440426749972,0.1,0.13333333333333333
512,535,covariate,0.032090766860441516,355.30987600000003,426.57777825853776,0.0,0.1
512,536,covariate,0.047282934732477584,526.8621949999999,680.360133170265,0.0,0.3333333333333333
512,537,covariate,0.049562263007461645,393.3154236666667,518.0720692526777,0.16666666666666666,0.13333333333333333
512,538,covariate,0.03900034680121343,208.28867886666663,264.45124336795504,0.03333333333333333,0.2
512,541,covariate,0.046196347589355334,443.5063036666665,540.4186741368765,0.06666666666666667,0.2
512,543,covariate,0.06311637810621962,217.3642216,277.88949205889077,0.13333333333333333,0.1
512,544,covariate,0.033205079938831504,575.482852,781.5625307660121,0.0,0.1
512,545,covariate,0.0385862526505811,581.3626903333333,745.898850823538,0.03333333333333333,0.13333333333333333
512,546,covariate,0.028121186650052896,574.8539933333334,729.2376885564418,0.1,0.03333333333333333
512,548,covariate,0.040049201200916915,257.07696100000004,343.3038096334223,0.0,0.23333333333333334
512,549,covariate,0.03584229743791576,221.7312519,297.7567854861152,0.06666666666666667,0.16666666666666666
512,550,covariate,0.05554897033000351,403.63273999999996,490.7172676198976,0.06666666666666667,0.23333333333333334
512,551,covariate,0.04001351925795064,328.9558815666666,541.5997286271787,0.0,0.16666666666666666
512,552,covariate,0.0470568002703326,503.0800811333335,617.4588181571544,0.06666666666666667,0.23333333333333334
512,553,covariate,0.04546594733151807,486.1052573333333,571.8234929939184,0.26666666666666666,0.03333333333333333
512,554,covariate,0.042807934985740585,315.75123233333323,429.2319884950675,0.13333333333333333,0.16666666666666666
512,556,covariate,0.03444944757933883,343.769297,421.53339139322003,0.03333333333333333,0.13333333333333333
512,557,covariate,0.04421399781588875,243.80614379999997,306.82756123494295,0.03333333333333333,0.13333333333333333
512,558,covariate,0.039330796004473915,183.19792199999998,224.8019182358018,0.03333333333333333,0.2
512,559,covariate,0.039562051751296484,296.92213025666666,495.5748210995813,0.0,0.1
512,560,covariate,0.037568763263410014,792.7377766666668,946.417460315998,0.03333333333333333,0.2
512,561,covariate,0.04654245175294657,469.58712166666663,550.1456839594405,0.16666666666666666,0.2
512,562,covariate,0.03186198521822336,875.6773333333333,1076.6582400748778,0.1,0.2
512,563,covariate,0.03779828194732144,214.96089725666667,283.5710997629196,0.0,0.06666666666666667
512,564,covariate,0.03698907811813867,311.3251676666667,388.3650043650172,0.06666666666666667,0.13333333333333333
512,565,covariate,0.027788927082527854,230.1154373333333,296.38536024370524,0.03333333333333333,0.03333333333333333
512,566,covariate,0.04130680756125743,298.9663133333333,379.04595150720246,0.23333333333333334,0.0
512,567,covariate,0.0462246721081418,275.33747033333333,470.9788224865774,0.0,0.1
512,568,covariate,0.038661225814655135,304.3045856666667,351.5974838021455,0.2,0.06666666666666667
512,569,covariate,0.03104183035789021,193.02766416666674,232.4467345150723,0.06666666666666667,0.1
512,570,covariate,0.041064489881719145,197.62410966666667,284.6530650331862,0.0,0.1
512,572,covariate,0.04309664781551125,393.5281911000001,496.56141015411725,0.03333333333333333,0.16666666666666666
512,574,covariate,0.037891519759220456,521.6532553333333,628.8572748038073,0.13333333333333333,0.1
512,576,covariate,0.039450020917467764,362.5568423333333,451.33914084370053,0.03333333333333333,0.16666666666666666
512,577,covariate,0.03749104087413042,260.6810381666666,328.89425283666867,0.0,0.13333333333333333
512,578,covariate,0.0379394438262458,637.9298,805.5170725643151,0.2,0.16666666666666666
512,579,covariate,0.04320289025707023,455.4122410333333,583.5067673683062,0.06666666666666667,0.16666666666666666
512,580,covariate,0.04576811575908163,627.478062,745.8129351106661,0.03333333333333333,0.26666666666666666
512,581,covariate,0.04790883566575552,332.2646056666665,413.5526330740958,0.03333333333333333,0.26666666666666666
512,582,covariate,0.04474909815253023,356.01407166666667,462.7577164842229,0.13333333333333333,0.0
512,583,covariate,0.0350681563429576,197.51759,256.5060794687264,0.03333333333333333,0.2
512,584,covariate,0.03920943458048625,261.46123199999994,339.187139634659,0.2,0.03333333333333333
512,585,covariate,0.06204118048431433,435.0408133333333,578.8227272192538,0.06666666666666667,0.23333333333333334
512,586,covariate,0.0427754332728146,854.6860609999999,1134.1242865052884,0.16666666666666666,0.06666666666666667
512,588,covariate,0.039386091622188195,351.7584001666666,432.4017230199032,0.03333333333333333,0.13333333333333333
512,589,covariate,0.04875407992192903,332.0056964000001,461.0668026615924,0.03333333333333333,0.26666666666666666
512,590,covariate,0.0413258145284924,318.45450856666673,384.1156354118707,0.06666666666666667,0.13333333333333333
512,591,covariate,0.05026813387096743,401.9854956666667,506.9273079116735,0.0,0.3
512,592,covariate,0.034766045859361425,205.6083394666667,248.89952090124075,0.13333333333333333,0.0
512,593,covariate,0.03536624445440736,518.85586,616.1703449123643,0.03333333333333333,0.1
512,594,covariate,0.034398584958499116,199.2726448666666,249.04377044512714,0.03333333333333333,0.06666666666666667
512,595,covariate,0.028955113374333968,560.3345953333333,727.1167992456388,0.03333333333333333,0.06666666666666667
512,596,covariate,0.03552538695750733,256.9122546666666,307.2657217354344,0.13333333333333333,0.0
512,597,covariate,0.04597316761243789,329.76569166666667,399.1070701421706,0.2,0.16666666666666666
512,599,covariate,0.03740771949055816,527.7453182,635.485332904987,0.06666666666666667,0.26666666666666666
512,600,covariate,0.052147164980998285,554.8970556666667,703.4395815057347,0.06666666666666667,0.26666666666666666
512,601,covariate,0.046375233242617886,315.7108752666667,395.47418743104765,0.1,0.23333333333333334
512,602,covariate,0.04038720491590513,362.43080466666663,439.2737224332041,0.1,0.2
512,603,covariate,0.05552980841966083,540.9910539999998,646.2753490518159,0.43333333333333335,0.0
512,605,covariate,0.052687509577614304,538.1524259999999,671.2455458423888,0.13333333333333333,0.23333333333333334
512,606,covariate,0.0353000759083543,274.0847466666666,349.6642318110457,0.0,0.2
512,607,covariate,0.038579157971655606,194.6099352666666,233.92131655447517,0.03333333333333333,0.0
512,608,covariate,0.03972483872567686,483.36493400000006,673.6125085617329,0.0,0.13333333333333333
512,609,covariate,0.028593514351825375,182.02672733333335,242.41821787248682,0.03333333333333333,0.1
512,610,covariate,0.04173792600602794,223.0754693666667,281.0318488078304,0.0,0.16666666666666666
512,613,covariate,0.024972423514880326,186.86504073333336,238.10935290459565,0.03333333333333333,0.03333333333333333
512,614,covariate,0.03461151753636726,294.7650398666666,396.1535924896291,0.06666666666666667,0.13333333333333333
512,615,covariate,0.032935991147494424,437.1025386666666,520.0591286103987,0.06666666666666667,0.1
512,616,covariate,0.03335447806202851,341.2936990666668,467.3528200853525,0.03333333333333333,0.03333333333333333
512,617,covariate,0.038540957015504106,350.28716700000007,434.0177339546583,0.0,0.23333333333333334
512,618,covariate,0.029194757455244292,313.3201766666667,386.65398077129817,0.03333333333333333,0.1
512,621,covariate,0.04693773416128578,365.4145502333334,469.30739846213584,0.03333333333333333,0.3333333333333333
512,622,covariate,0.05216978657796842,331.5756935333333,402.9148810939773,0.16666666666666666,0.23333333333333334
512,623,covariate,0.03618777152717211,325.3491436666667,403.7666529270357,0.03333333333333333,0.06666666666666667
512,624,covariate,0.0399282551682856,386.269542,477.12530762135657,0.1,0.23333333333333334
512,625,covariate,0.03522446192928142,285.9379451333333,360.19893746277575,0.06666666666666667,0.1
512,626,covariate,0.04662445064325674,560.9998016666668,800.6875427934023,0.0,0.26666666666666666
512,627,covariate,0.03396660738184956,333.9469003333334,429.29240263492125,0.1,0.1
512,628,covariate,0.04285976413172387,343.38362166666656,556.1222187352719,0.03333333333333333,0.1
512,630,covariate,0.03359661546493382,267.2243920666667,350.583201978336,0.0,0.1
512,631,covariate,0.03286687337989701,240.72102986666675,314.2378924745619,0.03333333333333333,0.06666666666666667
512,632,covariate,0.02841375549321672,298.8912226666666,370.53260965629266,0.06666666666666667,0.1
512,634,covariate,0.03138453985342556,279.34877783333326,353.5962029398949,0.0,0.13333333333333333
512,635,covariate,0.03720127228498545,304.8273171666666,388.31854428212415,0.0,0.13333333333333333
512,639,covariate,0.042368624455958154,251.41091660000004,303.34998889225153,0.0,0.1
512,640,covariate,0.03547361533891109,563.8505220000001,731.9330343939165,0.06666666666666667,0.23333333333333334
512,641,covariate,0.053255152562564974,336.85953966666665,467.43476158050015,0.0,0.16666666666666666
512,642,covariate,0.043286476935541135,191.60792709999998,235.23829384073494,0.1,0.2
512,643,covariate,0.04610553512010216,456.86530483333337,684.9446363291686,0.03333333333333333,0.23333333333333334
512,645,covariate,0.04633527902144994,642.8845603333333,1048.2051237514993,0.13333333333333333,0.1
512,647,covariate,0.047088504186736484,377.64012233333335,550.773045526693,0.03333333333333333,0.2
512,648,covariate,0.04944308715239649,424.0738888333334,524.3651393572816,0.1,0.23333333333333334
512,649,covariate,0.04360081598491933,217.2224640499999,263.70130036328055,0.06666666666666667,0.03333333333333333
512,651,covariate,0.029413086084159813,288.49272400000007,361.19217237447714,0.1,0.1
512,652,covariate,0.04706660568146678,428.17147273333325,591.5243526386265,0.03333333333333333,0.23333333333333334
512,653,covariate,0.052930968265252405,431.8897701999999,527.3848334139277,0.06666666666666667,0.3333333333333333
512,654,covariate,0.037230717620377426,324.86189803333326,427.130348533144,0.0,0.23333333333333334
512,655,covariate,0.04386836586522635,500.01916226666674,639.7993496133612,0.0,0.23333333333333334
512,656,covariate,0.0568698604000217,257.70161199999995,310.26988965499555,0.23333333333333334,0.13333333333333333
512,657,covariate,0.053912772452180104,378.2428733333334,544.375748301752,0.03333333333333333,0.16666666666666666
512,658,covariate,0.0417536529214892,334.01117566666665,419.2030538558522,0.03333333333333333,0.13333333333333333
512,659,covariate,0.0315879162501836,237.88951899999992,288.50443567630884,0.03333333333333333,0.1
512,661,covariate,0.04615875810326126,463.5820496666666,549.7567939836607,0.1,0.26666666666666666
512,662,covariate,0.04202825386721609,460.2083143333333,547.3210335628886,0.1,0.1
512,663,covariate,0.05477413087132226,441.2193465,568.0673764721864,0.3,0.1
512,664,covariate,0.046986513844150084,333.51253833333334,438.27424442402383,0.1,0.16666666666666666
512,665,covariate,0.04356220318139183,471.5218414333333,598.4345559796461,0.16666666666666666,0.03333333333333333
512,666,covariate,0.04774826922195835,515.8416408999999,638.5117490807618,0.1,0.2
512,667,covariate,0.035230073822704204,430.52100166666673,542.5626554354836,0.0,0.2
512,668,covariate,0.03538667586191026,450.68929433333346,541.409449967652,0.1,0.13333333333333333
512,672,covariate,0.027488016724687214,327.72349500000007,391.7572595434616,0.1,0.0
512,673,covariate,0.03891139940349794,460.155727,575.8556029816225,0.06666666666666667,0.16666666666666666
512,674,covariate,0.04550240753809489,488.5509113333334,668.5949757636191,0.03333333333333333,0.13333333333333333
512,675,covariate,0.04615613014318392,220.03722199999999,285.19945534632944,0.06666666666666667,0.03333333333333333
512,676,covariate,0.03447141966056304,496.17926666666665,639.655678691846,0.26666666666666666,0.0
512,678,covariate,0.05248314201627202,502.1942442333333,748.3069738130563,0.1,0.1
512,679,covariate,0.029257889097563397,397.94949673333326,482.4210238266319,0.0,0.16666666666666666
512,680,covariate,0.05594679609628153,428.43034033333333,501.4917752203915,0.06666666666666667,0.3333333333333333
512,681,covariate,0.049019013554086284,289.3024523333333,356.8212553122167,0.06666666666666667,0.2
512,682,covariate,0.026788018136487707,480.1388833333334,605.310214109356,0.1,0.16666666666666666
512,683,covariate,0.02666372404640822,248.30026566666675,320.3931411394826,0.03333333333333333,0.0
512,685,covariate,0.06303037355611253,459.8463175333333,564.6991905160387,0.13333333333333333,0.2
512,686,covariate,0.039827199290615255,321.9240143999999,425.6478701016031,0.0,0.23333333333333334
512,687,covariate,0.04089951240510343,501.0411496666667,629.1277678850063,0.03333333333333333,0.2
512,688,covariate,0.044872498557331685,223.5015193333334,279.98161189667724,0.03333333333333333,0.16666666666666666
512,689,covariate,0.029574258329130396,237.91956720000005,347.5386633051668,0.03333333333333333,0.06666666666666667
512,690,covariate,0.034630804547812345,274.81310699999995,312.84485014490116,0.06666666666666667,0.13333333333333333
512,691,covariate,0.048909727750281275,556.9852820000001,669.7704724289271,0.06666666666666667,0.16666666666666666
512,692,covariate,0.04770081293352632,385.1874936666667,556.6764043148912,0.0,0.13333333333333333
512,693,covariate,0.0430923057427551,388.4075493333331,502.72210245876016,0.03333333333333333,0.06666666666666667
512,695,covariate,0.05743275807260572,412.31688486666656,524.9997680302885,0.13333333333333333,0.16666666666666666
512,696,covariate,0.05472787879825392,655.4169310000001,902.663195001791,0.13333333333333333,0.16666666666666666
512,697,covariate,0.037534751811753655,553.6407337066667,683.2946910607081,0.03333333333333333,0.16666666666666666
512,698,covariate,0.03873540627812303,913.0978333333335,1088.2689287350304,0.03333333333333333,0.3
512,699,covariate,0.046124884926997144,507.9366275333333,645.8198678343294,0.03333333333333333,0.2
512,700,covariate,0.035860274730099485,237.2983775,282.22133668853127,0.1,0.03333333333333333
512,703,covariate,0.0425129629867119,168.63570226666664,224.84417299729307,0.13333333333333333,0.06666666666666667
512,704,covariate,0.02903830658630034,432.8075706666668,536.3122965093459,0.03333333333333333,0.1
512,705,covariate,0.05031916137074391,513.2772325,746.012187890638,0.03333333333333333,0.23333333333333334
512,707,covariate,0.038304911889867135,449.04355123333335,610.1754095829821,0.03333333333333333,0.1
512,708,covariate,0.038208816068008036,334.1962866666666,384.704920448929,0.03333333333333333,0.13333333333333333
512,709,covariate,0.02492830396509434,336.7912669999999,380.847032522566,0.0,0.0
512,713,covariate,0.0381919787163978,497.36548599999986,563.9752891317371,0.0,0.0
512,714,covariate,0.04432763490048459,343.9095300000001,398.1010965803482,0.2,0.2
512,715,covariate,0.04126599833233533,348.78354889999997,475.3605365517141,0.0,0.2
512,717,covariate,0.045664155834848896,329.9908029999999,403.41677514841547,0.06666666666666667,0.13333333333333333
512,718,covariate,0.03142207108007682,324.4626623333333,409.36120272765135,0.06666666666666667,0.13333333333333333
512,720,covariate,0.038446180613290006,401.6597356666665,526.1480111272631,0.06666666666666667,0.16666666666666666
512,721,covariate,0.04352113313828269,465.54442633333326,569.141861097501,0.03333333333333333,0.3333333333333333
512,722,covariate,0.03916812269627341,423.2733913333333,525.9228561818934,0.03333333333333333,0.13333333333333333
512,723,covariate,0.035796592566204474,436.30176800000004,534.0095403124731,0.1,0.1
512,724,covariate,0.03043834202081802,299.20106999999996,348.6050974263988,0.03333333333333333,0.1
512,725,covariate,0.041185158696251556,343.0845044999999,426.99938187257095,0.06666666666666667,0.3
512,726,covariate,0.0438226755619461,653.151576,848.6925650575654,0.0,0.16666666666666666
512,727,covariate,0.04024314199022575,249.64768213333326,339.67613554447763,0.06666666666666667,0.2
512,728,covariate,0.034386768050026884,263.71223976666664,333.1760448641153,0.1,0.13333333333333333
512,729,covariate,0.037912746973310436,535.6095721666667,702.0334912885679,0.06666666666666667,0.13333333333333333
512,730,covariate,0.04111800916411138,411.2176038999999,498.5349560940907,0.03333333333333333,0.16666666666666666
512,731,covariate,0.04542055817737739,558.3751496666666,674.6019104272684,0.03333333333333333,0.23333333333333334
512,732,covariate,0.03307031875753907,463.31239666666653,567.3191872081167,0.06666666666666667,0.2
512,733,covariate,0.029747245957579816,703.00195,855.7136208954537,0.23333333333333334,0.03333333333333333
512,734,covariate,0.043431632447295726,281.2147626666666,370.0122097165608,0.0,0.06666666666666667
512,735,covariate,0.04563408361513224,303.85162310000004,444.20949465850885,0.0,0.16666666666666666
512,737,covariate,0.047386379828245284,384.95215376666664,573.9478033611904,0.06666666666666667,0.16666666666666666
512,738,covariate,0.0347736224521799,408.6839421666667,520.515683491764,0.06666666666666667,0.06666666666666667
512,740,covariate,0.03724375528083261,417.2401473333333,523.4552715704721,0.13333333333333333,0.13333333333333333
512,741,covariate,0.031940214917133725,360.4500193333334,466.79325572916645,0.0,0.1
512,742,covariate,0.03366092319640188,361.1889115666667,459.9193577858331,0.0,0.13333333333333333
512,743,covariate,0.04123124801981814,207.54387533333335,298.9232881689128,0.06666666666666667,0.1
512,745,covariate,0.055021720688777746,503.85122266666673,713.0543801063516,0.03333333333333333,0.2
512,746,covariate,0.03837315852800171,340.27528366666667,458.1267310372843,0.06666666666666667,0.13333333333333333
512,747,covariate,0.040834804503754506,457.6982513333332,572.82284715345,0.0,0.26666666666666666
512,748,covariate,0.04458867400721073,341.19486266666667,428.88519643163846,0.06666666666666667,0.2
512,749,covariate,0.03889572857843796,256.3682536666666,305.40365146424193,0.0,0.03333333333333333
512,751,covariate,0.051796109467196316,268.298775,333.4905279667241,0.13333333333333333,0.13333333333333333
512,752,covariate,0.050449328415575555,339.38606113333327,441.133999054382,0.03333333333333333,0.16666666666666666
512,753,covariate,0.04756228116750962,511.67700320000006,619.2755045133919,0.0,0.3
512,754,covariate,0.041665131189208095,409.82948116666677,517.3219894650729,0.03333333333333333,0.16666666666666666
512,755,covariate,0.031230182345803843,472.82043050000004,567.1703184925024,0.0,0.16666666666666666
512,756,covariate,0.04833908193328198,1081.1103213333333,1473.9333530165436,0.16666666666666666,0.16666666666666666
512,757,covariate,0.03705193739061018,351.05923099999995,453.30612807123043,0.16666666666666666,0.13333333333333333
512,758,covariate,0.03436602707149677,235.07457386666667,304.4482048345527,0.06666666666666667,0.1
512,759,covariate,0.04726393741854259,453.0525824333333,623.567791087103,0.03333333333333333,0.16666666666666666
512,760,covariate,0.03678135186346107,421.2544967666667,514.9528788802767,0.06666666666666667,0.26666666666666666
512,761,covariate,0.04444087483094188,551.1122023333335,702.0384354680629,0.03333333333333333,0.16666666666666666
512,762,covariate,0.041955272882180046,260.977451,322.70831941729944,0.06666666666666667,0.16666666666666666
512,763,covariate,0.041566297101298624,364.44259366666665,451.6322251720993,0.03333333333333333,0.2
512,764,covariate,0.04906322325720544,284.59851033333325,341.6494802687458,0.23333333333333334,0.1
512,765,covariate,0.04095913583421498,517.83572823,630.3825341513427,0.13333333333333333,0.06666666666666667
512,767,covariate,0.04244724968703975,347.4221533900002,447.26719574466847,0.0,0.3
512,768,covariate,0.04444820394702417,831.0665707666669,1026.587487756827,0.03333333333333333,0.26666666666666666
512,769,covariate,0.0495793339528689,888.7875166666665,1296.0273777228274,0.16666666666666666,0.16666666666666666
512,770,covariate,0.047731504238452994,316.5948056666667,390.9225420664611,0.0,0.16666666666666666
512,772,covariate,0.05542408973753004,284.802258,375.2667030391651,0.13333333333333333,0.26666666666666666
512,773,covariate,0.04809848527175522,364.6069690000001,419.7435078951882,0.3,0.03333333333333333
512,774,covariate,0.03523719245013811,247.8208855333334,331.0598672618076,0.0,0.16666666666666666
512,776,covariate,0.04901342991630555,303.2523288,406.050761974137,0.13333333333333333,0.16666666666666666
512,777,covariate,0.040845769074189756,268.38470133333334,319.2199896950592,0.1,0.13333333333333333
512,779,covariate,0.029990600392446876,271.66919866666655,340.0113487148203,0.0,0.13333333333333333
512,780,covariate,0.0356438652723714,313.0490738666666,401.008285616281,0.0,0.2
512,781,covariate,0.03617319763573147,213.4676045333333,283.1368060220588,0.0,0.1
512,782,covariate,0.0397646840119154,313.972429,391.14584964616,0.1,0.13333333333333333
512,783,covariate,0.03489973867443966,346.11794812666665,448.4426646106735,0.06666666666666667,0.16666666666666666
512,784,covariate,0.047926846212905015,418.61510086666664,534.5062674259366,0.0,0.13333333333333333
512,785,covariate,0.04880088621620551,466.60294000000005,666.812374384015,0.0,0.16666666666666666
512,786,covariate,0.040484309655000085,170.12741095053332,230.77437204656022,0.13333333333333333,0.06666666666666667
512,787,covariate,0.03924213318783556,540.7030176666665,704.2127902254948,0.0,0.23333333333333334
512,788,covariate,0.030739642928725105,665.7309613333331,912.6402969278138,0.06666666666666667,0.2
512,789,covariate,0.048518807355544674,252.45129733333337,314.41045888954307,0.0,0.36666666666666664
512,790,covariate,0.032430520180921824,353.5101768666666,444.5676139664846,0.1,0.13333333333333333
512,791,covariate,0.049282285126890785,570.1982933333335,727.546681307171,0.03333333333333333,0.2
512,792,covariate,0.03618464879219172,323.9123196666666,433.7502147479337,0.0,0.13333333333333333
512,793,covariate,0.04473694688006643,299.3408416666668,371.3107241979961,0.0,0.13333333333333333
512,794,covariate,0.0378230625448736,146.78952033333331,217.07955023848348,0.03333333333333333,0.16666666666666666
512,795,covariate,0.052494205551694297,315.43367579999995,380.09465366878266,0.03333333333333333,0.16666666666666666
512,796,covariate,0.0380846272627404,421.27995733333336,490.7771648197756,0.0,0.2
512,798,covariate,0.042933658168529516,435.33703193333326,517.6660263537932,0.0,0.26666666666666666
512,799,covariate,0.04267876930280732,515.0159594999998,761.636895830958,0.03333333333333333,0.2
512,800,covariate,0.04717249556009501,312.4432701666667,381.3198806498107,0.1,0.2
512,801,covariate,0.04630480794011465,378.69530566666674,460.27664305253006,0.23333333333333334,0.06666666666666667
512,802,covariate,0.03605736549547917,402.1534323333334,457.4257141610107,0.0,0.13333333333333333
512,803,covariate,0.034997581187665376,287.91673700000007,360.5521110175482,0.03333333333333333,0.16666666666666666
512,807,covariate,0.034660497492056665,467.1540953333333,600.3570052872961,0.0,0.2
512,808,covariate,0.05118048466729966,504.3121564666668,656.1286167329804,0.03333333333333333,0.3
512,809,covariate,0.03431497000971867,425.1898432,571.1572783363829,0.03333333333333333,0.13333333333333333
512,810,covariate,0.03419742549707279,310.19518033333344,363.1785693301843,0.1,0.13333333333333333
512,811,covariate,0.03642186141754633,221.81182176666664,268.7282234365382,0.0,0.2
512,812,covariate,0.031225458086370738,266.576486,341.0251103351601,0.0,0.2
512,813,covariate,0.032774875183830994,282.41118190000003,359.3891582531356,0.13333333333333333,0.1
512,814,covariate,0.03255278990426597,396.0502898666667,479.4594292596677,0.0,0.13333333333333333
512,816,covariate,0.044872574812310335,284.4900803333333,352.32109601158464,0.03333333333333333,0.26666666666666666
512,817,covariate,0.02418700217470945,678.2126583333331,874.5773400851598,0.06666666666666667,0.03333333333333333
512,818,covariate,0.036499212378360846,305.1461320166666,365.4387396546892,0.0,0.1
512,819,covariate,0.03480503188361276,278.43415439999995,349.8609415873921,0.0,0.26666666666666666
512,821,covariate,0.03291642418101217,291.4283269999999,455.9142757393056,0.03333333333333333,0.03333333333333333
512,822,covariate,0.042692880962445355,437.3791133333333,573.1808505721943,0.03333333333333333,0.16666666666666666
512,823,covariate,0.03683857431479606,296.69787599999995,379.736916919125,0.1,0.1
512,824,covariate,0.035157735577687685,377.11584666666664,447.77323124151087,0.06666666666666667,0.13333333333333333
512,826,covariate,0.035899070998737605,437.796896,537.9565021202784,0.1,0.06666666666666667
512,827,covariate,0.038505844397762994,865.8976700000001,1038.060579405932,0.13333333333333333,0.23333333333333334
512,828,covariate,0.03793172656373451,264.0907848,346.6215494234152,0.0,0.13333333333333333
512,829,covariate,0.037578730258165535,299.93679216666675,383.4015897773448,0.13333333333333333,0.1
512,830,covariate,0.04455041343188947,406.3389004999999,500.25277580537056,0.03333333333333333,0.2
512,831,covariate,0.03391479172412591,554.0722293333332,672.0524226801409,0.0,0.13333333333333333
512,832,covariate,0.041332426662509816,393.0892781666667,486.40208768374896,0.13333333333333333,0.1
512,833,covariate,0.03991829408583293,304.9157444000001,376.81720921066693,0.1,0.1
512,834,covariate,0.03408634402331091,279.78990120000003,347.88438694163244,0.0,0.13333333333333333
512,835,covariate,0.04006870063306076,302.143729,366.1454659563904,0.03333333333333333,0.03333333333333333
512,836,covariate,0.03978364136524532,335.6231599,411.7778474364363,0.03333333333333333,0.23333333333333334
512,837,covariate,0.03487933844578199,190.4615178133333,240.24263899010745,0.0,0.26666666666666666
512,838,covariate,0.03100837606624326,377.34722233333326,436.8554641971504,0.06666666666666667,0.1
512,839,covariate,0.037857560737678035,182.99638963333337,246.89296127531642,0.03333333333333333,0.13333333333333333
512,840,covariate,0.03668369891693356,318.60242833333336,397.38269833607217,0.03333333333333333,0.1
512,841,covariate,0.037508575355364664,132.5510449,164.451903533713,0.0,0.1
512,843,covariate,0.04753657666326578,635.1186783333335,800.116316630673,0.03333333333333333,0.26666666666666666
512,844,covariate,0.04159813532805089,218.5425028666667,299.146423703505,0.0,0.06666666666666667
512,845,covariate,0.04660599260162506,349.558437,405.08568886379743,0.06666666666666667,0.23333333333333334
512,846,covariate,0.03881664649029471,460.34655000000004,606.5045632133297,0.0,0.16666666666666666
512,847,covariate,0.04804914775229808,426.899835,555.8005991081327,0.13333333333333333,0.2
512,848,covariate,0.051875606110199174,526.369055,675.3671763367856,0.1,0.16666666666666666
512,849,covariate,0.0337666172821048,432.2810117666666,498.8773907192245,0.1,0.1
512,850,covariate,0.044777625032815314,401.8372031,472.7712889393881,0.03333333333333333,0.13333333333333333
512,852,covariate,0.04820391149018871,304.5443866666666,363.17518375784294,0.1,0.2
512,853,covariate,0.02614638197487855,350.45181990000003,451.7525590006275,0.1,0.03333333333333333
512,854,covariate,0.044168660501981226,352.53778300000005,439.19976371482676,0.03333333333333333,0.16666666666666666
512,855,covariate,0.04528920705576364,386.31874265,554.2814031092465,0.1,0.2
512,856,covariate,0.03699209769064761,389.1207016666666,480.9889159124848,0.03333333333333333,0.23333333333333334
512,857,covariate,0.02946154140052247,339.5012635999999,446.69102785584323,0.1,0.1
512,860,covariate,0.04614932377389736,398.6672541333335,546.6496211002368,0.06666666666666667,0.3333333333333333
512,861,covariate,0.04444564929652489,237.7821813333333,293.7321714046955,0.23333333333333334,0.16666666666666666
512,862,covariate,0.04343110940859085,497.26353433333344,655.9453967984203,0.0,0.23333333333333334
512,863,covariate,0.03102519295309801,420.31095000000005,501.807354291433,0.1,0.23333333333333334
512,864,covariate,0.048618395055368864,297.89075620000006,389.90975997058814,0.16666666666666666,0.13333333333333333
512,865,covariate,0.040677114613682404,425.25003813333325,553.8108267098557,0.06666666666666667,0.16666666666666666
512,866,covariate,0.033378454567523454,354.09632614000003,426.21134578286905,0.06666666666666667,0.16666666666666666
512,867,covariate,0.039109491649352006,318.5480033333333,374.20450925606127,0.2,0.13333333333333333
512,868,covariate,0.041544989091307306,557.3395393333333,701.2297911682683,0.13333333333333333,0.1
512,869,covariate,0.0495569790477633,367.4505688333333,483.1053079603645,0.03333333333333333,0.16666666666666666
512,870,covariate,0.037743783334164484,350.0446779600001,446.39302787153383,0.06666666666666667,0.16666666666666666
512,871,covariate,0.045254667266206354,412.07272766666665,591.7391127880991,0.13333333333333333,0.2
512,872,covariate,0.048790942494250776,488.45244346666664,594.4548231373406,0.06666666666666667,0.16666666666666666
512,873,covariate,0.04041838749610118,197.11354983333337,240.74153491740734,0.0,0.26666666666666666
512,874,covariate,0.04806677522629685,323.0676863333334,391.29269787763803,0.13333333333333333,0.2
512,875,covariate,0.03693874939919019,233.69722166666662,331.4162321135631,0.0,0.16666666666666666
512,876,covariate,0.4969877729405731,3141.2986931666674,4908.349210982248,0.06666666666666667,0.2
512,877,covariate,0.03705672023789421,372.78596633333325,448.5201292495564,0.06666666666666667,0.23333333333333334
512,878,covariate,0.03127998654442142,323.407456,463.8101496509656,0.0,0.03333333333333333
512,880,covariate,0.04798491353581195,547.9371744666665,657.9394843561414,0.1,0.36666666666666664
512,881,covariate,0.06443475387330913,309.12738999999993,494.67979581380456,0.0,0.2
512,882,covariate,0.04915393502559911,399.4255996666665,506.3027467568869,0.0,0.36666666666666664
512,883,covariate,0.04121425807662934,233.40302366666666,317.3923497035575,0.0,0.2
512,885,covariate,0.03141758146524083,240.49330306666656,294.5899162119214,0.06666666666666667,0.06666666666666667
512,886,covariate,0.03981477248905473,341.821753,449.9788772720475,0.06666666666666667,0.2
512,887,covariate,0.04117538687185132,408.23009066666674,492.38850197258137,0.0,0.2
512,888,covariate,0.04063979633965202,542.5133503333333,630.2013460516308,0.13333333333333333,0.16666666666666666
512,889,covariate,0.04263032594709366,249.98553500000006,312.6175231853872,0.03333333333333333,0.16666666666666666
512,891,covariate,0.05740437811507109,522.4950473333334,723.4225697347448,0.06666666666666667,0.3
512,892,covariate,0.03308889311249208,324.6189500000001,417.70819005927353,0.0,0.13333333333333333
512,894,covariate,0.03892651379115234,441.543253,552.2744209568282,0.0,0.13333333333333333
512,895,covariate,0.03154361482659019,470.7953026666666,580.553700983854,0.1,0.2
512,896,covariate,0.03228060670651442,336.50978899999996,415.1187602949853,0.13333333333333333,0.13333333333333333
512,897,covariate,0.04114318906739415,180.23511356666666,247.3722497697875,0.06666666666666667,0.13333333333333333
512,898,covariate,0.05553044037463567,484.77241146666677,633.3972952369987,0.0,0.3
512,899,covariate,0.052030094695688006,353.1478196666667,423.75940284984557,0.06666666666666667,0.2
512,901,covariate,0.03658928985357655,331.0698862,434.3843559271201,0.03333333333333333,0.16666666666666666
512,905,covariate,0.03317802514149446,291.0048373333332,369.81553847088543,0.1,0.03333333333333333
512,906,covariate,0.040381358660089545,618.4553383333334,773.650007167312,0.0,0.16666666666666666
512,907,covariate,0.03400911727140651,324.07642519999996,386.33838950152693,0.23333333333333334,0.03333333333333333
512,908,covariate,0.04694761148544929,248.18610476666663,320.3568140052521,0.13333333333333333,0.1
512,910,covariate,0.04392004920437848,370.83297984333336,458.15637265401546,0.0,0.26666666666666666
512,911,covariate,0.035003653228160035,505.48011,607.8577146757184,0.06666666666666667,0.13333333333333333
512,912,covariate,0.05272331973520073,397.6554796666667,504.0935157325889,0.1,0.26666666666666666
512,913,covariate,0.032999072670544694,412.83916533333326,496.0196253899417,0.0,0.06666666666666667
512,914,covariate,0.0351439110488233,450.2671553333334,576.9272969780624,0.0,0.2
512,916,covariate,0.06664459988078276,434.3810596666665,677.9536808623808,0.13333333333333333,0.13333333333333333
512,917,covariate,0.03919370412853392,331.6022590000001,431.4010773026434,0.03333333333333333,0.1
512,918,covariate,0.05230400094908432,352.72191186666674,436.19745172390793,0.03333333333333333,0.3333333333333333
512,921,covariate,0.031069801115229893,337.5718378666667,437.68056128721474,0.0,0.16666666666666666
512,922,covariate,0.03136206873891916,292.11366973333327,380.141611687932,0.03333333333333333,0.1
512,923,covariate,0.04059803107700418,298.14631100000014,369.5009577453318,0.2,0.03333333333333333
512,924,covariate,0.05381830913237876,307.3745471666667,403.237502621237,0.03333333333333333,0.2
512,925,covariate,0.06313579539391116,614.9499406666667,771.6134609895458,0.26666666666666666,0.03333333333333333
512,926,covariate,0.05206079750544133,484.45507566666663,632.6262461957898,0.03333333333333333,0.23333333333333334
512,927,covariate,0.03654192248289894,322.9000663333333,387.3156237038045,0.03333333333333333,0.06666666666666667
512,928,covariate,0.05100330113613846,539.5701240000001,719.6082696556554,0.1,0.13333333333333333
512,929,covariate,0.040232475339550634,307.5597228433334,440.3848057543735,0.0,0.16666666666666666
512,930,covariate,0.043253571897184574,406.88100333333335,519.8882547680507,0.03333333333333333,0.16666666666666666
512,931,covariate,0.039316739696616254,297.95961666666665,390.36542238115175,0.06666666666666667,0.16666666666666666
512,933,covariate,0.03419321297697424,362.27166099999994,445.65639152633327,0.06666666666666667,0.13333333333333333
512,934,covariate,0.03741341238690538,344.63635866666664,422.63535032717215,0.06666666666666667,0.13333333333333333
512,935,covariate,0.03554694019602177,305.0265516666667,394.7640030891956,0.0,0.1
512,936,covariate,0.030112097324924744,273.1272982666667,337.9800754203849,0.0,0.03333333333333333
512,937,covariate,0.03726168729430476,382.49716033333334,473.82198427762114,0.1,0.06666666666666667
512,938,covariate,0.029838756707911127,403.7854662666667,521.1800968499809,0.0,0.13333333333333333
512,939,covariate,0.045574635330982854,379.840832,441.6047293408528,0.1,0.16666666666666666
512,940,covariate,0.03785621288312955,414.83636366666656,499.33605629026493,0.03333333333333333,0.3
512,942,covariate,0.045447725901093396,406.03975899999995,522.5022776734306,0.03333333333333333,0.16666666666666666
512,943,covariate,0.038458408413356814,367.71335869999996,479.72840720934516,0.06666666666666667,0.23333333333333334
512,944,covariate,0.041798061218130844,399.64890249999996,526.4370286368455,0.16666666666666666,0.13333333333333333
512,945,covariate,0.04100904856699634,234.91189439999997,312.00906405280585,0.06666666666666667,0.23333333333333334
512,946,covariate,0.03883642753845613,215.93339233333336,282.5259883576859,0.13333333333333333,0.06666666666666667
512,947,covariate,0.04833632529481389,491.4390561333333,601.4408218953206,0.23333333333333334,0.06666666666666667
512,948,covariate,0.046203830567157156,597.5841066666667,768.8123542716677,0.26666666666666666,0.03333333333333333
512,949,covariate,0.0330656730700943,252.077758,302.84338534087584,0.0,0.2
512,950,covariate,0.04982882092587937,398.9419043333334,515.4214436359482,0.03333333333333333,0.3
512,951,covariate,0.045064085371022126,466.4158873333334,591.5689916711995,0.06666666666666667,0.2
512,953,covariate,0.04074863177703082,318.42690000000005,381.09269821043625,0.03333333333333333,0.23333333333333334
512,954,covariate,0.04060516614236007,355.83450833333336,450.2777452047192,0.03333333333333333,0.16666666666666666
512,955,covariate,0.0438980242361462,286.94485233333336,407.8101589609185,0.0,0.16666666666666666
512,956,covariate,0.044693543925942596,179.80032706666665,244.80079659520814,0.03333333333333333,0.06666666666666667
512,957,covariate,0.03882432680640257,411.18220866666667,557.0548635138159,0.03333333333333333,0.16666666666666666
512,958,covariate,0.024678638559923947,125.91300933333332,156.9765313628286,0.06666666666666667,0.03333333333333333
512,959,covariate,0.03403132216231748,331.0494419999999,456.05955612687245,0.03333333333333333,0.06666666666666667
512,960,covariate,0.04244190374672349,446.8580506666665,542.5198991973817,0.06666666666666667,0.1
512,961,covariate,0.04494806541960953,406.49248750000004,487.9972309350436,0.03333333333333333,0.23333333333333334
512,962,covariate,0.04162269085705756,356.70325325000005,452.0486600324376,0.03333333333333333,0.13333333333333333
512,963,covariate,0.04375436033425293,693.5715651333333,828.3558798004314,0.0,0.26666666666666666
512,964,covariate,0.062093542541022256,730.5980926666666,903.4712894664464,0.43333333333333335,0.06666666666666667
512,965,covariate,0.04251735419541391,481.5029603333334,582.9953915868341,0.03333333333333333,0.16666666666666666
512,966,covariate,0.03735424772251195,228.32446419999997,294.9937833372638,0.1,0.16666666666666666
512,967,covariate,0.04119849829908507,488.0504128,559.6223447324494,0.03333333333333333,0.1
512,968,covariate,0.04520973150111662,420.16949700000004,527.7317001515734,0.03333333333333333,0.3333333333333333
512,969,covariate,0.05407419431650038,305.00842,357.25349662723903,0.3333333333333333,0.06666666666666667
512,970,covariate,0.043431768792546656,159.28909099999993,198.84566100770485,0.1,0.06666666666666667
512,971,covariate,0.05329038247968873,655.2929770000002,855.0309557212438,0.16666666666666666,0.2
512,972,covariate,0.04154147385490143,187.15887904333337,241.29388255852066,0.03333333333333333,0.16666666666666666
512,973,covariate,0.047896040683373664,445.4428918333333,580.045972013878,0.0,0.16666666666666666
512,975,covariate,0.04479822022606122,440.24425700000006,561.281219793045,0.03333333333333333,0.2
512,976,covariate,0.030315096398515096,256.37099433333344,339.28506059691824,0.03333333333333333,0.1
512,978,covariate,0.03400063010486291,320.7184587666667,462.78489407827817,0.0,0.06666666666666667
512,979,covariate,0.03581346832337607,325.22229023333335,397.52977786722715,0.06666666666666667,0.1
512,980,covariate,0.03276754628519924,261.4788163333334,328.10902558162974,0.06666666666666667,0.03333333333333333
512,981,covariate,0.03635783221843059,342.43617433333344,468.17991405666214,0.0,0.13333333333333333
512,982,covariate,0.03704571339632872,461.34239599999995,525.118286588186,0.0,0.23333333333333334
512,983,covariate,0.04211423695486336,429.78363049999996,605.568988602209,0.1,0.06666666666666667
512,984,covariate,0.058699932109343815,495.4635623333334,590.4120229886865,0.26666666666666666,0.03333333333333333
512,985,covariate,0.05130475154407781,608.1082451666666,740.3850085330103,0.23333333333333334,0.13333333333333333
512,986,covariate,0.03457043854723858,235.00767793333327,281.7456154316456,0.0,0.03333333333333333
512,987,covariate,0.045546084216250095,373.5523997666667,649.8050957410297,0.0,0.2
512,988,covariate,0.05951860819005201,386.7032193333334,514.5829948066703,0.06666666666666667,0.26666666666666666
512,990,covariate,0.03633438557688665,304.0737420000001,412.7721979421814,0.0,0.13333333333333333
512,991,covariate,0.04649332125671857,375.0841793333333,452.66364131269415,0.16666666666666666,0.13333333333333333
512,992,covariate,0.04604184044701869,318.42113623333336,390.63970674174743,0.16666666666666666,0.1
512,993,covariate,0.03657156646331398,398.41411999999997,483.31758813959095,0.0,0.2
512,994,covariate,0.044408706643034396,288.69223279999994,368.84180144390285,0.06666666666666667,0.1
512,995,covariate,0.03158397871862402,420.75725266666655,525.1489429559617,0.1,0.16666666666666666
512,996,covariate,0.039075669835389806,358.89209666666665,482.95922228045214,0.06666666666666667,0.13333333333333333
512,997,covariate,0.05043708055895813,310.9362136666667,437.31247466604964,0.03333333333333333,0.23333333333333334
512,998,covariate,0.045954768915187655,303.9832469666668,364.3332579971143,0.23333333333333334,0.06666666666666667
512,999,covariate,0.038091800689715995,463.66671933333333,606.9951497171364,0.0,0.2
512,1001,covariate,0.0407430898572848,334.76501,398.11904380080546,0.0,0.16666666666666666
512,1002,covariate,0.04764595003705866,479.43316933333324,558.7037680321548,0.1,0.26666666666666666
512,1003,covariate,0.05809270975243413,517.5769512,635.8680264215283,0.1,0.23333333333333334
512,1005,covariate,0.029407047625660765,242.07583633333329,312.27206287479305,0.03333333333333333,0.06666666666666667
512,1006,covariate,0.03786000765688554,383.17173186666673,472.837940125641,0.1,0.13333333333333333
512,1007,covariate,0.04274490758301596,449.73862933333334,577.7843448448697,0.03333333333333333,0.13333333333333333
512,1008,covariate,0.05196148637821594,412.10947933333335,497.32276607361,0.06666666666666667,0.3333333333333333
512,1010,covariate,0.048163619310642995,610.8586303333333,904.3762460507587,0.03333333333333333,0.2
512,1011,covariate,0.062454867356517445,556.3866233333333,744.5450282316325,0.03333333333333333,0.26666666666666666
512,1013,covariate,0.043917144459189955,189.89408433333335,285.781074537391,0.03333333333333333,0.1
512,1014,covariate,0.044172764350118916,544.2395763333332,800.0437391776458,0.03333333333333333,0.06666666666666667
512,1015,covariate,0.03086006678228126,293.29637633333334,344.7980929284045,0.03333333333333333,0.1
512,1016,covariate,0.047473237778518314,389.941238,455.29729430737376,0.23333333333333334,0.03333333333333333
512,1017,covariate,0.032888747500926886,284.470204,358.74575193687923,0.03333333333333333,0.13333333333333333
512,1018,covariate,0.03611962727757218,536.1892326666666,682.5938264337755,0.03333333333333333,0.16666666666666666
512,1020,covariate,0.032839225518786645,400.86219776666655,489.98359480036083,0.03333333333333333,0.13333333333333333
512,1021,covariate,0.03605039454727023,486.37727866666665,586.9248049779244,0.06666666666666667,0.23333333333333334
512,1022,covariate,0.0425781251978594,410.88447766666667,508.25431879804086,0.0,0.13333333333333333
512,1023,covariate,0.04637054741372903,369.85827900000004,446.204561771885,0.0,0.23333333333333334
512,1024,covariate,0.03779552265665705,327.9520395333333,407.9258646271487,0.06666666666666667,0.16666666666666666
512,1025,covariate,0.030914153615337767,334.5455579999999,412.0604409703279,0.06666666666666667,0.13333333333333333
512,1026,covariate,0.03781497554767031,465.27617673333344,582.8172566398455,0.1,0.1
512,1028,covariate,0.051294666991586746,344.18547029999996,444.59915390872055,0.06666666666666667,0.2
512,1029,covariate,0.03869554693095135,282.26035886666676,348.1422824174065,0.03333333333333333,0.16666666666666666
512,1030,covariate,0.0656103353286005,303.2742613333333,402.01304208684365,0.0,0.3333333333333333
512,1031,covariate,0.0380859345091668,265.00211866666666,324.39274503758134,0.06666666666666667,0.16666666666666666
512,1032,covariate,0.040026184068157264,481.8367580000001,633.0858035000848,0.0,0.16666666666666666
512,1033,covariate,0.029584208339822133,573.6743946666667,705.3685997667268,0.0,0.1
512,1034,covariate,0.04760195518227937,402.4050093333334,508.7724643531299,0.0,0.23333333333333334
512,1035,covariate,0.04199569801669583,272.53755266666667,345.8176639859272,0.0,0.26666666666666666
512,1036,covariate,0.04321569515077516,306.10547233333335,365.7059959211245,0.13333333333333333,0.16666666666666666
512,1037,covariate,0.04743764289724381,397.8370209999999,527.6357723686964,0.03333333333333333,0.26666666666666666
512,1039,covariate,0.03549506139496426,373.7149673333333,488.6250640598343,0.1,0.13333333333333333
512,1040,covariate,0.041612257505862435,504.0918199999999,603.4853938026309,0.03333333333333333,0.16666666666666666
512,1042,covariate,0.0472504009713807,258.707994,363.48426796331194,0.03333333333333333,0.2
512,1043,covariate,0.03682204829558243,442.4611239999998,529.5004930649037,0.0,0.3
512,1044,covariate,0.05311316068946126,438.4908443333335,510.8724676155688,0.3333333333333333,0.03333333333333333
512,1045,covariate,0.029807939798457417,497.6668433333332,574.162026883822,0.16666666666666666,0.1
512,1046,covariate,0.033239169139338276,407.1236097666667,562.9511045703404,0.0,0.16666666666666666
512,1047,covariate,0.05241062396903955,326.0718753333333,501.90899090160514,0.06666666666666667,0.1
512,1048,covariate,0.049530930446576554,535.9706150000001,622.4506587411051,0.16666666666666666,0.16666666666666666
512,1050,covariate,0.04035262042993025,420.8531382666667,513.1716657823227,0.1,0.2
512,1051,covariate,0.040316697420663156,427.1136577333333,574.8686412694652,0.13333333333333333,0.06666666666666667
512,1052,covariate,0.03771927942799733,350.2533190000001,480.3012624864149,0.1,0.1
512,1053,covariate,0.03134013150833736,341.24135266666667,442.7314534135333,0.06666666666666667,0.03333333333333333
512,1054,covariate,0.03982883515571942,356.3171411333334,447.0928571648491,0.03333333333333333,0.1
512,1055,covariate,0.036228262734284755,386.6700926666666,465.14539064689166,0.0,0.16666666666666666
512,1057,covariate,0.028563555247421973,245.94395966666661,299.53740384393717,0.03333333333333333,0.1
512,1058,covariate,0.036101681452874075,328.26476186666673,440.2407336397482,0.0,0.1
512,1059,covariate,0.042239849587569794,520.0217233333334,648.2316494865132,0.1,0.26666666666666666
512,1060,covariate,0.04636093537950675,447.7386235666666,607.8811744824109,0.06666666666666667,0.16666666666666666
512,1061,covariate,0.03417100417182019,430.69050066666665,518.0577762168226,0.16666666666666666,0.13333333333333333
512,1062,covariate,0.03884327385298656,334.58505959999997,432.15910056589433,0.0,0.16666666666666666
512,1063,covariate,0.03967629577648014,236.44468300000003,318.2322318841795,0.1,0.03333333333333333
512,1064,covariate,0.03637848314193632,469.0943065333333,600.4945060843226,0.06666666666666667,0.2
512,1066,covariate,0.02996058570595757,346.62521516666675,435.75549683108704,0.0,0.06666666666666667
512,1068,covariate,0.039763831610022796,265.7362375,331.7551416326055,0.03333333333333333,0.16666666666666666
512,1069,covariate,0.04620540463463049,377.81127566666675,511.9217344237006,0.06666666666666667,0.16666666666666666
512,1070,covariate,0.04694734563936757,475.10338799999994,588.1880109656712,0.06666666666666667,0.3
512,1071,covariate,0.04174875624786439,337.65184566666653,433.849579966314,0.03333333333333333,0.23333333333333334
512,1072,covariate,0.039245662251406584,366.14772766666664,512.3123009833156,0.06666666666666667,0.16666666666666666
512,1073,covariate,0.043657814567479,505.72426966666677,651.1570806596442,0.23333333333333334,0.06666666666666667
512,1074,covariate,0.0463624027077608,321.86465059999995,425.64761018086773,0.16666666666666666,0.03333333333333333
512,1075,covariate,0.029257107272765384,437.88845066666664,571.3897203145314,0.03333333333333333,0.16666666666666666
512,1076,covariate,0.053572729101652096,292.339881,366.8215914091047,0.16666666666666666,0.06666666666666667
512,1077,covariate,0.03527082052798682,210.8966146666666,247.58279697110558,0.0,0.1
512,1078,covariate,0.03670602748012397,419.50137149999995,504.14211977864585,0.03333333333333333,0.13333333333333333
512,1079,covariate,0.04714764676028536,533.687145,687.9149269894684,0.03333333333333333,0.26666666666666666
512,1081,covariate,0.03660341221072837,374.01419,480.390472706842,0.06666666666666667,0.13333333333333333
512,1082,covariate,0.036126738684914575,313.0339219999999,417.6791077316963,0.03333333333333333,0.16666666666666666
512,1083,covariate,0.04113366899775884,334.4253620166666,417.1293671741411,0.1,0.2
512,1084,covariate,0.04330839493042604,346.7259918333333,523.7295893676377,0.1,0.1
512,1085,covariate,0.028712259681260482,285.3502731666667,357.9493368832174,0.03333333333333333,0.1
512,1086,covariate,0.04286211001599863,330.54535766666663,478.6000745207147,0.0,0.13333333333333333
512,1087,covariate,0.04196627579130236,387.1633683333333,498.87901850119215,0.06666666666666667,0.16666666666666666
512,1088,covariate,0.041448108323605216,271.3046061146666,350.3030920250488,0.0,0.06666666666666667
512,1089,covariate,0.03582639714621857,526.6422156666667,656.0113907638523,0.06666666666666667,0.1
512,1090,covariate,0.041027403368704286,392.5268983333333,457.55588639958586,0.0,0.23333333333333334
512,1091,covariate,0.04427722344374318,569.2088726666667,667.5784082142176,0.0,0.3
512,1093,covariate,0.050118679982768276,562.2456185,712.8099350989395,0.06666666666666667,0.3
512,1095,covariate,0.028597021235987303,182.52194513333333,218.506375331289,0.0,0.06666666666666667
512,1096,covariate,0.05217393037328585,406.7327623333333,559.6564247400424,0.0,0.2
512,1097,covariate,0.0342365131126303,554.4785666666666,695.8444821170651,0.26666666666666666,0.0
512,1098,covariate,0.025943773542798365,174.67436580000006,211.76142303248605,0.0,0.06666666666666667
512,1099,covariate,0.04252988361479052,562.4984866666667,741.6155310926774,0.16666666666666666,0.16666666666666666
512,1100,covariate,0.04503401178081585,312.5153655333334,389.6228983979673,0.0,0.2
512,1101,covariate,0.03475805513155537,510.612976,619.5373801632794,0.0,0.16666666666666666
512,1103,covariate,0.037470424324595526,307.9261329333334,406.94014245909943,0.06666666666666667,0.2
512,1105,covariate,0.04591604876709368,313.9813482666667,419.8988138002359,0.06666666666666667,0.23333333333333334
512,1106,covariate,0.030690543638801703,201.46997700000006,268.2252256375706,0.06666666666666667,0.1
512,1108,covariate,0.037481500063284816,302.43417289999996,399.39675687309574,0.0,0.13333333333333333
512,1110,covariate,0.04286161206215319,262.1521594666666,330.3414996826919,0.0,0.2
512,1111,covariate,0.05142118892493386,320.16488610000005,405.0644851269025,0.03333333333333333,0.1
512,1112,covariate,0.05133819596208297,548.0692060000001,777.0279496736028,0.03333333333333333,0.1
512,1113,covariate,0.04491242532530481,409.46086329999997,521.7723458617661,0.06666666666666667,0.26666666666666666
512,1114,covariate,0.03862737706186807,1194.1369583333333,1521.7539145484625,0.16666666666666666,0.13333333333333333
512,1115,covariate,0.03713761013455294,372.8222630000001,464.6401861144808,0.06666666666666667,0.1
