store_id,context_len,mae_all,mae_open,mae_closed,n_open,n_closed
1,512,331.9094970703125,343.8363224909856,254.3851318359375,26,4
2,512,473.6418782552083,493.5833082932692,344.0225830078125,26,4
3,512,670.9225911458333,694.3802584134615,518.44775390625,26,4
4,512,1076.8167643229167,1160.4183067908655,533.40673828125,26,4
5,512,378.6103759765625,386.4129638671875,327.8935546875,26,4
6,512,398.4876220703125,423.0564434344952,238.790283203125,26,4
7,512,1035.3644856770834,1098.1659780649038,627.15478515625,26,4
8,512,529.940625,544.3220590444712,436.4613037109375,26,4
9,512,686.6336263020834,726.1506159855769,429.773193359375,26,4
10,512,653.3144449869792,684.3898080679087,451.3245849609375,26,4
11,512,796.4506184895833,857.4990422175481,399.6358642578125,26,4
12,512,696.1169759114583,711.7859637920673,594.2685546875,26,4
14,512,332.54140625,344.0438983623798,257.77520751953125,26,4
15,512,635.1920247395833,674.7144869290865,378.2960205078125,26,4
16,512,705.4766927083333,705.2328350360577,707.061767578125,26,4
17,512,642.640234375,673.9923940805288,438.8511962890625,26,4
18,512,582.414990234375,566.5425180288462,685.5860595703125,26,4
19,512,569.7463053385417,581.2523662860577,494.9569091796875,26,4
21,512,555.6713623046875,578.7392296424279,405.730224609375,26,4
23,512,681.6237630208333,706.2864614633413,521.3162231445312,26,4
24,512,1106.24521484375,1116.8698354867788,1037.1851806640625,26,4
25,512,1082.448046875,1183.5130333533655,425.525634765625,26,4
26,512,681.3992350260417,704.9139310396635,528.5537109375,26,4
27,512,1132.624169921875,1201.821533203125,682.84130859375,26,4
28,512,461.0289794921875,488.27039513221155,283.95977783203125,26,4
29,512,1031.1326009114584,1086.0589693509614,674.1112060546875,26,4
30,512,589.1537923177083,650.5162259615385,190.2979736328125,26,4
31,512,441.4032877604167,454.859375,353.938720703125,26,4
33,512,814.3484700520834,862.6036470853365,500.6898193359375,26,4
34,512,801.556982421875,876.8423414963943,312.2021484375,26,4
35,512,1478.4659342447917,1545.7186185396636,1041.323486328125,26,4
37,512,579.3080403645833,614.4432279146635,350.9293212890625,26,4
38,512,763.1935872395833,783.5878248948318,630.6310424804688,26,4
39,512,627.0924235026042,670.5687913161057,344.49603271484375,26,4
40,512,430.472705078125,459.51685509314905,241.68572998046875,26,4
42,512,1105.6267903645833,1147.9581956129807,830.47265625,26,4
43,512,524.48720703125,549.5028357872596,361.8856201171875,26,4
44,512,579.5059163411458,606.6783541165865,402.88507080078125,26,4
45,512,582.346240234375,610.8633094200721,396.98529052734375,26,4
47,512,724.259814453125,761.6554800180288,481.18798828125,26,4
48,512,290.2797444661458,302.7179142878606,209.431640625,26,4
49,512,675.49775390625,678.0238131009615,659.078369140625,26,4
50,512,592.2134602864584,613.9664963942307,450.8187255859375,26,4
53,512,591.0517008463542,624.5661996694712,373.20745849609375,26,4
54,512,685.2361653645834,724.5829326923077,429.482177734375,26,4
55,512,385.6982747395833,398.0156062199519,305.6356201171875,26,4
56,512,667.5085286458333,684.0039625901443,560.2882080078125,26,4
57,512,895.8573567708333,949.7464881310096,545.5780029296875,26,4
59,512,502.18740234375,530.8197584885818,316.07708740234375,26,4
60,512,819.8069661458334,828.3197678786057,764.4737548828125,26,4
61,512,627.6002522786458,673.4010103665865,329.89532470703125,26,4
62,512,438.062158203125,464.18006310096155,268.2957763671875,26,4
63,512,775.3943440755208,789.145986703726,686.0086669921875,26,4
64,512,1021.601025390625,1009.7203838641827,1098.8251953125,26,4
65,512,395.08689778645834,408.2259333683894,309.68316650390625,26,4
66,512,588.9873046875,627.4489558293269,338.986572265625,26,4
67,512,921.5150065104167,956.1972092848557,696.0806884765625,26,4
68,512,1196.4681803385417,1317.3248760516826,410.899658203125,26,4
69,512,917.5314778645833,976.0054086538462,537.450927734375,26,4
70,512,766.6792724609375,792.3823711688702,599.609130859375,26,4
71,512,779.3232584635417,792.4990985576923,693.6802978515625,26,4
73,512,351.14097493489584,367.2070124699519,246.71173095703125,26,4
74,512,537.4396809895833,554.4033390925481,427.1759033203125,26,4
75,512,634.4401529947917,661.9664963942307,455.5189208984375,26,4
77,512,729.2548502604167,745.9665715144231,620.628662109375,26,4
78,512,369.87403971354166,400.7397930438702,169.24664306640625,26,4
79,512,579.5603515625,593.1279954176682,491.37066650390625,26,4
80,512,618.3798177083333,633.4441856971154,520.46142578125,26,4
82,512,921.9348307291667,977.502197265625,560.7469482421875,26,4
83,512,374.73866373697916,404.32105431189905,182.453125,26,4
84,512,1001.3303385416667,1017.1603440504807,898.435302734375,26,4
85,512,609.4155436197917,609.4155436197917,,30,0
86,512,456.0480143229167,479.65748009314905,302.58648681640625,26,4
87,512,367.312060546875,392.66321739783655,202.529541015625,26,4
88,512,604.8095540364583,635.2922926682693,406.6717529296875,26,4
90,512,852.9381022135417,917.1434607872596,435.603271484375,26,4
91,512,391.80732421875,408.57723294771637,282.80291748046875,26,4
92,512,629.3850016276042,661.7497840294471,419.013916015625,26,4
93,512,495.44603678385414,539.8457688551682,206.8477783203125,26,4
94,512,591.8772786458334,578.4838115985577,678.934814453125,26,4
95,512,449.37488606770836,444.19088040865387,483.0709228515625,26,4
96,512,560.3799072265625,576.4000338040865,456.24908447265625,26,4
97,512,555.5348958333333,570.3312237079327,459.3587646484375,26,4
98,512,518.1037679036458,509.1298264723558,576.4343872070312,26,4
101,512,843.4712239583333,897.9355844350962,489.452880859375,26,4
102,512,1199.68701171875,1265.1637244591345,774.08837890625,26,4
103,512,392.82459309895836,426.37893442007214,174.72137451171875,26,4
104,512,845.5422526041667,925.8303034855769,323.669921875,26,4
105,512,522.8006998697916,530.9880840594952,469.58270263671875,26,4
106,512,1003.1425130208333,1091.3053072415864,430.0843505859375,26,4
107,512,674.886669921875,680.7831092247596,636.559814453125,26,4
109,512,761.6246744791666,814.2996732271635,419.2371826171875,26,4
110,512,417.7756022135417,454.6954345703125,177.79669189453125,26,4
111,512,687.0717122395833,733.5604154146635,384.8951416015625,26,4
112,512,638.963916015625,687.0821063701923,326.1956787109375,26,4
114,512,413.934814453125,432.19385704627405,295.25103759765625,26,4
116,512,492.8866373697917,518.9044471153846,323.7708740234375,26,4
117,512,262.398876953125,279.1067082331731,153.7979736328125,26,4
118,512,930.9144856770833,950.5404710036057,803.3455810546875,26,4
119,512,441.3569010416667,456.3662297175481,343.7962646484375,26,4
120,512,632.0901041666667,663.6215069110577,427.135986328125,26,4
121,512,297.3909016927083,312.79883751502405,197.23931884765625,26,4
122,512,1092.7175699869792,1092.7175699869792,,30,0
123,512,769.5312174479167,796.5462928185096,593.9332275390625,26,4
124,512,464.03160807291664,510.5749323918269,161.5,26,4
125,512,1213.87548828125,1274.666766826923,818.732177734375,26,4
126,512,635.2060139973959,691.4945256159856,269.3306884765625,26,4
128,512,771.334716796875,774.6226524939904,749.963134765625,26,4
130,512,480.2055419921875,504.9528245192308,319.34820556640625,26,4
131,512,631.1793212890625,690.06494140625,248.42279052734375,26,4
133,512,443.6928466796875,451.52123084435095,392.808349609375,26,4
134,512,297.948828125,328.09813514122595,101.97833251953125,26,4
135,512,616.5993489583333,647.8337214543269,413.575927734375,26,4
138,512,581.2050211588542,585.9985633263221,550.0469970703125,26,4
140,512,648.4150716145833,668.9790414663462,514.749267578125,26,4
141,512,494.92543131510416,492.24056302584137,512.3770751953125,26,4
142,512,272.568310546875,301.94509652944714,81.61920166015625,26,4
143,512,632.6223551432291,626.3277963491587,673.5369873046875,26,4
146,512,717.6300618489583,720.0587252103365,701.84375,26,4
147,512,869.37578125,914.9549654447115,573.111083984375,26,4
148,512,630.3397298177083,637.4252741887019,584.28369140625,26,4
150,512,820.5295572916667,862.73388671875,546.201416015625,26,4
151,512,628.2675130208333,640.2261493389423,550.536376953125,26,4
152,512,483.59144694010416,510.0028733473558,311.91717529296875,26,4
153,512,592.2911214192708,606.0033522385818,503.16162109375,26,4
154,512,859.1944010416667,881.5732797475962,713.731689453125,26,4
156,512,684.5466959635417,713.2386944110577,498.0487060546875,26,4
157,512,770.4357584635417,817.8847092848557,462.017578125,26,4
158,512,774.3478678385417,819.4043719951923,481.4805908203125,26,4
160,512,532.550732421875,550.7372295673077,414.3385009765625,26,4
161,512,610.084814453125,636.9352463942307,435.5570068359375,26,4
162,512,771.9583089192708,797.3905780498798,606.6485595703125,26,4
163,512,505.46708984375,532.1520244891827,332.0150146484375,26,4
166,512,552.3759521484375,588.6392634465144,316.6644287109375,26,4
167,512,790.05927734375,811.3714130108173,651.5303955078125,26,4
168,512,734.662744140625,769.7837289663462,506.3763427734375,26,4
169,512,757.655419921875,830.29443359375,285.5018310546875,26,4
170,512,489.68431803385414,529.4442420372596,231.24481201171875,26,4
171,512,741.6653157552083,758.5976374699519,631.605224609375,26,4
173,512,878.002197265625,938.9649000901443,481.74462890625,26,4
175,512,703.1880859375,759.1128117487981,339.6773681640625,26,4
176,512,480.1513671875,525.096670297476,188.00689697265625,26,4
177,512,499.5861083984375,541.097421499399,229.7625732421875,26,4
178,512,843.3802734375,870.2935697115385,668.44384765625,26,4
179,512,867.8550455729167,925.3323129507212,494.2528076171875,26,4
180,512,788.6988606770833,859.7589956430288,326.8079833984375,26,4
182,512,496.9142740885417,512.3568772536057,396.537353515625,26,4
184,512,587.4352376302083,635.7068246694712,273.669921875,26,4
185,512,625.5924641927083,666.5262732872596,359.522705078125,26,4
187,512,579.20380859375,615.147705078125,345.5684814453125,26,4
188,512,869.9195882161458,930.2684795673077,477.65179443359375,26,4
189,512,767.38193359375,822.125,411.552001953125,26,4
193,512,418.0200602213542,417.7388916015625,419.84765625,26,4
194,512,492.35576171875,529.7548264723557,249.2618408203125,26,4
195,512,926.3428873697917,954.4659329927885,743.5430908203125,26,4
196,512,431.0559488932292,430.87918795072113,432.20489501953125,26,4
197,512,650.1326334635417,655.7792029747596,613.429931640625,26,4
198,512,359.10322265625,386.74219689002405,179.44989013671875,26,4
199,512,739.0985514322916,753.5353440504807,645.2593994140625,26,4
200,512,847.1261555989583,929.2681415264423,313.2032470703125,26,4
201,512,538.5796793619792,569.8606238731971,335.2535400390625,26,4
202,512,457.40040690104166,439.10415414663464,576.3260498046875,26,4
203,512,624.7584147135417,664.0736929086538,369.2091064453125,26,4
205,512,654.2477376302083,680.8157113882212,481.555908203125,26,4
206,512,889.2347005208334,934.3347355769231,596.08447265625,26,4
207,512,1154.8667317708334,1185.8340407151443,953.5792236328125,26,4
208,512,385.1778605143229,422.5892662635216,142.00372314453125,26,4
209,512,760.670947265625,760.670947265625,,30,0
210,512,311.6363932291667,319.9507023737981,257.5933837890625,26,4
211,512,1187.7229817708333,1238.6747671274038,856.536376953125,26,4
212,512,465.70568033854164,490.45850548377405,304.81231689453125,26,4
213,512,741.0012369791667,749.6663724459135,684.6778564453125,26,4
214,512,671.6622721354166,677.5361140324519,633.4822998046875,26,4
216,512,859.1614420572917,906.4433218149038,551.8292236328125,26,4
217,512,552.8894856770834,591.7683856670673,300.1766357421875,26,4
219,512,259.8791870117187,282.5356773963341,112.61199951171875,26,4
220,512,543.8576578776042,586.9539325420673,263.73187255859375,26,4
221,512,595.0027669270834,618.0234375,445.368408203125,26,4
222,512,427.5694986979167,440.29822716346155,344.832763671875,26,4
223,512,703.4512858072917,732.2210975060096,516.447509765625,26,4
224,512,589.141162109375,568.239501953125,725.001953125,26,4
225,512,614.0307861328125,660.1103140024038,314.51385498046875,26,4
226,512,590.8951171875,580.8800330528846,655.9931640625,26,4
227,512,474.8398111979167,473.3737980769231,484.368896484375,26,4
228,512,784.5688151041667,785.25390625,780.11572265625,26,4
229,512,795.3796875,809.2240647536057,705.3912353515625,26,4
230,512,870.7610514322917,922.8329326923077,532.2938232421875,26,4
232,512,507.607080078125,547.0160193810096,251.448974609375,26,4
233,512,864.5385416666667,890.3484637920673,696.7740478515625,26,4
234,512,1275.1935384114583,1332.0603402944712,905.559326171875,26,4
235,512,549.4283284505208,567.4888634314904,432.03485107421875,26,4
236,512,590.30576171875,594.4644681490385,563.274169921875,26,4
237,512,381.1885172526042,416.9769944411058,148.56341552734375,26,4
238,512,944.1325358072917,981.0491098257212,704.1748046875,26,4
239,512,635.1620361328125,669.5438138521635,411.68048095703125,26,4
240,512,381.1512451171875,396.9948167067308,278.16802978515625,26,4
241,512,554.859375,569.8332895132212,457.5289306640625,26,4
242,512,443.43494466145836,475.93039175180286,232.21453857421875,26,4
244,512,634.0660888671875,660.6279109074519,461.41424560546875,26,4
245,512,888.22890625,909.2266188401443,751.7437744140625,26,4
246,512,777.2809407552083,861.2084585336538,231.7520751953125,26,4
247,512,759.4472330729167,770.0656550480769,690.427490234375,26,4
248,512,801.6545247395833,850.9080341045673,481.5067138671875,26,4
249,512,574.5364420572917,595.822763296274,436.17535400390625,26,4
250,512,943.5135091145834,982.3506234975962,691.072265625,26,4
251,512,1811.77724609375,1860.0506310096155,1498.000244140625,26,4
252,512,897.3229654947917,913.4659705528846,792.3934326171875,26,4
253,512,514.9853434244792,564.1657527043269,195.31268310546875,26,4
254,512,311.7714396158854,327.4856661283053,209.62896728515625,26,4
255,512,496.61578776041665,498.1283991887019,486.7838134765625,26,4
256,512,1077.5260904947916,1172.6912747896636,458.952392578125,26,4
257,512,514.1587565104167,562.8780893179087,197.48309326171875,26,4
259,512,593.8794270833333,593.8794270833333,,30,0
260,512,396.826171875,407.6653395432692,326.37158203125,26,4
261,512,1110.353515625,1157.4517728365386,804.21484375,26,4
262,512,1764.6701171875,1764.6701171875,,30,0
264,512,697.6925130208333,721.9428523137019,540.0653076171875,26,4
265,512,650.2496256510417,680.9293776292068,450.83123779296875,26,4
266,512,229.09644368489583,227.70979191706732,238.10968017578125,26,4
267,512,1319.8062662760417,1461.4891075721155,398.8677978515625,26,4
268,512,542.1973307291667,557.5119347205529,442.65240478515625,26,4
269,512,1265.9266276041667,1392.4224759615386,443.70361328125,26,4
270,512,787.38330078125,809.8190166766827,641.5511474609375,26,4
271,512,816.9119140625,877.2224872295673,424.8931884765625,26,4
272,512,656.3990885416666,681.4597355769231,493.5048828125,26,4
273,512,778.9892252604167,774.5438514122596,807.8841552734375,26,4
274,512,798.342236328125,798.342236328125,,30,0
276,512,289.194580078125,311.4859619140625,144.30059814453125,26,4
278,512,895.256591796875,959.319091796875,478.850341796875,26,4
280,512,599.3834635416666,649.9638108473557,270.6112060546875,26,4
281,512,562.1666666666666,593.9200721153846,355.76953125,26,4
282,512,423.0368326822917,462.46436485877405,166.75787353515625,26,4
285,512,473.1427978515625,481.7943866436298,416.907470703125,26,4
286,512,550.8142985026042,609.9885441706731,166.18170166015625,26,4
289,512,587.8491373697917,620.2574744591346,377.1949462890625,26,4
290,512,684.4318603515625,740.9128699669471,317.3052978515625,26,4
291,512,652.7372721354167,659.6736966646635,607.6505126953125,26,4
292,512,7459.825,12219.103759765625,5729.178178267045,8,22
293,512,543.6687906901042,569.0647442157452,378.5950927734375,26,4
294,512,639.6256510416666,637.3878831129807,654.171142578125,26,4
295,512,553.5744710286458,571.706533578726,435.716064453125,26,4
296,512,614.358056640625,652.1793118990385,368.5198974609375,26,4
297,512,661.3753743489583,674.7392202524038,574.5103759765625,26,4
299,512,814.1980305989583,814.1980305989583,,30,0
300,512,827.1423665364583,895.859375,380.4818115234375,26,4
301,512,452.5964599609375,480.8849628155048,268.72119140625,26,4
302,512,444.7112996419271,469.2776207557091,285.03021240234375,26,4
303,512,1188.1944498697917,1255.194073016827,752.6968994140625,26,4
304,512,718.23525390625,771.1018254206731,374.6025390625,26,4
305,512,645.943505859375,672.164306640625,475.50830078125,26,4
307,512,260.68019205729166,272.39417912409857,184.53927612304688,26,4
308,512,959.1065266927084,1032.842754657452,479.821044921875,26,4
309,512,625.8142171223958,634.5239539513221,569.200927734375,26,4
310,512,853.6509195963541,853.6509195963541,,30,0
311,512,560.800634765625,544.2494365985577,668.3834228515625,26,4
312,512,620.0470703125,649.8605769230769,426.25927734375,26,4
313,512,715.954541015625,752.3420034555288,479.43603515625,26,4
314,512,480.36339518229164,500.79696890024036,347.545166015625,26,4
315,512,503.3899332682292,540.2548358623798,263.76806640625,26,4
316,512,910.4408365885416,898.0129957932693,991.2218017578125,26,4
318,512,676.02451171875,721.0524338942307,383.343017578125,26,4
319,512,698.8318522135417,749.2198392427885,371.3099365234375,26,4
320,512,1522.3980143229167,1662.075458233173,614.49462890625,26,4
321,512,512.919970703125,513.2259803185096,510.930908203125,26,4
322,512,467.89549967447914,488.0551945612981,336.85748291015625,26,4
323,512,624.3480631510416,617.1032339242788,671.439453125,26,4
324,512,590.4262939453125,637.2411076472356,286.1300048828125,26,4
325,512,670.8572265625,713.6985426682693,392.388671875,26,4
326,512,459.719775390625,463.0529972956731,438.0538330078125,26,4
327,512,764.8654947916667,808.6002478966346,480.589599609375,26,4
328,512,276.00330403645836,292.1186992938702,171.25323486328125,26,4
329,512,527.6521077473958,555.4503361628606,346.963623046875,26,4
330,512,463.68475748697915,494.11837064302887,265.86627197265625,26,4
331,512,533.3404459635417,572.2596905048077,280.3653564453125,26,4
332,512,267.54322916666666,296.2015944260817,81.26385498046875,26,4
333,512,972.6505696614583,1015.1570387620193,696.3585205078125,26,4
334,512,476.61162109375,495.82035006009613,351.7548828125,26,4
335,512,1026.505322265625,1026.505322265625,,30,0
336,512,1223.5413411458333,1255.2258864182693,1017.591796875,26,4
337,512,481.5334065755208,497.4843937800481,377.85198974609375,26,4
338,512,640.6638671875,668.3151479867788,460.9305419921875,26,4
339,512,561.7582682291667,592.9056490384615,359.30029296875,26,4
340,512,772.6736653645834,791.5321890024038,650.09326171875,26,4
341,512,447.5540364583333,460.3756291316106,364.21368408203125,26,4
343,512,787.246044921875,833.9404672475962,483.7322998046875,26,4
344,512,1017.1202473958333,1073.146503155048,652.9495849609375,26,4
346,512,488.47141927083334,486.9387394831731,498.433837890625,26,4
347,512,428.2104817708333,454.93128380408655,254.5252685546875,26,4
349,512,435.30079752604166,435.05960787259613,436.8685302734375,26,4
350,512,663.3953776041667,697.5988581730769,441.07275390625,26,4
351,512,532.3712646484375,554.5380202073318,388.287353515625,26,4
352,512,656.71552734375,681.9538198617788,492.6666259765625,26,4
353,512,389.947705078125,389.947705078125,,30,0
354,512,936.769921875,971.23486328125,712.747802734375,26,4
355,512,898.8737141927083,947.8665677584135,580.420166015625,26,4
356,512,520.9955159505208,530.7685359074519,457.47088623046875,26,4
357,512,881.9894694010417,925.1557429387019,601.40869140625,26,4
358,512,928.1779134114583,944.1000788762019,824.683837890625,26,4
359,512,563.2434244791667,591.4604304387019,379.8328857421875,26,4
360,512,668.35458984375,701.4826847956731,453.02197265625,26,4
361,512,649.9844563802084,676.8484731820913,475.36834716796875,26,4
362,512,666.7044596354167,648.0420109675481,788.0103759765625,26,4
363,512,854.6312174479167,932.2813626802885,349.9052734375,26,4
364,512,582.0937906901041,617.7586106520432,350.2724609375,26,4
366,512,519.3753336588542,552.1277512770432,306.484619140625,26,4
367,512,668.535009765625,679.2857008713943,598.655517578125,26,4
368,512,1102.508544921875,1136.1175255408655,884.0501708984375,26,4
369,512,440.79412434895835,436.52967247596155,468.5130615234375,26,4
370,512,737.6658854166667,785.4185133713943,427.2738037109375,26,4
371,512,579.6810465494792,590.728036733774,507.8756103515625,26,4
372,512,882.1670247395833,887.3045372596154,848.773193359375,26,4
373,512,321.047119140625,343.1474609375,177.3948974609375,26,4
374,512,575.8667317708333,619.1853778545673,294.2955322265625,26,4
375,512,797.86162109375,825.1463716947115,620.5107421875,26,4
376,512,777.5032063802083,801.7384878305288,619.973876953125,26,4
377,512,1011.1451985677083,1067.5179725060095,644.72216796875,26,4
378,512,661.49794921875,692.9339317908654,457.1640625,26,4
379,512,419.73985188802084,419.7006084735577,419.99493408203125,26,4
380,512,1419.6709309895834,1503.9369741586538,871.941650390625,26,4
381,512,527.76064453125,544.5931490384615,418.349365234375,26,4
382,512,686.36748046875,723.8836388221154,442.512451171875,26,4
383,512,1584.4603841145833,1614.6795748197114,1388.03564453125,26,4
384,512,798.5340006510417,840.3128380408654,526.9715576171875,26,4
386,512,638.1298990885417,657.3389798677885,513.2708740234375,26,4
387,512,1292.591748046875,1371.396484375,780.3609619140625,26,4
388,512,900.7053873697917,930.8402944711538,704.8284912109375,26,4
389,512,966.2821126302083,1017.9853140024038,630.2113037109375,26,4
390,512,1115.2968098958333,1138.1394794170674,966.8194580078125,26,4
391,512,605.0978434244792,657.3535625751202,265.4356689453125,26,4
392,512,761.06455078125,805.2794471153846,473.667724609375,26,4
393,512,593.1780924479167,630.9989295372596,347.3426513671875,26,4
394,512,755.101611328125,762.3334773137019,708.094482421875,26,4
395,512,328.8230224609375,348.8633469801683,198.5609130859375,26,4
396,512,850.5188151041667,890.4096491887019,591.2283935546875,26,4
397,512,587.3316243489584,612.6785606971154,422.5765380859375,26,4
398,512,625.6305582682292,658.8346135066106,409.80419921875,26,4
400,512,730.643212890625,749.2152005709135,609.92529296875,26,4
401,512,585.6183756510417,601.7802170973557,480.56640625,26,4
402,512,663.8284505208334,720.5080754206731,295.410888671875,26,4
403,512,594.8082682291666,631.7196326622596,354.8843994140625,26,4
404,512,483.6088541666667,488.48829064002405,451.89251708984375,26,4
405,512,403.9979654947917,410.84407865084137,359.49822998046875,26,4
406,512,753.9631998697917,756.6500713641827,736.49853515625,26,4
408,512,620.3225260416667,656.1336951622596,387.5499267578125,26,4
409,512,651.0290120442709,677.2639817457932,480.501708984375,26,4
410,512,591.8398274739583,612.9241098257212,454.7919921875,26,4
411,512,871.372802734375,880.9140625,809.3546142578125,26,4
414,512,566.9228515625,563.0351750300481,592.1927490234375,26,4
415,512,595.528369140625,633.9084848257212,346.0576171875,26,4
416,512,853.8736002604167,869.5787259615385,751.790283203125,26,4
417,512,696.8326497395833,729.3906062199519,485.2059326171875,26,4
418,512,480.07965494791665,520.4567213792068,217.62872314453125,26,4
419,512,595.7229899088542,653.595693734976,219.5504150390625,26,4
421,512,1515.9438151041666,1664.1135817307693,552.84033203125,26,4
422,512,397.95598958333335,419.80666879507214,255.92657470703125,26,4
423,512,862.80556640625,862.80556640625,,30,0
424,512,822.8971842447917,873.7035945012019,492.655517578125,26,4
425,512,337.8935587565104,361.70899846003607,183.09320068359375,26,4
426,512,376.81438802083335,397.29849947415863,243.66766357421875,26,4
431,512,809.8977864583334,824.5155686598557,714.8822021484375,26,4
432,512,915.133447265625,935.8883526141827,780.2265625,26,4
433,512,810.1453531901042,810.1453531901042,,30,0
435,512,206.65380045572917,222.3459754356971,104.6546630859375,26,4
436,512,489.17682291666665,516.1569260817307,313.80615234375,26,4
437,512,1165.2816731770833,1300.347637469952,287.3529052734375,26,4
438,512,524.4051920572916,531.434805063101,478.71270751953125,26,4
439,512,661.0736165364583,677.0593637319712,557.166259765625,26,4
440,512,560.5532796223958,582.6932748647837,416.643310546875,26,4
441,512,732.5250651041666,779.4583082932693,427.458984375,26,4
442,512,544.454296875,561.4039776141827,434.2813720703125,26,4
443,512,361.81678059895836,370.96395169771637,302.36016845703125,26,4
444,512,1018.5080729166667,1101.7293043870193,477.570068359375,26,4
445,512,786.398583984375,840.4244666466346,435.2303466796875,26,4
446,512,447.7369384765625,494.2515117938702,145.3922119140625,26,4
447,512,477.55927734375,505.6215632512019,295.1544189453125,26,4
448,512,752.2704264322916,799.0824631911057,447.9921875,26,4
449,512,809.2908365885417,856.605224609375,501.747314453125,26,4
450,512,1307.3525227864584,1434.204326923077,482.8157958984375,26,4
451,512,443.251220703125,442.68578162560095,446.92657470703125,26,4
452,512,537.835986328125,560.4362229567307,390.9344482421875,26,4
453,512,1527.2955891927083,1527.2955891927083,,30,0
454,512,609.269482421875,656.5839092548077,301.7257080078125,26,4
455,512,828.2263671875,886.3832820012019,450.2064208984375,26,4
456,512,500.27666015625,521.9030573918269,359.705078125,26,4
458,512,786.69521484375,817.1015061598557,589.0543212890625,26,4
459,512,858.523046875,881.8541541466346,706.870849609375,26,4
460,512,387.0966267903646,417.6038301908053,188.7998046875,26,4
461,512,397.2016194661458,415.99710787259613,275.03094482421875,26,4
462,512,455.67640787760416,487.4786376953125,248.9619140625,26,4
463,512,486.423388671875,526.2628267728365,227.467041015625,26,4
464,512,828.18564453125,875.0010892427885,523.88525390625,26,4
465,512,822.6837727864583,829.3728215144231,779.2049560546875,26,4
466,512,751.3359456380208,795.740224984976,462.7081298828125,26,4
467,512,1454.9990234375,1581.9604116586538,629.75,26,4
468,512,981.581005859375,1074.7198580228364,376.178466796875,26,4
469,512,1154.0821614583333,1214.1017503004807,763.954833984375,26,4
470,512,1533.9215494791667,1617.1419771634614,992.98876953125,26,4
472,512,634.9733154296875,696.0046011117788,238.26995849609375,26,4
473,512,327.8926228841146,347.213871882512,202.30450439453125,26,4
474,512,548.5377766927083,550.6737342247596,534.654052734375,26,4
475,512,611.565869140625,632.8107534555288,473.47412109375,26,4
476,512,449.70517578125,460.6030836838942,378.8687744140625,26,4
478,512,656.0651204427083,709.0912710336538,311.3951416015625,26,4
479,512,1149.5251139322916,1269.8585298978364,367.35791015625,26,4
480,512,372.304345703125,395.81226524939905,219.50286865234375,26,4
481,512,691.2382242838542,724.4314716045673,475.48211669921875,26,4
482,512,721.1748209635417,790.5565655048077,270.1934814453125,26,4
483,512,520.2534749348958,565.2873253455529,227.533447265625,26,4
484,512,834.0456705729167,881.8229041466346,523.49365234375,26,4
486,512,460.5975016276042,490.85811673677887,263.90350341796875,26,4
487,512,661.5818522135417,691.3176457331731,468.2991943359375,26,4
488,512,391.8818033854167,411.38388296274036,265.1182861328125,26,4
489,512,560.9659098307292,563.837148813101,542.3028564453125,26,4
491,512,514.4973714192708,504.9346736027644,576.6549072265625,26,4
493,512,842.35849609375,885.9469275841346,559.03369140625,26,4
494,512,537.5680013020833,537.5680013020833,,30,0
495,512,618.4604410807292,639.1423058143029,484.0283203125,26,4
496,512,771.5647298177083,791.3981745793269,642.6473388671875,26,4
497,512,677.1365397135417,683.9109074519231,633.1031494140625,26,4
499,512,449.2174967447917,463.75477013221155,354.7252197265625,26,4
502,512,1181.151953125,1272.340087890625,588.4290771484375,26,4
503,512,677.0382975260417,706.8187913161057,483.465087890625,26,4
504,512,791.0627766927083,854.4667217548077,378.9371337890625,26,4
505,512,407.3641845703125,428.08817232572113,272.65826416015625,26,4
506,512,730.0123372395833,763.5081881009615,512.289306640625,26,4
507,512,816.2359700520833,842.85107421875,643.23779296875,26,4
508,512,827.1732096354167,859.1332444411057,619.4329833984375,26,4
509,512,569.1860921223958,598.1852182241587,380.6917724609375,26,4
510,512,719.8336588541666,766.6120229867788,415.7742919921875,26,4
511,512,414.3021647135417,426.62252103365387,334.2198486328125,26,4
513,512,1371.1599934895833,1457.3181715745193,811.1318359375,26,4
515,512,802.9660481770833,833.9243727463943,601.7369384765625,26,4
516,512,769.3781412760417,822.0612980769231,426.9376220703125,26,4
517,512,750.8814615885417,805.9635479266827,392.847900390625,26,4
519,512,544.8754801432292,571.7574275090144,370.142822265625,26,4
520,512,426.2119873046875,449.1213942307692,277.30084228515625,26,4
521,512,577.713916015625,612.213632436899,353.46575927734375,26,4
523,512,924.0442057291667,976.3819861778846,583.8486328125,26,4
524,512,663.6838216145833,663.6838216145833,,30,0
525,512,697.7733561197916,737.1690955528846,441.7010498046875,26,4
526,512,849.8410807291667,857.0337853064904,803.0885009765625,26,4
527,512,1072.3535319010416,1131.6155536358174,687.150390625,26,4
528,512,1148.1089680989583,1177.735088641827,955.5391845703125,26,4
529,512,775.1638346354167,812.0912522536057,535.1356201171875,26,4
530,512,712.796875,712.796875,,30,0
531,512,403.66754557291665,435.75381234975964,195.1068115234375,26,4
532,512,653.7214192708333,692.3145658052885,402.865966796875,26,4
533,512,882.5531575520833,878.0257662259615,911.981201171875,26,4
535,512,624.4177408854167,662.7829026442307,375.044189453125,26,4
536,512,937.4527669270833,1016.3756760817307,424.453857421875,26,4
537,512,565.0451090494792,585.7512488731971,430.4552001953125,26,4
538,512,330.3385416666667,344.9585712139423,235.308349609375,26,4
541,512,748.2889892578125,791.883291391226,464.926025390625,26,4
543,512,257.7077962239583,268.8683330829327,185.164306640625,26,4
544,512,1243.9892903645834,1280.6607196514424,1005.625,26,4
545,512,995.7109537760417,971.9324481670673,1150.271240234375,26,4
546,512,1832.3876953125,2013.8933668870193,652.600830078125,26,4
548,512,737.2690755208333,751.5188269981971,644.6456909179688,26,4
549,512,386.225537109375,400.38675631009613,294.1776123046875,26,4
550,512,556.2533528645833,596.6348219651443,293.7738037109375,26,4
551,512,904.013623046875,1002.6461838942307,262.9019775390625,26,4
552,512,907.9105875651042,965.0668663611779,536.394775390625,26,4
553,512,655.0527180989583,690.0972430889423,427.2633056640625,26,4
554,512,469.54835611979166,495.08022836538464,303.5911865234375,26,4
556,512,615.6972981770833,642.3284254807693,442.594970703125,26,4
557,512,477.3160725911458,527.9078087439904,148.46978759765625,26,4
558,512,415.2561767578125,431.4472844050481,310.01397705078125,26,4
559,512,619.1180094401042,674.6490102914663,258.16650390625,26,4
560,512,1510.233984375,1604.945575420673,894.608642578125,26,4
561,512,782.7205078125,834.1064077524038,448.712158203125,26,4
562,512,832.1545247395833,832.1545247395833,,30,0
563,512,632.5349527994791,694.7941518930288,227.85015869140625,26,4
564,512,457.2109700520833,450.21157602163464,502.70703125,26,4
565,512,475.24427083333336,471.53331580528845,499.365478515625,26,4
566,512,583.071923828125,606.3840989332932,431.54278564453125,26,4
567,512,583.7821126302083,624.7167311448318,317.70709228515625,26,4
568,512,372.585107421875,361.97519155649036,441.549560546875,26,4
569,512,286.7826171875,315.3096266526442,101.3570556640625,26,4
570,512,472.55357259114584,522.9133676382212,145.21490478515625,26,4
572,512,622.4873860677084,655.3516000600962,408.8699951171875,26,4
574,512,1159.193212890625,1242.402813251202,618.330810546875,26,4
576,512,722.0972005208333,772.6670673076923,393.39306640625,26,4
577,512,606.45458984375,648.7076791616587,331.80950927734375,26,4
578,512,1274.4302897135417,1274.4302897135417,,30,0
579,512,932.4299560546875,990.2815786508413,556.3944091796875,26,4
580,512,1025.874658203125,1138.569805438702,293.356201171875,26,4
581,512,380.0451334635417,400.29210486778845,248.4398193359375,26,4
582,512,729.7806477864583,784.8426795372596,371.87744140625,26,4
583,512,295.8978597005208,305.06177696814905,236.3323974609375,26,4
584,512,493.17701822916666,497.8294208233173,462.9364013671875,26,4
585,512,638.110986328125,676.4385329026443,388.98193359375,26,4
586,512,1237.8161458333334,1258.9634540264424,1100.358642578125,26,4
588,512,629.0277994791667,650.2430513822115,491.128662109375,26,4
589,512,712.6923258463542,757.942392202524,418.56689453125,26,4
590,512,575.7118326822916,626.157949594351,247.81207275390625,26,4
591,512,605.89248046875,648.5892897385818,328.36322021484375,26,4
592,512,415.46448567708336,452.4196589543269,175.255859375,26,4
593,512,1029.82060546875,1095.500713641827,602.89990234375,26,4
594,512,361.2583414713542,391.00851675180286,167.8822021484375,26,4
595,512,1294.9951497395834,1384.6593674879807,712.177734375,26,4
596,512,330.5007080078125,325.98068472055286,359.880859375,26,4
597,512,544.1529459635417,571.1560809795673,368.632568359375,26,4
599,512,672.2156901041667,704.1343524639423,464.744384765625,26,4
600,512,884.71328125,925.2584510216346,621.169677734375,26,4
601,512,393.9593994140625,398.32970252403845,365.55242919921875,26,4
602,512,621.8095865885417,643.6226524939904,480.024658203125,26,4
603,512,592.4948567708333,589.8602576622596,609.6197509765625,26,4
605,512,1028.574365234375,1111.4213303786057,490.069091796875,26,4
606,512,369.52007649739585,386.12345064603363,261.59814453125,26,4
607,512,406.29461263020835,430.50365271935095,248.93585205078125,26,4
608,512,910.5837565104167,983.0820688100962,439.3447265625,26,4
609,512,342.9228190104167,355.3051194411058,262.4378662109375,26,4
610,512,374.18701985677086,395.0857684795673,238.34515380859375,26,4
613,512,335.567333984375,347.8898737980769,255.4708251953125,26,4
614,512,532.2758951822917,553.5303297776443,394.1220703125,26,4
615,512,647.244140625,693.4368802584135,346.9913330078125,26,4
616,512,882.2009114583333,937.1535081129807,525.009033203125,26,4
617,512,597.80283203125,633.3012883112981,367.0628662109375,26,4
618,512,689.3085123697916,705.4532189002404,584.367919921875,26,4
621,512,571.263818359375,600.5414287860577,380.9593505859375,26,4
622,512,498.79108072916665,516.3899958683894,384.39813232421875,26,4
623,512,662.351806640625,716.1418832632212,312.71630859375,26,4
624,512,552.2423828125,582.4461388221154,355.91796875,26,4
625,512,515.244580078125,554.7604417067307,258.3914794921875,26,4
626,512,945.6039225260416,991.4319035456731,647.7220458984375,26,4
627,512,797.81240234375,828.3256272536057,599.4764404296875,26,4
628,512,810.1564534505209,886.6168588491587,313.163818359375,26,4
630,512,548.872607421875,605.2020169771635,182.7314453125,26,4
631,512,533.734765625,545.2638972355769,458.79541015625,26,4
632,512,629.436474609375,649.0381610576923,502.0255126953125,26,4
634,512,493.48986002604164,507.38192983774036,403.19140625,26,4
635,512,523.5629557291667,552.893310546875,332.9156494140625,26,4
639,512,421.0385335286458,454.6247370793269,202.72821044921875,26,4
640,512,1235.7160807291666,1221.2848369891826,1329.5191650390625,26,4
641,512,578.4685709635417,625.4402606670673,273.152587890625,26,4
642,512,271.2463053385417,287.8524827223558,163.30615234375,26,4
643,512,846.08720703125,919.9942533052885,365.69140625,26,4
645,512,1285.2415852864583,1351.5452035757212,854.26806640625,26,4
647,512,685.1697428385417,718.9075364332932,465.87408447265625,26,4
648,512,662.35966796875,716.4342698317307,310.874755859375,26,4
649,512,290.1796915690104,300.0623450646034,225.94244384765625,26,4
651,512,527.6388346354166,555.0504807692307,349.463134765625,26,4
652,512,564.4822916666667,562.3775165264423,578.163330078125,26,4
653,512,539.3913492838542,566.7581223707932,361.50732421875,26,4
654,512,490.13538411458336,494.2002704326923,463.713623046875,26,4
655,512,993.451708984375,1037.0226675180288,710.240478515625,26,4
656,512,353.8719970703125,380.74373685396637,179.2056884765625,26,4
657,512,961.8093424479167,1066.3082369290864,282.5665283203125,26,4
658,512,605.4737630208333,636.6611703725962,402.755615234375,26,4
659,512,446.46520182291664,477.52749399038464,244.560302734375,26,4
661,512,818.668359375,848.8503793569712,622.4852294921875,26,4
662,512,1261.9987223307292,1304.967050405649,982.70458984375,26,4
663,512,496.12333984375,503.6841383713942,446.9781494140625,26,4
664,512,491.946044921875,503.5134934645433,416.75762939453125,26,4
665,512,558.8064615885417,586.8196927584135,376.720458984375,26,4
666,512,854.6264241536459,904.4967228816106,530.469482421875,26,4
667,512,739.1093424479167,757.2579815204327,621.1431884765625,26,4
668,512,894.9239583333333,958.0897686298077,484.34619140625,26,4
672,512,611.8937662760417,613.1422213040865,603.77880859375,26,4
673,512,882.7327473958334,894.8402756911057,804.0338134765625,26,4
674,512,670.5461263020833,712.4507774939904,398.1658935546875,26,4
675,512,431.24317626953126,477.2356661283053,132.2919921875,26,4
676,512,522.3098470052083,522.3098470052083,,30,0
678,512,930.7920572916667,988.3081993689904,556.9371337890625,26,4
679,512,680.7066569010417,699.8198993389423,556.4705810546875,26,4
680,512,668.3611165364583,734.7444411057693,236.8695068359375,26,4
681,512,551.5043050130208,610.5428842397837,167.7535400390625,26,4
682,512,612.7807454427083,612.7807454427083,,30,0
683,512,787.1054036458333,817.0409405048077,592.5244140625,26,4
685,512,636.7508138020834,690.4378192608173,287.7852783203125,26,4
686,512,440.0711181640625,450.9445143479567,369.39404296875,26,4
687,512,706.9729817708334,743.5089017427885,469.489501953125,26,4
688,512,354.8923746744792,382.7224308894231,173.99700927734375,26,4
689,512,643.308544921875,694.6799504206731,309.3944091796875,26,4
690,512,484.05719401041665,516.3971322866587,273.84759521484375,26,4
691,512,899.7117513020834,975.9813889723557,403.9591064453125,26,4
692,512,834.738671875,896.3405386117788,434.3265380859375,26,4
693,512,598.2739420572917,617.140380859375,475.64208984375,26,4
695,512,676.0450927734375,720.1346623347356,389.462890625,26,4
696,512,952.9249837239583,1020.4955115685096,513.716552734375,26,4
697,512,1219.6352376302084,1250.7586388221155,1017.3331298828125,26,4
698,512,1667.7486653645833,1824.0096153846155,652.052490234375,26,4
699,512,729.1893391927083,782.8700420673077,380.2647705078125,26,4
700,512,471.8545654296875,498.6883075420673,297.43524169921875,26,4
703,512,266.9569864908854,285.389164851262,147.1478271484375,26,4
704,512,900.3523763020834,910.1774526742788,836.4893798828125,26,4
705,512,913.2944010416667,977.6555551382212,494.9468994140625,26,4
707,512,779.6018391927083,830.4861215444712,448.85400390625,26,4
708,512,493.06226399739586,529.0980881911057,258.82940673828125,26,4
709,512,945.82451171875,1008.4198279747596,538.9549560546875,26,4
713,512,1250.7381022135417,1316.0017841045674,826.524169921875,26,4
714,512,433.42162272135414,431.3521259014423,446.87335205078125,26,4
715,512,591.3260823567708,625.1813495342548,371.266845703125,26,4
717,512,585.0548177083333,615.2099045973557,389.0467529296875,26,4
718,512,553.17568359375,544.4930889423077,609.612548828125,26,4
720,512,737.6749674479166,765.0923414963943,559.4620361328125,26,4
721,512,761.3775553385417,818.3079552283654,391.3299560546875,26,4
722,512,1747.3870930989583,1930.8846341646636,554.653076171875,26,4
723,512,727.7548502604167,727.8444260817307,727.172607421875,26,4
724,512,553.7005859375,595.7637094350962,280.290283203125,26,4
725,512,584.6622314453125,622.530038686899,338.521484375,26,4
726,512,749.3102864583333,718.2159517728365,951.4234619140625,26,4
727,512,418.29173177083334,452.5073711688702,195.89007568359375,26,4
728,512,486.28025716145834,508.82248159555286,339.75579833984375,26,4
729,512,1047.765087890625,1081.4681302584136,828.6953125,26,4
730,512,686.8709147135417,736.8688025841346,361.8846435546875,26,4
731,512,867.5056315104167,889.1324744591346,726.93115234375,26,4
732,512,1161.5922037760417,1161.5922037760417,,30,0
733,512,840.2430013020834,840.2430013020834,,30,0
734,512,551.9354166666667,595.297128530649,270.08428955078125,26,4
735,512,422.94756673177085,431.8568678635817,365.037109375,26,4
737,512,812.8173665364583,890.31884765625,309.0577392578125,26,4
738,512,793.5963216145833,813.7901705228365,662.3363037109375,26,4
740,512,1074.927685546875,1132.369610126202,701.55517578125,26,4
741,512,850.7725423177084,861.8142277644231,779.0015869140625,26,4
742,512,734.29619140625,737.7709773137019,711.7100830078125,26,4
743,512,364.8194091796875,385.2389385516827,232.09246826171875,26,4
745,512,746.8177327473958,794.5490253155048,436.5643310546875,26,4
746,512,656.1248046875,657.0653545673077,650.01123046875,26,4
747,512,716.4990559895833,744.1848895733173,536.5411376953125,26,4
748,512,514.9779378255208,544.827401968149,320.9564208984375,26,4
749,512,580.5113525390625,631.0336256760818,252.1165771484375,26,4
751,512,544.9514973958334,584.5165452223557,287.7786865234375,26,4
752,512,499.0045166015625,517.0527625450721,381.69091796875,26,4
753,512,1043.497412109375,1095.567364032452,705.042724609375,26,4
754,512,658.5381673177084,681.9097243088943,506.623046875,26,4
755,512,811.4264811197917,814.4495192307693,791.7767333984375,26,4
756,512,1711.4052083333333,1855.3916391225962,775.493408203125,26,4
757,512,470.77740885416665,451.64075646033655,595.1656494140625,26,4
758,512,458.64441731770836,490.61483060396637,250.83673095703125,26,4
759,512,712.3684651692708,764.6735370342548,372.385498046875,26,4
760,512,829.3680826822916,908.1537710336538,317.2611083984375,26,4
761,512,846.5794270833334,878.3018704927885,640.383544921875,26,4
762,512,379.6929117838542,395.26407564603363,278.4803466796875,26,4
763,512,494.94847005208334,513.6375638521635,373.4693603515625,26,4
764,512,438.9060302734375,470.02201021634613,236.65216064453125,26,4
765,512,747.2756184895833,807.8510366586538,353.535400390625,26,4
767,512,668.2662027994792,707.9366642878606,410.408203125,26,4
768,512,1448.30458984375,1528.0885291466345,929.708984375,26,4
769,512,905.0644205729167,905.0644205729167,,30,0
770,512,432.99810384114585,445.40657865084137,352.343017578125,26,4
772,512,459.1648681640625,492.3762770432692,243.29071044921875,26,4
773,512,333.385986328125,345.59131798377405,254.05133056640625,26,4
774,512,506.302587890625,539.4759803185096,290.675537109375,26,4
776,512,610.1408610026042,656.6131310096154,308.07110595703125,26,4
777,512,354.630908203125,356.0149113581731,345.6348876953125,26,4
779,512,436.74663899739585,455.2085993840144,316.743896484375,26,4
780,512,368.4932454427083,375.51305213341345,322.864501953125,26,4
781,512,376.6327718098958,403.91539588341345,199.29571533203125,26,4
782,512,545.7644368489583,569.9830416165865,388.343505859375,26,4
783,512,535.4686848958333,541.4156588040865,496.8133544921875,26,4
784,512,743.513818359375,781.0170522836538,499.7427978515625,26,4
785,512,722.8891927083333,760.0596829927885,481.281005859375,26,4
786,512,377.39589436848956,411.66856501652643,154.62353515625,26,4
787,512,876.3335123697917,900.4049166165865,719.869384765625,26,4
788,512,1415.4241861979167,1543.6888897235576,581.70361328125,26,4
789,512,287.0707275390625,317.3242750901442,90.42266845703125,26,4
790,512,645.860693359375,659.3594876802885,558.1185302734375,26,4
791,512,825.9422688802083,854.9606370192307,637.3228759765625,26,4
792,512,684.21962890625,701.2734750600962,573.36962890625,26,4
793,512,570.412890625,580.2046086237981,506.7667236328125,26,4
794,512,203.99889322916667,223.92448542668268,74.4825439453125,26,4
795,512,459.20908610026044,472.6163283128005,372.06201171875,26,4
796,512,511.1227213541667,502.3099834735577,568.405517578125,26,4
798,512,618.9328287760417,635.1300330528846,513.6510009765625,26,4
799,512,993.5961588541667,1075.998065655048,457.9837646484375,26,4
800,512,470.253125,493.211181640625,321.0257568359375,26,4
801,512,663.2820393880208,684.9600454477163,522.375,26,4
802,512,737.44501953125,760.7634465144231,585.875244140625,26,4
803,512,657.1009847005208,656.3336087740385,662.0889282226562,26,4
807,512,791.130419921875,817.1761380709135,621.833251953125,26,4
808,512,770.2583658854167,813.1253380408654,491.623046875,26,4
809,512,930.3681803385417,993.8802020733173,517.5400390625,26,4
810,512,536.6723795572917,561.5102069561298,375.22650146484375,26,4
811,512,400.8678955078125,446.21548227163464,106.10858154296875,26,4
812,512,565.5412516276042,590.032217172476,406.3499755859375,26,4
813,512,549.1670572916667,589.2144118088943,288.8592529296875,26,4
814,512,670.0032552083334,711.5495793269231,399.9521484375,26,4
816,512,537.3056233723959,590.1241267277644,193.9853515625,26,4
817,512,1142.5422526041666,1139.4945537860576,1162.352294921875,26,4
818,512,788.99814453125,821.1545973557693,579.981201171875,26,4
819,512,559.6536295572917,592.6631610576923,345.0916748046875,26,4
821,512,772.0506184895834,823.8746619591346,435.1943359375,26,4
822,512,818.1210367838542,857.6837721604568,560.9632568359375,26,4
823,512,544.476611328125,563.2779071514423,422.2681884765625,26,4
824,512,770.7526204427083,812.0422738882212,502.369873046875,26,4
826,512,746.543896484375,763.0523963341346,639.2386474609375,26,4
827,512,1788.8292317708333,1952.8729341947114,722.545166015625,26,4
828,512,462.04750162760416,499.5931396484375,218.0008544921875,26,4
829,512,583.1185302734375,599.8699012169471,474.234619140625,26,4
830,512,441.12974446614584,436.2134821965144,473.08544921875,26,4
831,512,1095.8703125,1153.0596078725962,724.139892578125,26,4
832,512,639.667919921875,651.0494290865385,565.6881103515625,26,4
833,512,476.6450927734375,507.7012282151442,274.78021240234375,26,4
834,512,537.2696858723958,564.472402719351,360.4520263671875,26,4
835,512,613.6348551432292,623.2843862680288,550.9129028320312,26,4
836,512,586.4236979166667,600.1466346153846,497.224609375,26,4
837,512,465.93872884114586,497.0162541316106,263.934814453125,26,4
838,512,839.8793294270833,849.8521259014423,775.05615234375,26,4
839,512,351.74072265625,379.01016939603363,174.48931884765625,26,4
840,512,639.8766357421875,693.7757380558894,289.532470703125,26,4
841,512,261.73438720703126,282.7142568734976,125.365234375,26,4
843,512,1433.5911458333333,1580.8538724459136,476.3834228515625,26,4
844,512,438.30275472005206,472.9916006234976,212.82525634765625,26,4
845,512,583.0027994791667,625.8821176382212,304.2872314453125,26,4
846,512,1027.10498046875,1089.218975360577,623.364013671875,26,4
847,512,714.8457438151041,760.8714224008413,415.6788330078125,26,4
848,512,865.3371337890625,895.6322490985577,668.4188842773438,26,4
849,512,657.5031087239583,641.8817795973557,759.041748046875,26,4
850,512,763.1205891927083,806.0816932091346,483.8734130859375,26,4
852,512,416.82021484375,452.0791672926683,187.63702392578125,26,4
853,512,919.7026204427083,960.3150728665865,655.7216796875,26,4
854,512,615.4806640625,667.2174353966346,279.191650390625,26,4
855,512,665.4259195963542,698.6327467698318,449.58154296875,26,4
856,512,718.5524251302083,736.4256685697115,602.3763427734375,26,4
857,512,662.6224283854167,707.0735990084135,373.6898193359375,26,4
860,512,629.2852783203125,680.0763127253606,299.1435546875,26,4
861,512,372.59361165364584,380.2451171875,322.85882568359375,26,4
862,512,765.7922200520833,824.4112642728365,384.7684326171875,26,4
863,512,712.1085774739583,712.1085774739583,,30,0
864,512,410.84815266927086,424.7687518780048,320.3642578125,26,4
865,512,677.8218912760417,727.5384051983173,354.66455078125,26,4
866,512,695.9137369791666,730.4845628004807,471.203369140625,26,4
867,512,492.28223470052086,492.28223470052086,,30,0
868,512,839.8605143229166,869.4978215144231,647.218017578125,26,4
869,512,571.2582194010416,586.3856013371394,472.93023681640625,26,4
870,512,701.0528971354166,723.5571101262019,554.7755126953125,26,4
871,512,625.6407063802084,634.1717623197115,570.1888427734375,26,4
872,512,860.40859375,915.2983774038462,503.625,26,4
873,512,296.1344889322917,317.6297044020433,156.41558837890625,26,4
874,512,492.41534830729165,490.6945331280048,503.60064697265625,26,4
875,512,469.80384928385416,474.41665414663464,439.82061767578125,26,4
876,512,4597.926416015625,7681.42138671875,2542.2631022135415,12,18
877,512,671.7325602213542,700.6487358940972,411.4869791666667,27,3
878,512,638.8241861979167,642.2307880108173,616.6812744140625,26,4
880,512,848.2243489583333,899.9418381911057,512.0606689453125,26,4
881,512,532.3109456380208,578.7852689302885,230.22784423828125,26,4
882,512,542.4941569010417,548.88134765625,500.9774169921875,26,4
883,512,303.66216634114585,335.61266150841345,95.98394775390625,26,4
885,512,440.3400065104167,486.2090031550481,142.1915283203125,26,4
886,512,492.2226236979167,530.1378831129807,245.7734375,26,4
887,512,845.2904947916667,876.1524752103365,644.6876220703125,26,4
888,512,934.93154296875,968.6421274038462,715.812744140625,26,4
889,512,316.652685546875,327.4268141526442,246.620849609375,26,4
891,512,825.4015625,909.6316481370193,277.906005859375,26,4
892,512,579.4280029296875,600.6801288311298,441.2891845703125,26,4
894,512,952.108837890625,986.9602238581731,725.5748291015625,26,4
895,512,1073.571630859375,1131.2947528545674,698.371337890625,26,4
896,512,706.831982421875,761.9889761117788,348.3115234375,26,4
897,512,322.58982340494794,337.92338209885816,222.92169189453125,26,4
898,512,609.6122395833333,638.8574030949519,419.5186767578125,26,4
899,512,469.1172119140625,510.40353628305286,200.756103515625,26,4
901,512,663.86806640625,692.7037823016827,476.4359130859375,26,4
905,512,672.705029296875,732.2606107271635,285.59375,26,4
906,512,1161.403857421875,1221.8825307992788,768.29248046875,26,4
907,512,637.0732584635417,678.5969613882212,367.169189453125,26,4
908,512,496.12236328125,521.1208777794471,333.63201904296875,26,4
910,512,446.15904134114584,451.93944373497595,408.58642578125,26,4
911,512,933.3877278645833,986.4229642427885,588.65869140625,26,4
912,512,591.4853515625,628.66455078125,349.820556640625,26,4
913,512,933.4125,943.037841796875,870.8477783203125,26,4
914,512,900.839990234375,970.2248347355769,449.8385009765625,26,4
916,512,691.3788981119792,716.7128342848557,526.7083129882812,26,4
917,512,548.620361328125,592.2709397536057,264.8916015625,26,4
918,512,466.190478515625,501.6880070612981,235.45654296875,26,4
921,512,706.118408203125,784.3374774639423,197.6944580078125,26,4
922,512,522.3107421875,525.2292668269231,503.34033203125,26,4
923,512,333.34435221354164,349.0935621995192,230.9744873046875,26,4
924,512,490.43712565104164,524.3032038762019,270.3076171875,26,4
925,512,804.8551106770833,843.8974045973557,551.0802001953125,26,4
926,512,788.0344563802083,844.8625300480769,418.6519775390625,26,4
927,512,691.1045084635417,754.0110614483173,282.2119140625,26,4
928,512,957.5005940755208,1015.5459453876202,580.205810546875,26,4
929,512,506.9210611979167,534.9464205228365,324.7562255859375,26,4
930,512,638.1349446614583,674.0764723557693,404.5150146484375,26,4
931,512,472.9323404947917,472.9323404947917,,30,0
933,512,576.9536783854167,599.3123121995193,431.62255859375,26,4
934,512,634.0243489583333,686.453369140625,293.2357177734375,26,4
935,512,643.2622965494792,677.0020939753606,423.95361328125,26,4
936,512,411.90655924479165,422.7949030949519,341.13232421875,26,4
937,512,457.6064127604167,441.3369704026442,563.3577880859375,26,4
938,512,835.0024739583333,862.6782602163462,655.10986328125,26,4
939,512,574.8082112630208,606.3814133864182,369.5823974609375,26,4
940,512,692.381201171875,719.4365422175481,516.521484375,26,4
942,512,566.1128743489584,609.2017164963943,286.035400390625,26,4
943,512,530.961865234375,556.6116661658654,364.2381591796875,26,4
944,512,613.2445149739583,642.6800067608173,421.913818359375,26,4
945,512,385.07884928385414,412.1112060546875,209.3685302734375,26,4
946,512,442.057421875,469.41665414663464,264.222412109375,26,4
947,512,693.7255045572916,714.9584773137019,555.711181640625,26,4
948,512,484.50476888020836,484.50476888020836,,30,0
949,512,479.05479329427084,499.7045147235577,344.83160400390625,26,4
950,512,711.0930338541667,745.8246037409856,485.33782958984375,26,4
951,512,899.331201171875,949.6334510216346,572.3665771484375,26,4
953,512,486.6374755859375,508.94478665865387,341.63995361328125,26,4
954,512,772.4237223307292,827.4510122445913,414.746337890625,26,4
955,512,495.28199869791666,521.4459604116587,325.21624755859375,26,4
956,512,437.334130859375,477.3317213792067,177.34979248046875,26,4
957,512,742.7742513020834,766.8841271033654,586.06005859375,26,4
958,512,278.93408203125,289.42300180288464,210.756103515625,26,4
959,512,632.1027669270833,675.5828951322115,349.48193359375,26,4
960,512,885.2586832682292,933.9519888070913,568.752197265625,26,4
961,512,654.4278971354166,695.4157902644231,388.006591796875,26,4
962,512,694.2328776041667,722.6290752704327,509.6575927734375,26,4
963,512,960.9016764322917,1010.517578125,638.3983154296875,26,4
964,512,785.4649088541667,801.9657264122596,678.2095947265625,26,4
965,512,910.0748046875,944.9632662259615,683.2998046875,26,4
966,512,347.7577311197917,372.51468599759613,186.8375244140625,26,4
967,512,715.237158203125,768.2282902644231,370.7947998046875,26,4
968,512,605.4529134114583,634.1394606370193,418.9903564453125,26,4
969,512,365.9414876302083,388.08924278846155,221.9810791015625,26,4
970,512,377.8445638020833,418.0408372145433,116.56878662109375,26,4
971,512,965.5129557291667,1074.3525954026443,258.0552978515625,26,4
972,512,419.723974609375,454.9201002854567,190.94915771484375,26,4
973,512,891.1784993489583,929.078125,644.8309326171875,26,4
975,512,653.526318359375,687.9704026442307,429.6397705078125,26,4
976,512,658.9041422526042,684.307607797476,493.7816162109375,26,4
978,512,749.91298828125,785.1429725060096,520.9180908203125,26,4
979,512,634.7434814453125,626.2520845853365,689.9375610351562,26,4
980,512,614.0873453776042,666.9946758563702,270.189697265625,26,4
981,512,551.5858561197916,557.7239520733173,511.688232421875,26,4
982,512,823.9314453125,862.8157489483173,571.1834716796875,26,4
983,512,867.7005859375,942.8182466947115,379.435791015625,26,4
984,512,634.9559163411458,643.2956918569712,580.7473754882812,26,4
985,512,914.2060872395833,969.7187124399038,553.3740234375,26,4
986,512,634.0596110026041,662.6381272536057,448.29925537109375,26,4
987,512,771.2659016927083,847.1664475661057,277.912353515625,26,4
988,512,583.7690185546875,646.7827336237981,174.17987060546875,26,4
990,512,476.1835123697917,468.8186786358173,524.054931640625,26,4
991,512,627.8844889322917,674.823974609375,322.77783203125,26,4
992,512,489.22022298177086,532.5094933143029,207.8399658203125,26,4
993,512,594.5910970052083,582.2128718449519,675.049560546875,26,4
994,512,428.3875244140625,458.64773324819714,231.6961669921875,26,4
995,512,564.0433430989583,551.4474158653846,645.9168701171875,26,4
996,512,650.0962565104167,682.2295860877404,441.2296142578125,26,4
997,512,504.9292805989583,520.1572829026443,405.947265625,26,4
998,512,362.29213053385416,363.9056865985577,351.80401611328125,26,4
999,512,729.5086100260417,747.4932955228365,612.608154296875,26,4
1001,512,481.45863444010416,488.9218562199519,432.94769287109375,26,4
1002,512,880.58828125,940.3723895733173,491.9915771484375,26,4
1003,512,722.4690104166667,783.2024113581731,327.701904296875,26,4
1005,512,504.46007486979164,535.5235501802885,302.5474853515625,26,4
1006,512,751.81494140625,807.9893517127404,386.6812744140625,26,4
1007,512,846.7882893880209,879.4481201171875,634.4993896484375,26,4
1008,512,690.898193359375,722.4602801983173,485.74462890625,26,4
1010,512,1047.4878255208334,1118.0271371694712,588.9822998046875,26,4
1011,512,808.8018880208333,872.1263521634615,397.19287109375,26,4
1013,512,411.3720662434896,447.7821936974159,174.70623779296875,26,4
1014,512,1217.6286783854166,1341.9711538461538,409.402587890625,26,4
1015,512,602.6156005859375,636.362314077524,383.261962890625,26,4
1016,512,618.2781168619791,656.0415696364182,372.815673828125,26,4
1017,512,409.46923828125,429.42501126802887,279.7567138671875,26,4
1018,512,1035.71318359375,1103.160869891827,597.30322265625,26,4
1020,512,775.2396321614583,759.0243389423077,880.6390380859375,26,4
1021,512,935.233544921875,941.2958045372596,895.828857421875,26,4
1022,512,774.6674397786459,796.6162766676682,632.0,26,4
1023,512,511.521630859375,549.5567720853365,264.293212890625,26,4
1024,512,410.03681640625,406.5357196514423,432.7939453125,26,4
1025,512,769.8059244791667,793.866455078125,613.4124755859375,26,4
1026,512,910.3682779947917,934.7975135216346,751.5782470703125,26,4
1028,512,666.4290364583334,702.1269249549279,434.39276123046875,26,4
1029,512,479.7207763671875,535.1065298227163,119.71337890625,26,4
1030,512,456.5340087890625,488.9927978515625,245.5518798828125,26,4
1031,512,464.25645345052084,492.5776554987981,280.16864013671875,26,4
1032,512,795.6621419270833,801.2670147235577,759.23046875,26,4
1033,512,1146.5932291666666,1178.5829702524038,938.659912109375,26,4
1034,512,433.4525390625,456.89073768028845,281.104248046875,26,4
1035,512,405.70470377604164,430.3001051682692,245.8345947265625,26,4
1036,512,499.1089599609375,515.167733999399,394.7269287109375,26,4
1037,512,715.0054036458333,775.6774338942307,320.63720703125,26,4
1039,512,2560.05400390625,2886.5843411959136,437.6068115234375,26,4
1040,512,659.4786783854166,686.6844012920673,482.6414794921875,26,4
1042,512,464.531201171875,505.34372182992786,199.24981689453125,26,4
1043,512,735.1882161458333,795.4766939603365,343.3131103515625,26,4
1044,512,569.0101236979167,580.5976374699519,493.6912841796875,26,4
1045,512,1202.6393961588542,1202.6393961588542,,30,0
1046,512,848.3822265625,861.8387357271635,760.9149169921875,26,4
1047,512,548.9947347005208,585.2045241135818,313.631103515625,26,4
1048,512,725.7283040364583,743.9857459435096,607.054931640625,26,4
1050,512,705.1166666666667,729.7588454026443,544.9425048828125,26,4
1051,512,784.9651692708334,804.6404371995193,657.075927734375,26,4
1052,512,665.289892578125,697.1217510516827,458.3828125,26,4
1053,512,870.439013671875,892.9551156850962,724.0843505859375,26,4
1054,512,756.5231608072917,789.253173828125,543.778076171875,26,4
1055,512,705.738818359375,737.7704702524038,497.5330810546875,26,4
1057,512,458.35984700520834,456.42959359975964,470.906494140625,26,4
1058,512,528.4726888020833,540.5772986778846,449.792724609375,26,4
1059,512,737.0860026041667,754.7085712139423,622.539306640625,26,4
1060,512,831.9570149739583,875.0054837740385,552.1419677734375,26,4
1061,512,717.2745279947917,745.0124699519231,536.9779052734375,26,4
1062,512,756.9475260416667,787.8805213341346,555.883056640625,26,4
1063,512,414.33642578125,427.22049654447113,330.5899658203125,26,4
1064,512,860.0060221354166,927.9375375600962,418.451171875,26,4
1066,512,1287.4486002604167,1432.9156400240386,341.912841796875,26,4
1068,512,365.1512858072917,373.49837552584137,310.89520263671875,26,4
1069,512,575.9529296875,602.7195199819712,401.9700927734375,26,4
1070,512,786.3820963541667,824.1038724459135,541.1905517578125,26,4
1071,512,547.99873046875,585.7320838341346,302.73193359375,26,4
1072,512,479.7500732421875,487.7065899188702,428.03271484375,26,4
1073,512,1494.1411783854167,1681.6467848557693,275.354736328125,26,4
1074,512,543.9238688151041,578.8377873347356,316.9833984375,26,4
1075,512,681.9394205729167,727.2803109975962,387.2236328125,26,4
1076,512,606.0495035807292,670.464346078726,187.35302734375,26,4
1077,512,353.9463134765625,369.52342810997595,252.695068359375,26,4
1078,512,847.926904296875,866.5302170973557,727.00537109375,26,4
1079,512,1067.6785807291667,1122.8278245192307,709.20849609375,26,4
1081,512,395.17725423177086,395.17725423177086,,30,0
1082,512,481.20712890625,504.54488431490387,329.51171875,26,4
1083,512,514.0239908854167,533.716552734375,386.0223388671875,26,4
1084,512,540.2076985677083,593.3387920673077,194.8555908203125,26,4
1085,512,659.9419270833333,702.9876990685096,380.1444091796875,26,4
1086,512,767.120361328125,816.9645244891827,443.13330078125,26,4
1087,512,634.6814290364583,630.86572265625,659.4835205078125,26,4
1088,512,617.9658935546875,657.0813269981971,363.715576171875,26,4
1089,512,908.5051595052083,963.9376314603365,548.194091796875,26,4
1090,512,511.8965738932292,534.0140380859375,368.133056640625,26,4
1091,512,989.2420084635417,1033.9515474759614,698.6300048828125,26,4
1093,512,897.8660319010417,947.9343073918269,572.4222412109375,26,4
1095,512,286.0439778645833,298.2518498347356,206.69281005859375,26,4
1096,512,630.1211995442708,658.189697265625,447.67596435546875,26,4
1097,512,519.1460611979167,519.1460611979167,,30,0
1098,512,346.80926920572915,354.37052095853363,297.6611328125,26,4
1099,512,1149.4603841145833,1149.4603841145833,,30,0
1100,512,444.76206868489584,478.24972768930286,227.09228515625,26,4
1101,512,877.8065266927083,882.0030423677885,850.5291748046875,26,4
1103,512,534.4890625,538.1123610276443,510.9376220703125,26,4
1105,512,693.0424641927083,736.25537109375,412.1585693359375,26,4
1106,512,367.6688232421875,373.792724609375,327.86346435546875,26,4
1108,512,501.5069905598958,525.0269775390625,348.6270751953125,26,4
1110,512,499.6884521484375,526.8056452824519,323.42669677734375,26,4
1111,512,494.9813232421875,519.9569373497596,332.63983154296875,26,4
1112,512,1214.3900065104167,1270.7316331129807,848.16943359375,26,4
1113,512,746.629931640625,801.9713228665865,386.910888671875,26,4
1114,512,1766.24482421875,1776.1126051682693,1702.104248046875,26,4
1115,512,691.3922932942709,697.079092172476,654.4281005859375,26,4
