store_id,n_obs,start_date,end_date,max_consecutive_daily_run,recent_window_ok,is_valid,reasons
1,942,2013-01-01,2015-07-31,942,True,True,
2,942,2013-01-01,2015-07-31,942,True,True,
3,942,2013-01-01,2015-07-31,942,True,True,
4,942,2013-01-01,2015-07-31,942,True,True,
5,942,2013-01-01,2015-07-31,942,True,True,
6,942,2013-01-01,2015-07-31,942,True,True,
7,942,2013-01-01,2015-07-31,942,True,True,
8,942,2013-01-01,2015-07-31,942,True,True,
9,942,2013-01-01,2015-07-31,942,True,True,
10,942,2013-01-01,2015-07-31,942,True,True,
11,942,2013-01-01,2015-07-31,942,True,True,
12,942,2013-01-01,2015-07-31,942,True,True,
13,758,2013-01-01,2015-07-31,546,False,False,recent_gap
14,942,2013-01-01,2015-07-31,942,True,True,
15,942,2013-01-01,2015-07-31,942,True,True,
16,942,2013-01-01,2015-07-31,942,True,True,
17,942,2013-01-01,2015-07-31,942,True,True,
18,942,2013-01-01,2015-07-31,942,True,True,
19,942,2013-01-01,2015-07-31,942,True,True,
20,758,2013-01-01,2015-07-31,546,False,False,recent_gap
21,942,2013-01-01,2015-07-31,942,True,True,
22,758,2013-01-01,2015-07-31,546,False,False,recent_gap
23,942,2013-01-01,2015-07-31,942,True,True,
24,942,2013-01-01,2015-07-31,942,True,True,
25,942,2013-01-01,2015-07-31,942,True,True,
26,942,2013-01-01,2015-07-31,942,True,True,
27,942,2013-01-01,2015-07-31,942,True,True,
28,942,2013-01-01,2015-07-31,942,True,True,
29,942,2013-01-01,2015-07-31,942,True,True,
30,942,2013-01-01,2015-07-31,942,True,True,
31,942,2013-01-01,2015-07-31,942,True,True,
32,758,2013-01-01,2015-07-31,546,False,False,recent_gap
33,942,2013-01-01,2015-07-31,942,True,True,
34,942,2013-01-01,2015-07-31,942,True,True,
35,942,2013-01-01,2015-07-31,942,True,True,
36,758,2013-01-01,2015-07-31,546,False,False,recent_gap
37,942,2013-01-01,2015-07-31,942,True,True,
38,942,2013-01-01,2015-07-31,942,True,True,
39,942,2013-01-01,2015-07-31,942,True,True,
40,942,2013-01-01,2015-07-31,942,True,True,
41,758,2013-01-01,2015-07-31,546,False,False,recent_gap
42,942,2013-01-01,2015-07-31,942,True,True,
43,942,2013-01-01,2015-07-31,942,True,True,
44,942,2013-01-01,2015-07-31,942,True,True,
45,942,2013-01-01,2015-07-31,942,True,True,
46,758,2013-01-01,2015-07-31,546,False,False,recent_gap
47,942,2013-01-01,2015-07-31,942,True,True,
48,942,2013-01-01,2015-07-31,942,True,True,
49,942,2013-01-01,2015-07-31,942,True,True,
50,942,2013-01-01,2015-07-31,942,True,True,
51,758,2013-01-01,2015-07-31,546,False,False,recent_gap
52,758,2013-01-01,2015-07-31,546,False,False,recent_gap
53,942,2013-01-01,2015-07-31,942,True,True,
54,942,2013-01-01,2015-07-31,942,True,True,
55,942,2013-01-01,2015-07-31,942,True,True,
56,942,2013-01-01,2015-07-31,942,True,True,
57,942,2013-01-01,2015-07-31,942,True,True,
58,758,2013-01-01,2015-07-31,546,False,False,recent_gap
59,942,2013-01-01,2015-07-31,942,True,True,
60,942,2013-01-01,2015-07-31,942,True,True,
61,942,2013-01-01,2015-07-31,942,True,True,
62,942,2013-01-01,2015-07-31,942,True,True,
63,942,2013-01-01,2015-07-31,942,True,True,
64,942,2013-01-01,2015-07-31,942,True,True,
65,942,2013-01-01,2015-07-31,942,True,True,
66,942,2013-01-01,2015-07-31,942,True,True,
67,942,2013-01-01,2015-07-31,942,True,True,
68,942,2013-01-01,2015-07-31,942,True,True,
69,942,2013-01-01,2015-07-31,942,True,True,
70,942,2013-01-01,2015-07-31,942,True,True,
71,942,2013-01-01,2015-07-31,942,True,True,
72,758,2013-01-01,2015-07-31,546,False,False,recent_gap
73,942,2013-01-01,2015-07-31,942,True,True,
74,942,2013-01-01,2015-07-31,942,True,True,
75,942,2013-01-01,2015-07-31,942,True,True,
76,758,2013-01-01,2015-07-31,546,False,False,recent_gap
77,942,2013-01-01,2015-07-31,942,True,True,
78,942,2013-01-01,2015-07-31,942,True,True,
79,942,2013-01-01,2015-07-31,942,True,True,
80,942,2013-01-01,2015-07-31,942,True,True,
81,758,2013-01-01,2015-07-31,546,False,False,recent_gap
82,942,2013-01-01,2015-07-31,942,True,True,
83,942,2013-01-01,2015-07-31,942,True,True,
84,942,2013-01-01,2015-07-31,942,True,True,
85,942,2013-01-01,2015-07-31,942,True,True,
86,942,2013-01-01,2015-07-31,942,True,True,
87,942,2013-01-01,2015-07-31,942,True,True,
88,942,2013-01-01,2015-07-31,942,True,True,
89,758,2013-01-01,2015-07-31,546,False,False,recent_gap
90,942,2013-01-01,2015-07-31,942,True,True,
91,942,2013-01-01,2015-07-31,942,True,True,
92,942,2013-01-01,2015-07-31,942,True,True,
93,942,2013-01-01,2015-07-31,942,True,True,
94,942,2013-01-01,2015-07-31,942,True,True,
95,942,2013-01-01,2015-07-31,942,True,True,
96,942,2013-01-01,2015-07-31,942,True,True,
97,942,2013-01-01,2015-07-31,942,True,True,
98,942,2013-01-01,2015-07-31,942,True,True,
99,758,2013-01-01,2015-07-31,546,False,False,recent_gap
100,758,2013-01-01,2015-07-31,546,False,False,recent_gap
101,942,2013-01-01,2015-07-31,942,True,True,
102,942,2013-01-01,2015-07-31,942,True,True,
103,942,2013-01-01,2015-07-31,942,True,True,
104,942,2013-01-01,2015-07-31,942,True,True,
105,942,2013-01-01,2015-07-31,942,True,True,
106,942,2013-01-01,2015-07-31,942,True,True,
107,942,2013-01-01,2015-07-31,942,True,True,
108,758,2013-01-01,2015-07-31,546,False,False,recent_gap
109,942,2013-01-01,2015-07-31,942,True,True,
110,942,2013-01-01,2015-07-31,942,True,True,
111,942,2013-01-01,2015-07-31,942,True,True,
112,942,2013-01-01,2015-07-31,942,True,True,
113,758,2013-01-01,2015-07-31,546,False,False,recent_gap
114,942,2013-01-01,2015-07-31,942,True,True,
115,758,2013-01-01,2015-07-31,546,False,False,recent_gap
116,942,2013-01-01,2015-07-31,942,True,True,
117,942,2013-01-01,2015-07-31,942,True,True,
118,942,2013-01-01,2015-07-31,942,True,True,
119,942,2013-01-01,2015-07-31,942,True,True,
120,942,2013-01-01,2015-07-31,942,True,True,
121,942,2013-01-01,2015-07-31,942,True,True,
122,942,2013-01-01,2015-07-31,942,True,True,
123,942,2013-01-01,2015-07-31,942,True,True,
124,942,2013-01-01,2015-07-31,942,True,True,
125,942,2013-01-01,2015-07-31,942,True,True,
126,942,2013-01-01,2015-07-31,942,True,True,
127,758,2013-01-01,2015-07-31,546,False,False,recent_gap
128,942,2013-01-01,2015-07-31,942,True,True,
129,758,2013-01-01,2015-07-31,546,False,False,recent_gap
130,942,2013-01-01,2015-07-31,942,True,True,
131,942,2013-01-01,2015-07-31,942,True,True,
132,758,2013-01-01,2015-07-31,546,False,False,recent_gap
133,942,2013-01-01,2015-07-31,942,True,True,
134,942,2013-01-01,2015-07-31,942,True,True,
135,942,2013-01-01,2015-07-31,942,True,True,
136,758,2013-01-01,2015-07-31,546,False,False,recent_gap
137,758,2013-01-01,2015-07-31,546,False,False,recent_gap
138,942,2013-01-01,2015-07-31,942,True,True,
139,758,2013-01-01,2015-07-31,546,False,False,recent_gap
140,942,2013-01-01,2015-07-31,942,True,True,
141,942,2013-01-01,2015-07-31,942,True,True,
142,942,2013-01-01,2015-07-31,942,True,True,
143,942,2013-01-01,2015-07-31,942,True,True,
144,758,2013-01-01,2015-07-31,546,False,False,recent_gap
145,758,2013-01-01,2015-07-31,546,False,False,recent_gap
146,942,2013-01-01,2015-07-31,942,True,True,
147,942,2013-01-01,2015-07-31,942,True,True,
148,942,2013-01-01,2015-07-31,942,True,True,
149,758,2013-01-01,2015-07-31,546,False,False,recent_gap
150,942,2013-01-01,2015-07-31,942,True,True,
151,942,2013-01-01,2015-07-31,942,True,True,
152,942,2013-01-01,2015-07-31,942,True,True,
153,942,2013-01-01,2015-07-31,942,True,True,
154,942,2013-01-01,2015-07-31,942,True,True,
155,758,2013-01-01,2015-07-31,546,False,False,recent_gap
156,942,2013-01-01,2015-07-31,942,True,True,
157,942,2013-01-01,2015-07-31,942,True,True,
158,942,2013-01-01,2015-07-31,942,True,True,
159,758,2013-01-01,2015-07-31,546,False,False,recent_gap
160,942,2013-01-01,2015-07-31,942,True,True,
161,942,2013-01-01,2015-07-31,942,True,True,
162,942,2013-01-01,2015-07-31,942,True,True,
163,942,2013-01-01,2015-07-31,942,True,True,
164,758,2013-01-01,2015-07-31,546,False,False,recent_gap
165,758,2013-01-01,2015-07-31,546,False,False,recent_gap
166,942,2013-01-01,2015-07-31,942,True,True,
167,942,2013-01-01,2015-07-31,942,True,True,
168,942,2013-01-01,2015-07-31,942,True,True,
169,942,2013-01-01,2015-07-31,942,True,True,
170,942,2013-01-01,2015-07-31,942,True,True,
171,942,2013-01-01,2015-07-31,942,True,True,
172,758,2013-01-01,2015-07-31,546,False,False,recent_gap
173,942,2013-01-01,2015-07-31,942,True,True,
174,758,2013-01-01,2015-07-31,546,False,False,recent_gap
175,942,2013-01-01,2015-07-31,942,True,True,
176,942,2013-01-01,2015-07-31,942,True,True,
177,942,2013-01-01,2015-07-31,942,True,True,
178,942,2013-01-01,2015-07-31,942,True,True,
179,942,2013-01-01,2015-07-31,942,True,True,
180,942,2013-01-01,2015-07-31,942,True,True,
181,758,2013-01-01,2015-07-31,546,False,False,recent_gap
182,942,2013-01-01,2015-07-31,942,True,True,
183,758,2013-01-01,2015-07-31,546,False,False,recent_gap
184,942,2013-01-01,2015-07-31,942,True,True,
185,942,2013-01-01,2015-07-31,942,True,True,
186,758,2013-01-01,2015-07-31,546,False,False,recent_gap
187,942,2013-01-01,2015-07-31,942,True,True,
188,942,2013-01-01,2015-07-31,942,True,True,
189,942,2013-01-01,2015-07-31,942,True,True,
190,758,2013-01-01,2015-07-31,546,False,False,recent_gap
191,758,2013-01-01,2015-07-31,546,False,False,recent_gap
192,758,2013-01-01,2015-07-31,546,False,False,recent_gap
193,942,2013-01-01,2015-07-31,942,True,True,
194,942,2013-01-01,2015-07-31,942,True,True,
195,942,2013-01-01,2015-07-31,942,True,True,
196,942,2013-01-01,2015-07-31,942,True,True,
197,942,2013-01-01,2015-07-31,942,True,True,
198,942,2013-01-01,2015-07-31,942,True,True,
199,942,2013-01-01,2015-07-31,942,True,True,
200,942,2013-01-01,2015-07-31,942,True,True,
201,942,2013-01-01,2015-07-31,942,True,True,
202,942,2013-01-01,2015-07-31,942,True,True,
203,942,2013-01-01,2015-07-31,942,True,True,
204,758,2013-01-01,2015-07-31,546,False,False,recent_gap
205,942,2013-01-01,2015-07-31,942,True,True,
206,942,2013-01-01,2015-07-31,942,True,True,
207,942,2013-01-01,2015-07-31,942,True,True,
208,942,2013-01-01,2015-07-31,942,True,True,
209,942,2013-01-01,2015-07-31,942,True,True,
210,942,2013-01-01,2015-07-31,942,True,True,
211,942,2013-01-01,2015-07-31,942,True,True,
212,942,2013-01-01,2015-07-31,942,True,True,
213,942,2013-01-01,2015-07-31,942,True,True,
214,942,2013-01-01,2015-07-31,942,True,True,
215,758,2013-01-01,2015-07-31,546,False,False,recent_gap
216,942,2013-01-01,2015-07-31,942,True,True,
217,942,2013-01-01,2015-07-31,942,True,True,
218,758,2013-01-01,2015-07-31,546,False,False,recent_gap
219,942,2013-01-01,2015-07-31,942,True,True,
220,942,2013-01-01,2015-07-31,942,True,True,
221,942,2013-01-01,2015-07-31,942,True,True,
222,942,2013-01-01,2015-07-31,942,True,True,
223,942,2013-01-01,2015-07-31,942,True,True,
224,942,2013-01-01,2015-07-31,942,True,True,
225,942,2013-01-01,2015-07-31,942,True,True,
226,942,2013-01-01,2015-07-31,942,True,True,
227,942,2013-01-01,2015-07-31,942,True,True,
228,942,2013-01-01,2015-07-31,942,True,True,
229,942,2013-01-01,2015-07-31,942,True,True,
230,942,2013-01-01,2015-07-31,942,True,True,
231,758,2013-01-01,2015-07-31,546,False,False,recent_gap
232,942,2013-01-01,2015-07-31,942,True,True,
233,942,2013-01-01,2015-07-31,942,True,True,
234,942,2013-01-01,2015-07-31,942,True,True,
235,942,2013-01-01,2015-07-31,942,True,True,
236,942,2013-01-01,2015-07-31,942,True,True,
237,942,2013-01-01,2015-07-31,942,True,True,
238,942,2013-01-01,2015-07-31,942,True,True,
239,942,2013-01-01,2015-07-31,942,True,True,
240,942,2013-01-01,2015-07-31,942,True,True,
241,942,2013-01-01,2015-07-31,942,True,True,
242,942,2013-01-01,2015-07-31,942,True,True,
243,758,2013-01-01,2015-07-31,546,False,False,recent_gap
244,942,2013-01-01,2015-07-31,942,True,True,
245,942,2013-01-01,2015-07-31,942,True,True,
246,942,2013-01-01,2015-07-31,942,True,True,
247,942,2013-01-01,2015-07-31,942,True,True,
248,942,2013-01-01,2015-07-31,942,True,True,
249,942,2013-01-01,2015-07-31,942,True,True,
250,942,2013-01-01,2015-07-31,942,True,True,
251,942,2013-01-01,2015-07-31,942,True,True,
252,942,2013-01-01,2015-07-31,942,True,True,
253,942,2013-01-01,2015-07-31,942,True,True,
254,942,2013-01-01,2015-07-31,942,True,True,
255,942,2013-01-01,2015-07-31,942,True,True,
256,942,2013-01-01,2015-07-31,942,True,True,
257,942,2013-01-01,2015-07-31,942,True,True,
258,758,2013-01-01,2015-07-31,546,False,False,recent_gap
259,942,2013-01-01,2015-07-31,942,True,True,
260,942,2013-01-01,2015-07-31,942,True,True,
261,942,2013-01-01,2015-07-31,942,True,True,
262,942,2013-01-01,2015-07-31,942,True,True,
263,758,2013-01-01,2015-07-31,546,False,False,recent_gap
264,942,2013-01-01,2015-07-31,942,True,True,
265,942,2013-01-01,2015-07-31,942,True,True,
266,942,2013-01-01,2015-07-31,942,True,True,
267,942,2013-01-01,2015-07-31,942,True,True,
268,942,2013-01-01,2015-07-31,942,True,True,
269,942,2013-01-01,2015-07-31,942,True,True,
270,942,2013-01-01,2015-07-31,942,True,True,
271,942,2013-01-01,2015-07-31,942,True,True,
272,942,2013-01-01,2015-07-31,942,True,True,
273,942,2013-01-01,2015-07-31,942,True,True,
274,942,2013-01-01,2015-07-31,942,True,True,
275,758,2013-01-01,2015-07-31,546,False,False,recent_gap
276,942,2013-01-01,2015-07-31,942,True,True,
277,758,2013-01-01,2015-07-31,546,False,False,recent_gap
278,942,2013-01-01,2015-07-31,942,True,True,
279,758,2013-01-01,2015-07-31,546,False,False,recent_gap
280,942,2013-01-01,2015-07-31,942,True,True,
281,942,2013-01-01,2015-07-31,942,True,True,
282,942,2013-01-01,2015-07-31,942,True,True,
283,758,2013-01-01,2015-07-31,546,False,False,recent_gap
284,758,2013-01-01,2015-07-31,546,False,False,recent_gap
285,942,2013-01-01,2015-07-31,942,True,True,
286,942,2013-01-01,2015-07-31,942,True,True,
287,758,2013-01-01,2015-07-31,546,False,False,recent_gap
288,758,2013-01-01,2015-07-31,546,False,False,recent_gap
289,942,2013-01-01,2015-07-31,942,True,True,
290,942,2013-01-01,2015-07-31,942,True,True,
291,942,2013-01-01,2015-07-31,942,True,True,
292,942,2013-01-01,2015-07-31,942,True,True,
293,942,2013-01-01,2015-07-31,942,True,True,
294,942,2013-01-01,2015-07-31,942,True,True,
295,942,2013-01-01,2015-07-31,942,True,True,
296,942,2013-01-01,2015-07-31,942,True,True,
297,942,2013-01-01,2015-07-31,942,True,True,
298,758,2013-01-01,2015-07-31,546,False,False,recent_gap
299,942,2013-01-01,2015-07-31,942,True,True,
300,942,2013-01-01,2015-07-31,942,True,True,
301,942,2013-01-01,2015-07-31,942,True,True,
302,942,2013-01-01,2015-07-31,942,True,True,
303,942,2013-01-01,2015-07-31,942,True,True,
304,942,2013-01-01,2015-07-31,942,True,True,
305,942,2013-01-01,2015-07-31,942,True,True,
306,758,2013-01-01,2015-07-31,546,False,False,recent_gap
307,942,2013-01-01,2015-07-31,942,True,True,
308,942,2013-01-01,2015-07-31,942,True,True,
309,942,2013-01-01,2015-07-31,942,True,True,
310,942,2013-01-01,2015-07-31,942,True,True,
311,942,2013-01-01,2015-07-31,942,True,True,
312,942,2013-01-01,2015-07-31,942,True,True,
313,942,2013-01-01,2015-07-31,942,True,True,
314,942,2013-01-01,2015-07-31,942,True,True,
315,942,2013-01-01,2015-07-31,942,True,True,
316,942,2013-01-01,2015-07-31,942,True,True,
317,758,2013-01-01,2015-07-31,546,False,False,recent_gap
318,942,2013-01-01,2015-07-31,942,True,True,
319,942,2013-01-01,2015-07-31,942,True,True,
320,942,2013-01-01,2015-07-31,942,True,True,
321,942,2013-01-01,2015-07-31,942,True,True,
322,942,2013-01-01,2015-07-31,942,True,True,
323,942,2013-01-01,2015-07-31,942,True,True,
324,942,2013-01-01,2015-07-31,942,True,True,
325,942,2013-01-01,2015-07-31,942,True,True,
326,942,2013-01-01,2015-07-31,942,True,True,
327,942,2013-01-01,2015-07-31,942,True,True,
328,942,2013-01-01,2015-07-31,942,True,True,
329,942,2013-01-01,2015-07-31,942,True,True,
330,942,2013-01-01,2015-07-31,942,True,True,
331,942,2013-01-01,2015-07-31,942,True,True,
332,942,2013-01-01,2015-07-31,942,True,True,
333,942,2013-01-01,2015-07-31,942,True,True,
334,942,2013-01-01,2015-07-31,942,True,True,
335,942,2013-01-01,2015-07-31,942,True,True,
336,942,2013-01-01,2015-07-31,942,True,True,
337,942,2013-01-01,2015-07-31,942,True,True,
338,942,2013-01-01,2015-07-31,942,True,True,
339,942,2013-01-01,2015-07-31,942,True,True,
340,942,2013-01-01,2015-07-31,942,True,True,
341,942,2013-01-01,2015-07-31,942,True,True,
342,758,2013-01-01,2015-07-31,546,False,False,recent_gap
343,942,2013-01-01,2015-07-31,942,True,True,
344,942,2013-01-01,2015-07-31,942,True,True,
345,758,2013-01-01,2015-07-31,546,False,False,recent_gap
346,942,2013-01-01,2015-07-31,942,True,True,
347,942,2013-01-01,2015-07-31,942,True,True,
348,758,2013-01-01,2015-07-31,546,False,False,recent_gap
349,942,2013-01-01,2015-07-31,942,True,True,
350,942,2013-01-01,2015-07-31,942,True,True,
351,942,2013-01-01,2015-07-31,942,True,True,
352,942,2013-01-01,2015-07-31,942,True,True,
353,942,2013-01-01,2015-07-31,942,True,True,
354,942,2013-01-01,2015-07-31,942,True,True,
355,942,2013-01-01,2015-07-31,942,True,True,
356,942,2013-01-01,2015-07-31,942,True,True,
357,942,2013-01-01,2015-07-31,942,True,True,
358,942,2013-01-01,2015-07-31,942,True,True,
359,942,2013-01-01,2015-07-31,942,True,True,
360,942,2013-01-01,2015-07-31,942,True,True,
361,942,2013-01-01,2015-07-31,942,True,True,
362,942,2013-01-01,2015-07-31,942,True,True,
363,942,2013-01-01,2015-07-31,942,True,True,
364,942,2013-01-01,2015-07-31,942,True,True,
365,758,2013-01-01,2015-07-31,546,False,False,recent_gap
366,942,2013-01-01,2015-07-31,942,True,True,
367,942,2013-01-01,2015-07-31,942,True,True,
368,942,2013-01-01,2015-07-31,942,True,True,
369,942,2013-01-01,2015-07-31,942,True,True,
370,942,2013-01-01,2015-07-31,942,True,True,
371,942,2013-01-01,2015-07-31,942,True,True,
372,942,2013-01-01,2015-07-31,942,True,True,
373,942,2013-01-01,2015-07-31,942,True,True,
374,942,2013-01-01,2015-07-31,942,True,True,
375,942,2013-01-01,2015-07-31,942,True,True,
376,942,2013-01-01,2015-07-31,942,True,True,
377,942,2013-01-01,2015-07-31,942,True,True,
378,942,2013-01-01,2015-07-31,942,True,True,
379,942,2013-01-01,2015-07-31,942,True,True,
380,942,2013-01-01,2015-07-31,942,True,True,
381,942,2013-01-01,2015-07-31,942,True,True,
382,942,2013-01-01,2015-07-31,942,True,True,
383,942,2013-01-01,2015-07-31,942,True,True,
384,942,2013-01-01,2015-07-31,942,True,True,
385,758,2013-01-01,2015-07-31,546,False,False,recent_gap
386,942,2013-01-01,2015-07-31,942,True,True,
387,942,2013-01-01,2015-07-31,942,True,True,
388,942,2013-01-01,2015-07-31,942,True,True,
389,942,2013-01-01,2015-07-31,942,True,True,
390,942,2013-01-01,2015-07-31,942,True,True,
391,942,2013-01-01,2015-07-31,942,True,True,
392,942,2013-01-01,2015-07-31,942,True,True,
393,942,2013-01-01,2015-07-31,942,True,True,
394,942,2013-01-01,2015-07-31,942,True,True,
395,942,2013-01-01,2015-07-31,942,True,True,
396,942,2013-01-01,2015-07-31,942,True,True,
397,942,2013-01-01,2015-07-31,942,True,True,
398,942,2013-01-01,2015-07-31,942,True,True,
399,758,2013-01-01,2015-07-31,546,False,False,recent_gap
400,942,2013-01-01,2015-07-31,942,True,True,
401,942,2013-01-01,2015-07-31,942,True,True,
402,942,2013-01-01,2015-07-31,942,True,True,
403,942,2013-01-01,2015-07-31,942,True,True,
404,942,2013-01-01,2015-07-31,942,True,True,
405,942,2013-01-01,2015-07-31,942,True,True,
406,942,2013-01-01,2015-07-31,942,True,True,
407,758,2013-01-01,2015-07-31,546,False,False,recent_gap
408,942,2013-01-01,2015-07-31,942,True,True,
409,942,2013-01-01,2015-07-31,942,True,True,
410,942,2013-01-01,2015-07-31,942,True,True,
411,942,2013-01-01,2015-07-31,942,True,True,
412,758,2013-01-01,2015-07-31,546,False,False,recent_gap
413,758,2013-01-01,2015-07-31,546,False,False,recent_gap
414,942,2013-01-01,2015-07-31,942,True,True,
415,942,2013-01-01,2015-07-31,942,True,True,
416,942,2013-01-01,2015-07-31,942,True,True,
417,942,2013-01-01,2015-07-31,942,True,True,
418,942,2013-01-01,2015-07-31,942,True,True,
419,942,2013-01-01,2015-07-31,942,True,True,
420,758,2013-01-01,2015-07-31,546,False,False,recent_gap
421,942,2013-01-01,2015-07-31,942,True,True,
422,942,2013-01-01,2015-07-31,942,True,True,
423,942,2013-01-01,2015-07-31,942,True,True,
424,942,2013-01-01,2015-07-31,942,True,True,
425,942,2013-01-01,2015-07-31,942,True,True,
426,942,2013-01-01,2015-07-31,942,True,True,
427,758,2013-01-01,2015-07-31,546,False,False,recent_gap
428,758,2013-01-01,2015-07-31,546,False,False,recent_gap
429,758,2013-01-01,2015-07-31,546,False,False,recent_gap
430,758,2013-01-01,2015-07-31,546,False,False,recent_gap
431,942,2013-01-01,2015-07-31,942,True,True,
432,942,2013-01-01,2015-07-31,942,True,True,
433,942,2013-01-01,2015-07-31,942,True,True,
434,758,2013-01-01,2015-07-31,546,False,False,recent_gap
435,942,2013-01-01,2015-07-31,942,True,True,
436,942,2013-01-01,2015-07-31,942,True,True,
437,942,2013-01-01,2015-07-31,942,True,True,
438,942,2013-01-01,2015-07-31,942,True,True,
439,942,2013-01-01,2015-07-31,942,True,True,
440,942,2013-01-01,2015-07-31,942,True,True,
441,942,2013-01-01,2015-07-31,942,True,True,
442,942,2013-01-01,2015-07-31,942,True,True,
443,942,2013-01-01,2015-07-31,942,True,True,
444,942,2013-01-01,2015-07-31,942,True,True,
445,942,2013-01-01,2015-07-31,942,True,True,
446,942,2013-01-01,2015-07-31,942,True,True,
447,942,2013-01-01,2015-07-31,942,True,True,
448,942,2013-01-01,2015-07-31,942,True,True,
449,942,2013-01-01,2015-07-31,942,True,True,
450,942,2013-01-01,2015-07-31,942,True,True,
451,942,2013-01-01,2015-07-31,942,True,True,
452,942,2013-01-01,2015-07-31,942,True,True,
453,942,2013-01-01,2015-07-31,942,True,True,
454,942,2013-01-01,2015-07-31,942,True,True,
455,942,2013-01-01,2015-07-31,942,True,True,
456,942,2013-01-01,2015-07-31,942,True,True,
457,758,2013-01-01,2015-07-31,546,False,False,recent_gap
458,942,2013-01-01,2015-07-31,942,True,True,
459,942,2013-01-01,2015-07-31,942,True,True,
460,942,2013-01-01,2015-07-31,942,True,True,
461,942,2013-01-01,2015-07-31,942,True,True,
462,942,2013-01-01,2015-07-31,942,True,True,
463,942,2013-01-01,2015-07-31,942,True,True,
464,942,2013-01-01,2015-07-31,942,True,True,
465,942,2013-01-01,2015-07-31,942,True,True,
466,942,2013-01-01,2015-07-31,942,True,True,
467,942,2013-01-01,2015-07-31,942,True,True,
468,942,2013-01-01,2015-07-31,942,True,True,
469,942,2013-01-01,2015-07-31,942,True,True,
470,942,2013-01-01,2015-07-31,942,True,True,
471,758,2013-01-01,2015-07-31,546,False,False,recent_gap
472,942,2013-01-01,2015-07-31,942,True,True,
473,942,2013-01-01,2015-07-31,942,True,True,
474,942,2013-01-01,2015-07-31,942,True,True,
475,942,2013-01-01,2015-07-31,942,True,True,
476,942,2013-01-01,2015-07-31,942,True,True,
477,758,2013-01-01,2015-07-31,546,False,False,recent_gap
478,942,2013-01-01,2015-07-31,942,True,True,
479,942,2013-01-01,2015-07-31,942,True,True,
480,942,2013-01-01,2015-07-31,942,True,True,
481,942,2013-01-01,2015-07-31,942,True,True,
482,942,2013-01-01,2015-07-31,942,True,True,
483,942,2013-01-01,2015-07-31,942,True,True,
484,942,2013-01-01,2015-07-31,942,True,True,
485,758,2013-01-01,2015-07-31,546,False,False,recent_gap
486,942,2013-01-01,2015-07-31,942,True,True,
487,942,2013-01-01,2015-07-31,942,True,True,
488,942,2013-01-01,2015-07-31,942,True,True,
489,942,2013-01-01,2015-07-31,942,True,True,
490,758,2013-01-01,2015-07-31,546,False,False,recent_gap
491,942,2013-01-01,2015-07-31,942,True,True,
492,758,2013-01-01,2015-07-31,546,False,False,recent_gap
493,942,2013-01-01,2015-07-31,942,True,True,
494,942,2013-01-01,2015-07-31,942,True,True,
495,942,2013-01-01,2015-07-31,942,True,True,
496,942,2013-01-01,2015-07-31,942,True,True,
497,942,2013-01-01,2015-07-31,942,True,True,
498,758,2013-01-01,2015-07-31,546,False,False,recent_gap
499,942,2013-01-01,2015-07-31,942,True,True,
500,758,2013-01-01,2015-07-31,546,False,False,recent_gap
501,758,2013-01-01,2015-07-31,546,False,False,recent_gap
502,942,2013-01-01,2015-07-31,942,True,True,
503,942,2013-01-01,2015-07-31,942,True,True,
504,942,2013-01-01,2015-07-31,942,True,True,
505,942,2013-01-01,2015-07-31,942,True,True,
506,942,2013-01-01,2015-07-31,942,True,True,
507,942,2013-01-01,2015-07-31,942,True,True,
508,942,2013-01-01,2015-07-31,942,True,True,
509,942,2013-01-01,2015-07-31,942,True,True,
510,942,2013-01-01,2015-07-31,942,True,True,
511,942,2013-01-01,2015-07-31,942,True,True,
512,758,2013-01-01,2015-07-31,546,False,False,recent_gap
513,942,2013-01-01,2015-07-31,942,True,True,
514,758,2013-01-01,2015-07-31,546,False,False,recent_gap
515,942,2013-01-01,2015-07-31,942,True,True,
516,942,2013-01-01,2015-07-31,942,True,True,
517,942,2013-01-01,2015-07-31,942,True,True,
518,758,2013-01-01,2015-07-31,546,False,False,recent_gap
519,942,2013-01-01,2015-07-31,942,True,True,
520,942,2013-01-01,2015-07-31,942,True,True,
521,942,2013-01-01,2015-07-31,942,True,True,
522,758,2013-01-01,2015-07-31,546,False,False,recent_gap
523,942,2013-01-01,2015-07-31,942,True,True,
524,942,2013-01-01,2015-07-31,942,True,True,
525,942,2013-01-01,2015-07-31,942,True,True,
526,942,2013-01-01,2015-07-31,942,True,True,
527,942,2013-01-01,2015-07-31,942,True,True,
528,942,2013-01-01,2015-07-31,942,True,True,
529,942,2013-01-01,2015-07-31,942,True,True,
530,942,2013-01-01,2015-07-31,942,True,True,
531,942,2013-01-01,2015-07-31,942,True,True,
532,942,2013-01-01,2015-07-31,942,True,True,
533,942,2013-01-01,2015-07-31,942,True,True,
534,758,2013-01-01,2015-07-31,546,False,False,recent_gap
535,942,2013-01-01,2015-07-31,942,True,True,
536,942,2013-01-01,2015-07-31,942,True,True,
537,942,2013-01-01,2015-07-31,942,True,True,
538,942,2013-01-01,2015-07-31,942,True,True,
539,758,2013-01-01,2015-07-31,546,False,False,recent_gap
540,758,2013-01-01,2015-07-31,546,False,False,recent_gap
541,942,2013-01-01,2015-07-31,942,True,True,
542,758,2013-01-01,2015-07-31,546,False,False,recent_gap
543,942,2013-01-01,2015-07-31,942,True,True,
544,942,2013-01-01,2015-07-31,942,True,True,
545,942,2013-01-01,2015-07-31,942,True,True,
546,942,2013-01-01,2015-07-31,942,True,True,
547,758,2013-01-01,2015-07-31,546,False,False,recent_gap
548,942,2013-01-01,2015-07-31,942,True,True,
549,942,2013-01-01,2015-07-31,942,True,True,
550,942,2013-01-01,2015-07-31,942,True,True,
551,942,2013-01-01,2015-07-31,942,True,True,
552,942,2013-01-01,2015-07-31,942,True,True,
553,942,2013-01-01,2015-07-31,942,True,True,
554,942,2013-01-01,2015-07-31,942,True,True,
555,758,2013-01-01,2015-07-31,546,False,False,recent_gap
556,942,2013-01-01,2015-07-31,942,True,True,
557,942,2013-01-01,2015-07-31,942,True,True,
558,942,2013-01-01,2015-07-31,942,True,True,
559,942,2013-01-01,2015-07-31,942,True,True,
560,942,2013-01-01,2015-07-31,942,True,True,
561,942,2013-01-01,2015-07-31,942,True,True,
562,942,2013-01-01,2015-07-31,942,True,True,
563,942,2013-01-01,2015-07-31,942,True,True,
564,942,2013-01-01,2015-07-31,942,True,True,
565,942,2013-01-01,2015-07-31,942,True,True,
566,942,2013-01-01,2015-07-31,942,True,True,
567,942,2013-01-01,2015-07-31,942,True,True,
568,942,2013-01-01,2015-07-31,942,True,True,
569,942,2013-01-01,2015-07-31,942,True,True,
570,942,2013-01-01,2015-07-31,942,True,True,
571,758,2013-01-01,2015-07-31,546,False,False,recent_gap
572,942,2013-01-01,2015-07-31,942,True,True,
573,758,2013-01-01,2015-07-31,546,False,False,recent_gap
574,942,2013-01-01,2015-07-31,942,True,True,
575,758,2013-01-01,2015-07-31,546,False,False,recent_gap
576,942,2013-01-01,2015-07-31,942,True,True,
577,942,2013-01-01,2015-07-31,942,True,True,
578,942,2013-01-01,2015-07-31,942,True,True,
579,942,2013-01-01,2015-07-31,942,True,True,
580,942,2013-01-01,2015-07-31,942,True,True,
581,942,2013-01-01,2015-07-31,942,True,True,
582,942,2013-01-01,2015-07-31,942,True,True,
583,942,2013-01-01,2015-07-31,942,True,True,
584,942,2013-01-01,2015-07-31,942,True,True,
585,942,2013-01-01,2015-07-31,942,True,True,
586,942,2013-01-01,2015-07-31,942,True,True,
587,758,2013-01-01,2015-07-31,546,False,False,recent_gap
588,942,2013-01-01,2015-07-31,942,True,True,
589,942,2013-01-01,2015-07-31,942,True,True,
590,942,2013-01-01,2015-07-31,942,True,True,
591,942,2013-01-01,2015-07-31,942,True,True,
592,942,2013-01-01,2015-07-31,942,True,True,
593,942,2013-01-01,2015-07-31,942,True,True,
594,942,2013-01-01,2015-07-31,942,True,True,
595,942,2013-01-01,2015-07-31,942,True,True,
596,942,2013-01-01,2015-07-31,942,True,True,
597,942,2013-01-01,2015-07-31,942,True,True,
598,758,2013-01-01,2015-07-31,546,False,False,recent_gap
599,942,2013-01-01,2015-07-31,942,True,True,
600,942,2013-01-01,2015-07-31,942,True,True,
601,942,2013-01-01,2015-07-31,942,True,True,
602,942,2013-01-01,2015-07-31,942,True,True,
603,942,2013-01-01,2015-07-31,942,True,True,
604,758,2013-01-01,2015-07-31,546,False,False,recent_gap
605,942,2013-01-01,2015-07-31,942,True,True,
606,942,2013-01-01,2015-07-31,942,True,True,
607,942,2013-01-01,2015-07-31,942,True,True,
608,942,2013-01-01,2015-07-31,942,True,True,
609,942,2013-01-01,2015-07-31,942,True,True,
610,942,2013-01-01,2015-07-31,942,True,True,
611,758,2013-01-01,2015-07-31,546,False,False,recent_gap
612,758,2013-01-01,2015-07-31,546,False,False,recent_gap
613,942,2013-01-01,2015-07-31,942,True,True,
614,942,2013-01-01,2015-07-31,942,True,True,
615,942,2013-01-01,2015-07-31,942,True,True,
616,942,2013-01-01,2015-07-31,942,True,True,
617,942,2013-01-01,2015-07-31,942,True,True,
618,942,2013-01-01,2015-07-31,942,True,True,
619,758,2013-01-01,2015-07-31,546,False,False,recent_gap
620,758,2013-01-01,2015-07-31,546,False,False,recent_gap
621,942,2013-01-01,2015-07-31,942,True,True,
622,942,2013-01-01,2015-07-31,942,True,True,
623,942,2013-01-01,2015-07-31,942,True,True,
624,942,2013-01-01,2015-07-31,942,True,True,
625,942,2013-01-01,2015-07-31,942,True,True,
626,942,2013-01-01,2015-07-31,942,True,True,
627,942,2013-01-01,2015-07-31,942,True,True,
628,942,2013-01-01,2015-07-31,942,True,True,
629,758,2013-01-01,2015-07-31,546,False,False,recent_gap
630,942,2013-01-01,2015-07-31,942,True,True,
631,942,2013-01-01,2015-07-31,942,True,True,
632,942,2013-01-01,2015-07-31,942,True,True,
633,758,2013-01-01,2015-07-31,546,False,False,recent_gap
634,942,2013-01-01,2015-07-31,942,True,True,
635,942,2013-01-01,2015-07-31,942,True,True,
636,758,2013-01-01,2015-07-31,546,False,False,recent_gap
637,758,2013-01-01,2015-07-31,546,False,False,recent_gap
638,758,2013-01-01,2015-07-31,546,False,False,recent_gap
639,942,2013-01-01,2015-07-31,942,True,True,
640,942,2013-01-01,2015-07-31,942,True,True,
641,942,2013-01-01,2015-07-31,942,True,True,
642,942,2013-01-01,2015-07-31,942,True,True,
643,942,2013-01-01,2015-07-31,942,True,True,
644,758,2013-01-01,2015-07-31,546,False,False,recent_gap
645,942,2013-01-01,2015-07-31,942,True,True,
646,758,2013-01-01,2015-07-31,546,False,False,recent_gap
647,942,2013-01-01,2015-07-31,942,True,True,
648,942,2013-01-01,2015-07-31,942,True,True,
649,942,2013-01-01,2015-07-31,942,True,True,
650,758,2013-01-01,2015-07-31,546,False,False,recent_gap
651,942,2013-01-01,2015-07-31,942,True,True,
652,942,2013-01-01,2015-07-31,942,True,True,
653,942,2013-01-01,2015-07-31,942,True,True,
654,942,2013-01-01,2015-07-31,942,True,True,
655,942,2013-01-01,2015-07-31,942,True,True,
656,942,2013-01-01,2015-07-31,942,True,True,
657,942,2013-01-01,2015-07-31,942,True,True,
658,942,2013-01-01,2015-07-31,942,True,True,
659,942,2013-01-01,2015-07-31,942,True,True,
660,758,2013-01-01,2015-07-31,546,False,False,recent_gap
661,942,2013-01-01,2015-07-31,942,True,True,
662,942,2013-01-01,2015-07-31,942,True,True,
663,942,2013-01-01,2015-07-31,942,True,True,
664,942,2013-01-01,2015-07-31,942,True,True,
665,942,2013-01-01,2015-07-31,942,True,True,
666,942,2013-01-01,2015-07-31,942,True,True,
667,942,2013-01-01,2015-07-31,942,True,True,
668,942,2013-01-01,2015-07-31,942,True,True,
669,758,2013-01-01,2015-07-31,546,False,False,recent_gap
670,758,2013-01-01,2015-07-31,546,False,False,recent_gap
671,758,2013-01-01,2015-07-31,546,False,False,recent_gap
672,942,2013-01-01,2015-07-31,942,True,True,
673,942,2013-01-01,2015-07-31,942,True,True,
674,942,2013-01-01,2015-07-31,942,True,True,
675,942,2013-01-01,2015-07-31,942,True,True,
676,942,2013-01-01,2015-07-31,942,True,True,
677,758,2013-01-01,2015-07-31,546,False,False,recent_gap
678,942,2013-01-01,2015-07-31,942,True,True,
679,942,2013-01-01,2015-07-31,942,True,True,
680,942,2013-01-01,2015-07-31,942,True,True,
681,942,2013-01-01,2015-07-31,942,True,True,
682,942,2013-01-01,2015-07-31,942,True,True,
683,942,2013-01-01,2015-07-31,942,True,True,
684,758,2013-01-01,2015-07-31,546,False,False,recent_gap
685,942,2013-01-01,2015-07-31,942,True,True,
686,942,2013-01-01,2015-07-31,942,True,True,
687,942,2013-01-01,2015-07-31,942,True,True,
688,942,2013-01-01,2015-07-31,942,True,True,
689,942,2013-01-01,2015-07-31,942,True,True,
690,942,2013-01-01,2015-07-31,942,True,True,
691,942,2013-01-01,2015-07-31,942,True,True,
692,942,2013-01-01,2015-07-31,942,True,True,
693,942,2013-01-01,2015-07-31,942,True,True,
694,758,2013-01-01,2015-07-31,546,False,False,recent_gap
695,942,2013-01-01,2015-07-31,942,True,True,
696,942,2013-01-01,2015-07-31,942,True,True,
697,942,2013-01-01,2015-07-31,942,True,True,
698,942,2013-01-01,2015-07-31,942,True,True,
699,942,2013-01-01,2015-07-31,942,True,True,
700,942,2013-01-01,2015-07-31,942,True,True,
701,758,2013-01-01,2015-07-31,546,False,False,recent_gap
702,758,2013-01-01,2015-07-31,546,False,False,recent_gap
703,942,2013-01-01,2015-07-31,942,True,True,
704,942,2013-01-01,2015-07-31,942,True,True,
705,942,2013-01-01,2015-07-31,942,True,True,
706,758,2013-01-01,2015-07-31,546,False,False,recent_gap
707,942,2013-01-01,2015-07-31,942,True,True,
708,942,2013-01-01,2015-07-31,942,True,True,
709,942,2013-01-01,2015-07-31,942,True,True,
710,758,2013-01-01,2015-07-31,546,False,False,recent_gap
711,758,2013-01-01,2015-07-31,546,False,False,recent_gap
712,758,2013-01-01,2015-07-31,546,False,False,recent_gap
713,942,2013-01-01,2015-07-31,942,True,True,
714,942,2013-01-01,2015-07-31,942,True,True,
715,942,2013-01-01,2015-07-31,942,True,True,
716,758,2013-01-01,2015-07-31,546,False,False,recent_gap
717,942,2013-01-01,2015-07-31,942,True,True,
718,942,2013-01-01,2015-07-31,942,True,True,
719,758,2013-01-01,2015-07-31,546,False,False,recent_gap
720,942,2013-01-01,2015-07-31,942,True,True,
721,942,2013-01-01,2015-07-31,942,True,True,
722,942,2013-01-01,2015-07-31,942,True,True,
723,942,2013-01-01,2015-07-31,942,True,True,
724,942,2013-01-01,2015-07-31,942,True,True,
725,942,2013-01-01,2015-07-31,942,True,True,
726,942,2013-01-01,2015-07-31,942,True,True,
727,942,2013-01-01,2015-07-31,942,True,True,
728,942,2013-01-01,2015-07-31,942,True,True,
729,942,2013-01-01,2015-07-31,942,True,True,
730,942,2013-01-01,2015-07-31,942,True,True,
731,942,2013-01-01,2015-07-31,942,True,True,
732,942,2013-01-01,2015-07-31,942,True,True,
733,942,2013-01-01,2015-07-31,942,True,True,
734,942,2013-01-01,2015-07-31,942,True,True,
735,942,2013-01-01,2015-07-31,942,True,True,
736,758,2013-01-01,2015-07-31,546,False,False,recent_gap
737,942,2013-01-01,2015-07-31,942,True,True,
738,942,2013-01-01,2015-07-31,942,True,True,
739,758,2013-01-01,2015-07-31,546,False,False,recent_gap
740,942,2013-01-01,2015-07-31,942,True,True,
741,942,2013-01-01,2015-07-31,942,True,True,
742,942,2013-01-01,2015-07-31,942,True,True,
743,942,2013-01-01,2015-07-31,942,True,True,
744,758,2013-01-01,2015-07-31,546,False,False,recent_gap
745,942,2013-01-01,2015-07-31,942,True,True,
746,942,2013-01-01,2015-07-31,942,True,True,
747,942,2013-01-01,2015-07-31,942,True,True,
748,942,2013-01-01,2015-07-31,942,True,True,
749,942,2013-01-01,2015-07-31,942,True,True,
750,758,2013-01-01,2015-07-31,546,False,False,recent_gap
751,942,2013-01-01,2015-07-31,942,True,True,
752,942,2013-01-01,2015-07-31,942,True,True,
753,942,2013-01-01,2015-07-31,942,True,True,
754,942,2013-01-01,2015-07-31,942,True,True,
755,942,2013-01-01,2015-07-31,942,True,True,
756,942,2013-01-01,2015-07-31,942,True,True,
757,942,2013-01-01,2015-07-31,942,True,True,
758,942,2013-01-01,2015-07-31,942,True,True,
759,942,2013-01-01,2015-07-31,942,True,True,
760,942,2013-01-01,2015-07-31,942,True,True,
761,942,2013-01-01,2015-07-31,942,True,True,
762,942,2013-01-01,2015-07-31,942,True,True,
763,942,2013-01-01,2015-07-31,942,True,True,
764,942,2013-01-01,2015-07-31,942,True,True,
765,942,2013-01-01,2015-07-31,942,True,True,
766,758,2013-01-01,2015-07-31,546,False,False,recent_gap
767,942,2013-01-01,2015-07-31,942,True,True,
768,942,2013-01-01,2015-07-31,942,True,True,
769,942,2013-01-01,2015-07-31,942,True,True,
770,942,2013-01-01,2015-07-31,942,True,True,
771,758,2013-01-01,2015-07-31,546,False,False,recent_gap
772,942,2013-01-01,2015-07-31,942,True,True,
773,942,2013-01-01,2015-07-31,942,True,True,
774,942,2013-01-01,2015-07-31,942,True,True,
775,758,2013-01-01,2015-07-31,546,False,False,recent_gap
776,942,2013-01-01,2015-07-31,942,True,True,
777,942,2013-01-01,2015-07-31,942,True,True,
778,758,2013-01-01,2015-07-31,546,False,False,recent_gap
779,942,2013-01-01,2015-07-31,942,True,True,
780,942,2013-01-01,2015-07-31,942,True,True,
781,942,2013-01-01,2015-07-31,942,True,True,
782,942,2013-01-01,2015-07-31,942,True,True,
783,942,2013-01-01,2015-07-31,942,True,True,
784,942,2013-01-01,2015-07-31,942,True,True,
785,942,2013-01-01,2015-07-31,942,True,True,
786,942,2013-01-01,2015-07-31,942,True,True,
787,942,2013-01-01,2015-07-31,942,True,True,
788,942,2013-01-01,2015-07-31,942,True,True,
789,942,2013-01-01,2015-07-31,942,True,True,
790,942,2013-01-01,2015-07-31,942,True,True,
791,942,2013-01-01,2015-07-31,942,True,True,
792,942,2013-01-01,2015-07-31,942,True,True,
793,942,2013-01-01,2015-07-31,942,True,True,
794,942,2013-01-01,2015-07-31,942,True,True,
795,942,2013-01-01,2015-07-31,942,True,True,
796,942,2013-01-01,2015-07-31,942,True,True,
797,758,2013-01-01,2015-07-31,546,False,False,recent_gap
798,942,2013-01-01,2015-07-31,942,True,True,
799,942,2013-01-01,2015-07-31,942,True,True,
800,942,2013-01-01,2015-07-31,942,True,True,
801,942,2013-01-01,2015-07-31,942,True,True,
802,942,2013-01-01,2015-07-31,942,True,True,
803,942,2013-01-01,2015-07-31,942,True,True,
804,758,2013-01-01,2015-07-31,546,False,False,recent_gap
805,758,2013-01-01,2015-07-31,546,False,False,recent_gap
806,758,2013-01-01,2015-07-31,546,False,False,recent_gap
807,942,2013-01-01,2015-07-31,942,True,True,
808,942,2013-01-01,2015-07-31,942,True,True,
809,942,2013-01-01,2015-07-31,942,True,True,
810,942,2013-01-01,2015-07-31,942,True,True,
811,942,2013-01-01,2015-07-31,942,True,True,
812,942,2013-01-01,2015-07-31,942,True,True,
813,942,2013-01-01,2015-07-31,942,True,True,
814,942,2013-01-01,2015-07-31,942,True,True,
815,758,2013-01-01,2015-07-31,546,False,False,recent_gap
816,942,2013-01-01,2015-07-31,942,True,True,
817,942,2013-01-01,2015-07-31,942,True,True,
818,942,2013-01-01,2015-07-31,942,True,True,
819,942,2013-01-01,2015-07-31,942,True,True,
820,758,2013-01-01,2015-07-31,546,False,False,recent_gap
821,942,2013-01-01,2015-07-31,942,True,True,
822,942,2013-01-01,2015-07-31,942,True,True,
823,942,2013-01-01,2015-07-31,942,True,True,
824,942,2013-01-01,2015-07-31,942,True,True,
825,758,2013-01-01,2015-07-31,546,False,False,recent_gap
826,942,2013-01-01,2015-07-31,942,True,True,
827,942,2013-01-01,2015-07-31,942,True,True,
828,942,2013-01-01,2015-07-31,942,True,True,
829,942,2013-01-01,2015-07-31,942,True,True,
830,942,2013-01-01,2015-07-31,942,True,True,
831,942,2013-01-01,2015-07-31,942,True,True,
832,942,2013-01-01,2015-07-31,942,True,True,
833,942,2013-01-01,2015-07-31,942,True,True,
834,942,2013-01-01,2015-07-31,942,True,True,
835,942,2013-01-01,2015-07-31,942,True,True,
836,942,2013-01-01,2015-07-31,942,True,True,
837,942,2013-01-01,2015-07-31,942,True,True,
838,942,2013-01-01,2015-07-31,942,True,True,
839,942,2013-01-01,2015-07-31,942,True,True,
840,942,2013-01-01,2015-07-31,942,True,True,
841,942,2013-01-01,2015-07-31,942,True,True,
842,758,2013-01-01,2015-07-31,546,False,False,recent_gap
843,942,2013-01-01,2015-07-31,942,True,True,
844,942,2013-01-01,2015-07-31,942,True,True,
845,942,2013-01-01,2015-07-31,942,True,True,
846,942,2013-01-01,2015-07-31,942,True,True,
847,942,2013-01-01,2015-07-31,942,True,True,
848,942,2013-01-01,2015-07-31,942,True,True,
849,942,2013-01-01,2015-07-31,942,True,True,
850,942,2013-01-01,2015-07-31,942,True,True,
851,758,2013-01-01,2015-07-31,546,False,False,recent_gap
852,942,2013-01-01,2015-07-31,942,True,True,
853,942,2013-01-01,2015-07-31,942,True,True,
854,942,2013-01-01,2015-07-31,942,True,True,
855,942,2013-01-01,2015-07-31,942,True,True,
856,942,2013-01-01,2015-07-31,942,True,True,
857,942,2013-01-01,2015-07-31,942,True,True,
858,758,2013-01-01,2015-07-31,546,False,False,recent_gap
859,758,2013-01-01,2015-07-31,546,False,False,recent_gap
860,942,2013-01-01,2015-07-31,942,True,True,
861,942,2013-01-01,2015-07-31,942,True,True,
862,942,2013-01-01,2015-07-31,942,True,True,
863,942,2013-01-01,2015-07-31,942,True,True,
864,942,2013-01-01,2015-07-31,942,True,True,
865,942,2013-01-01,2015-07-31,942,True,True,
866,942,2013-01-01,2015-07-31,942,True,True,
867,942,2013-01-01,2015-07-31,942,True,True,
868,942,2013-01-01,2015-07-31,942,True,True,
869,942,2013-01-01,2015-07-31,942,True,True,
870,942,2013-01-01,2015-07-31,942,True,True,
871,942,2013-01-01,2015-07-31,942,True,True,
872,942,2013-01-01,2015-07-31,942,True,True,
873,942,2013-01-01,2015-07-31,942,True,True,
874,942,2013-01-01,2015-07-31,942,True,True,
875,942,2013-01-01,2015-07-31,942,True,True,
876,942,2013-01-01,2015-07-31,942,True,True,
877,942,2013-01-01,2015-07-31,942,True,True,
878,942,2013-01-01,2015-07-31,942,True,True,
879,758,2013-01-01,2015-07-31,546,False,False,recent_gap
880,942,2013-01-01,2015-07-31,942,True,True,
881,942,2013-01-01,2015-07-31,942,True,True,
882,942,2013-01-01,2015-07-31,942,True,True,
883,942,2013-01-01,2015-07-31,942,True,True,
884,758,2013-01-01,2015-07-31,546,False,False,recent_gap
885,942,2013-01-01,2015-07-31,942,True,True,
886,942,2013-01-01,2015-07-31,942,True,True,
887,942,2013-01-01,2015-07-31,942,True,True,
888,942,2013-01-01,2015-07-31,942,True,True,
889,942,2013-01-01,2015-07-31,942,True,True,
890,758,2013-01-01,2015-07-31,546,False,False,recent_gap
891,942,2013-01-01,2015-07-31,942,True,True,
892,942,2013-01-01,2015-07-31,942,True,True,
893,758,2013-01-01,2015-07-31,546,False,False,recent_gap
894,942,2013-01-01,2015-07-31,942,True,True,
895,942,2013-01-01,2015-07-31,942,True,True,
896,942,2013-01-01,2015-07-31,942,True,True,
897,942,2013-01-01,2015-07-31,942,True,True,
898,942,2013-01-01,2015-07-31,942,True,True,
899,942,2013-01-01,2015-07-31,942,True,True,
900,758,2013-01-01,2015-07-31,546,False,False,recent_gap
901,942,2013-01-01,2015-07-31,942,True,True,
902,758,2013-01-01,2015-07-31,546,False,False,recent_gap
903,758,2013-01-01,2015-07-31,546,False,False,recent_gap
904,758,2013-01-01,2015-07-31,546,False,False,recent_gap
905,942,2013-01-01,2015-07-31,942,True,True,
906,942,2013-01-01,2015-07-31,942,True,True,
907,942,2013-01-01,2015-07-31,942,True,True,
908,942,2013-01-01,2015-07-31,942,True,True,
909,758,2013-01-01,2015-07-31,546,False,False,recent_gap
910,942,2013-01-01,2015-07-31,942,True,True,
911,942,2013-01-01,2015-07-31,942,True,True,
912,942,2013-01-01,2015-07-31,942,True,True,
913,942,2013-01-01,2015-07-31,942,True,True,
914,942,2013-01-01,2015-07-31,942,True,True,
915,758,2013-01-01,2015-07-31,546,False,False,recent_gap
916,942,2013-01-01,2015-07-31,942,True,True,
917,942,2013-01-01,2015-07-31,942,True,True,
918,942,2013-01-01,2015-07-31,942,True,True,
919,758,2013-01-01,2015-07-31,546,False,False,recent_gap
920,758,2013-01-01,2015-07-31,546,False,False,recent_gap
921,942,2013-01-01,2015-07-31,942,True,True,
922,942,2013-01-01,2015-07-31,942,True,True,
923,942,2013-01-01,2015-07-31,942,True,True,
924,942,2013-01-01,2015-07-31,942,True,True,
925,942,2013-01-01,2015-07-31,942,True,True,
926,942,2013-01-01,2015-07-31,942,True,True,
927,942,2013-01-01,2015-07-31,942,True,True,
928,942,2013-01-01,2015-07-31,942,True,True,
929,942,2013-01-01,2015-07-31,942,True,True,
930,942,2013-01-01,2015-07-31,942,True,True,
931,942,2013-01-01,2015-07-31,942,True,True,
932,758,2013-01-01,2015-07-31,546,False,False,recent_gap
933,942,2013-01-01,2015-07-31,942,True,True,
934,942,2013-01-01,2015-07-31,942,True,True,
935,942,2013-01-01,2015-07-31,942,True,True,
936,942,2013-01-01,2015-07-31,942,True,True,
937,942,2013-01-01,2015-07-31,942,True,True,
938,942,2013-01-01,2015-07-31,942,True,True,
939,942,2013-01-01,2015-07-31,942,True,True,
940,942,2013-01-01,2015-07-31,942,True,True,
941,758,2013-01-01,2015-07-31,546,False,False,recent_gap
942,942,2013-01-01,2015-07-31,942,True,True,
943,942,2013-01-01,2015-07-31,942,True,True,
944,942,2013-01-01,2015-07-31,942,True,True,
945,942,2013-01-01,2015-07-31,942,True,True,
946,942,2013-01-01,2015-07-31,942,True,True,
947,942,2013-01-01,2015-07-31,942,True,True,
948,942,2013-01-01,2015-07-31,942,True,True,
949,942,2013-01-01,2015-07-31,942,True,True,
950,942,2013-01-01,2015-07-31,942,True,True,
951,942,2013-01-01,2015-07-31,942,True,True,
952,758,2013-01-01,2015-07-31,546,False,False,recent_gap
953,942,2013-01-01,2015-07-31,942,True,True,
954,942,2013-01-01,2015-07-31,942,True,True,
955,942,2013-01-01,2015-07-31,942,True,True,
956,942,2013-01-01,2015-07-31,942,True,True,
957,942,2013-01-01,2015-07-31,942,True,True,
958,942,2013-01-01,2015-07-31,942,True,True,
959,942,2013-01-01,2015-07-31,942,True,True,
960,942,2013-01-01,2015-07-31,942,True,True,
961,942,2013-01-01,2015-07-31,942,True,True,
962,942,2013-01-01,2015-07-31,942,True,True,
963,942,2013-01-01,2015-07-31,942,True,True,
964,942,2013-01-01,2015-07-31,942,True,True,
965,942,2013-01-01,2015-07-31,942,True,True,
966,942,2013-01-01,2015-07-31,942,True,True,
967,942,2013-01-01,2015-07-31,942,True,True,
968,942,2013-01-01,2015-07-31,942,True,True,
969,942,2013-01-01,2015-07-31,942,True,True,
970,942,2013-01-01,2015-07-31,942,True,True,
971,942,2013-01-01,2015-07-31,942,True,True,
972,942,2013-01-01,2015-07-31,942,True,True,
973,942,2013-01-01,2015-07-31,942,True,True,
974,758,2013-01-01,2015-07-31,546,False,False,recent_gap
975,942,2013-01-01,2015-07-31,942,True,True,
976,942,2013-01-01,2015-07-31,942,True,True,
977,758,2013-01-01,2015-07-31,546,False,False,recent_gap
978,942,2013-01-01,2015-07-31,942,True,True,
979,942,2013-01-01,2015-07-31,942,True,True,
980,942,2013-01-01,2015-07-31,942,True,True,
981,942,2013-01-01,2015-07-31,942,True,True,
982,942,2013-01-01,2015-07-31,942,True,True,
983,942,2013-01-01,2015-07-31,942,True,True,
984,942,2013-01-01,2015-07-31,942,True,True,
985,942,2013-01-01,2015-07-31,942,True,True,
986,942,2013-01-01,2015-07-31,942,True,True,
987,942,2013-01-01,2015-07-31,942,True,True,
988,941,2013-01-02,2015-07-31,941,True,True,
989,758,2013-01-01,2015-07-31,546,False,False,recent_gap
990,942,2013-01-01,2015-07-31,942,True,True,
991,942,2013-01-01,2015-07-31,942,True,True,
992,942,2013-01-01,2015-07-31,942,True,True,
993,942,2013-01-01,2015-07-31,942,True,True,
994,942,2013-01-01,2015-07-31,942,True,True,
995,942,2013-01-01,2015-07-31,942,True,True,
996,942,2013-01-01,2015-07-31,942,True,True,
997,942,2013-01-01,2015-07-31,942,True,True,
998,942,2013-01-01,2015-07-31,942,True,True,
999,942,2013-01-01,2015-07-31,942,True,True,
1000,758,2013-01-01,2015-07-31,546,False,False,recent_gap
1001,942,2013-01-01,2015-07-31,942,True,True,
1002,942,2013-01-01,2015-07-31,942,True,True,
1003,942,2013-01-01,2015-07-31,942,True,True,
1004,758,2013-01-01,2015-07-31,546,False,False,recent_gap
1005,942,2013-01-01,2015-07-31,942,True,True,
1006,942,2013-01-01,2015-07-31,942,True,True,
1007,942,2013-01-01,2015-07-31,942,True,True,
1008,942,2013-01-01,2015-07-31,942,True,True,
1009,758,2013-01-01,2015-07-31,546,False,False,recent_gap
1010,942,2013-01-01,2015-07-31,942,True,True,
1011,942,2013-01-01,2015-07-31,942,True,True,
1012,758,2013-01-01,2015-07-31,546,False,False,recent_gap
1013,942,2013-01-01,2015-07-31,942,True,True,
1014,942,2013-01-01,2015-07-31,942,True,True,
1015,942,2013-01-01,2015-07-31,942,True,True,
1016,942,2013-01-01,2015-07-31,942,True,True,
1017,942,2013-01-01,2015-07-31,942,True,True,
1018,942,2013-01-01,2015-07-31,942,True,True,
1019,758,2013-01-01,2015-07-31,546,False,False,recent_gap
1020,942,2013-01-01,2015-07-31,942,True,True,
1021,942,2013-01-01,2015-07-31,942,True,True,
1022,942,2013-01-01,2015-07-31,942,True,True,
1023,942,2013-01-01,2015-07-31,942,True,True,
1024,942,2013-01-01,2015-07-31,942,True,True,
1025,942,2013-01-01,2015-07-31,942,True,True,
1026,942,2013-01-01,2015-07-31,942,True,True,
1027,758,2013-01-01,2015-07-31,546,False,False,recent_gap
1028,942,2013-01-01,2015-07-31,942,True,True,
1029,942,2013-01-01,2015-07-31,942,True,True,
1030,942,2013-01-01,2015-07-31,942,True,True,
1031,942,2013-01-01,2015-07-31,942,True,True,
1032,942,2013-01-01,2015-07-31,942,True,True,
1033,942,2013-01-01,2015-07-31,942,True,True,
1034,942,2013-01-01,2015-07-31,942,True,True,
1035,942,2013-01-01,2015-07-31,942,True,True,
1036,942,2013-01-01,2015-07-31,942,True,True,
1037,942,2013-01-01,2015-07-31,942,True,True,
1038,758,2013-01-01,2015-07-31,546,False,False,recent_gap
1039,942,2013-01-01,2015-07-31,942,True,True,
1040,942,2013-01-01,2015-07-31,942,True,True,
1041,758,2013-01-01,2015-07-31,546,False,False,recent_gap
1042,942,2013-01-01,2015-07-31,942,True,True,
1043,942,2013-01-01,2015-07-31,942,True,True,
1044,942,2013-01-01,2015-07-31,942,True,True,
1045,942,2013-01-01,2015-07-31,942,True,True,
1046,942,2013-01-01,2015-07-31,942,True,True,
1047,942,2013-01-01,2015-07-31,942,True,True,
1048,942,2013-01-01,2015-07-31,942,True,True,
1049,758,2013-01-01,2015-07-31,546,False,False,recent_gap
1050,942,2013-01-01,2015-07-31,942,True,True,
1051,942,2013-01-01,2015-07-31,942,True,True,
1052,942,2013-01-01,2015-07-31,942,True,True,
1053,942,2013-01-01,2015-07-31,942,True,True,
1054,942,2013-01-01,2015-07-31,942,True,True,
1055,942,2013-01-01,2015-07-31,942,True,True,
1056,758,2013-01-01,2015-07-31,546,False,False,recent_gap
1057,942,2013-01-01,2015-07-31,942,True,True,
1058,942,2013-01-01,2015-07-31,942,True,True,
1059,942,2013-01-01,2015-07-31,942,True,True,
1060,942,2013-01-01,2015-07-31,942,True,True,
1061,942,2013-01-01,2015-07-31,942,True,True,
1062,942,2013-01-01,2015-07-31,942,True,True,
1063,942,2013-01-01,2015-07-31,942,True,True,
1064,942,2013-01-01,2015-07-31,942,True,True,
1065,758,2013-01-01,2015-07-31,546,False,False,recent_gap
1066,942,2013-01-01,2015-07-31,942,True,True,
1067,758,2013-01-01,2015-07-31,546,False,False,recent_gap
1068,942,2013-01-01,2015-07-31,942,True,True,
1069,942,2013-01-01,2015-07-31,942,True,True,
1070,942,2013-01-01,2015-07-31,942,True,True,
1071,942,2013-01-01,2015-07-31,942,True,True,
1072,942,2013-01-01,2015-07-31,942,True,True,
1073,942,2013-01-01,2015-07-31,942,True,True,
1074,942,2013-01-01,2015-07-31,942,True,True,
1075,942,2013-01-01,2015-07-31,942,True,True,
1076,942,2013-01-01,2015-07-31,942,True,True,
1077,942,2013-01-01,2015-07-31,942,True,True,
1078,942,2013-01-01,2015-07-31,942,True,True,
1079,942,2013-01-01,2015-07-31,942,True,True,
1080,758,2013-01-01,2015-07-31,546,False,False,recent_gap
1081,942,2013-01-01,2015-07-31,942,True,True,
1082,942,2013-01-01,2015-07-31,942,True,True,
1083,942,2013-01-01,2015-07-31,942,True,True,
1084,942,2013-01-01,2015-07-31,942,True,True,
1085,942,2013-01-01,2015-07-31,942,True,True,
1086,942,2013-01-01,2015-07-31,942,True,True,
1087,942,2013-01-01,2015-07-31,942,True,True,
1088,942,2013-01-01,2015-07-31,942,True,True,
1089,942,2013-01-01,2015-07-31,942,True,True,
1090,942,2013-01-01,2015-07-31,942,True,True,
1091,942,2013-01-01,2015-07-31,942,True,True,
1092,758,2013-01-01,2015-07-31,546,False,False,recent_gap
1093,942,2013-01-01,2015-07-31,942,True,True,
1094,758,2013-01-01,2015-07-31,546,False,False,recent_gap
1095,942,2013-01-01,2015-07-31,942,True,True,
1096,942,2013-01-01,2015-07-31,942,True,True,
1097,942,2013-01-01,2015-07-31,942,True,True,
1098,942,2013-01-01,2015-07-31,942,True,True,
1099,942,2013-01-01,2015-07-31,942,True,True,
1100,942,2013-01-01,2015-07-31,942,True,True,
1101,942,2013-01-01,2015-07-31,942,True,True,
1102,758,2013-01-01,2015-07-31,546,False,False,recent_gap
1103,942,2013-01-01,2015-07-31,942,True,True,
1104,758,2013-01-01,2015-07-31,546,False,False,recent_gap
1105,942,2013-01-01,2015-07-31,942,True,True,
1106,942,2013-01-01,2015-07-31,942,True,True,
1107,758,2013-01-01,2015-07-31,546,False,False,recent_gap
1108,942,2013-01-01,2015-07-31,942,True,True,
1109,758,2013-01-01,2015-07-31,546,False,False,recent_gap
1110,942,2013-01-01,2015-07-31,942,True,True,
1111,942,2013-01-01,2015-07-31,942,True,True,
1112,942,2013-01-01,2015-07-31,942,True,True,
1113,942,2013-01-01,2015-07-31,942,True,True,
1114,942,2013-01-01,2015-07-31,942,True,True,
1115,942,2013-01-01,2015-07-31,942,True,True,
