context_length,store_id,mode,wql
512,1,univariate,0.05496964488565972
512,1,covariate,0.05534831886685634
512,10,univariate,0.05758422010287378
512,10,covariate,0.06608175101356181
512,1001,univariate,0.07078989511278318
512,1001,covariate,0.055342216194149085
512,1002,univariate,0.08230733277041244
512,1002,covariate,0.08139449515982204
512,1003,univariate,0.11104878854383603
512,1003,covariate,0.0780140805920251
512,1005,univariate,0.055151743178951024
512,1005,covariate,0.05201754977086884
512,1006,univariate,0.0713154045948705
512,1006,covariate,0.07191154027159535
512,1007,univariate,0.08472693950821143
512,1007,covariate,0.07196317225681549
512,1008,univariate,0.08500620969994678
512,1008,covariate,0.07953639348666132
512,101,univariate,0.09541830571136058
512,101,covariate,0.07695701046560778
512,1010,univariate,0.08013055822958978
512,1010,covariate,0.07410082335314612
512,1011,univariate,0.10570481474067743
512,1011,covariate,0.08359594848388152
512,1013,univariate,0.09156358483152593
512,1013,covariate,0.07124961351470832
512,1014,univariate,0.1088791052014665
512,1014,covariate,0.08591639568771131
512,1015,univariate,0.0656214131135054
512,1015,covariate,0.060548585323302394
512,1016,univariate,0.09687360244299907
512,1016,covariate,0.06980046565631261
512,1017,univariate,0.05964312009812874
512,1017,covariate,0.03948739650190896
512,1018,univariate,0.06990156306755828
512,1018,covariate,0.06461479209156194
512,102,univariate,0.40153276627098916
512,102,covariate,0.0955400485055297
512,1020,univariate,0.05538806749504877
512,1020,covariate,0.052361013077782986
512,1021,univariate,0.27030466243878
512,1021,covariate,0.057522760976861605
512,1022,univariate,0.0785904299306982
512,1022,covariate,0.06940821050060744
512,1023,univariate,0.07379351400125941
512,1023,covariate,0.057559160076849046
512,1024,univariate,0.0535620918569489
512,1024,covariate,0.04250156094922297
512,1025,univariate,0.05796917896010986
512,1025,covariate,0.06728026709570874
512,1026,univariate,0.09131647140228744
512,1026,covariate,0.05857745657204541
512,1028,univariate,0.12078022806121812
512,1028,covariate,0.09300450547206461
512,1029,univariate,0.058574022599701604
512,1029,covariate,0.06739920229531242
512,103,univariate,0.04915923824768146
512,103,covariate,0.05021989575771254
512,1030,univariate,0.06853295512165765
512,1030,covariate,0.07420386360136942
512,1031,univariate,0.08164490408165385
512,1031,covariate,0.06229483874356162
512,1032,univariate,0.05199886408907727
512,1032,covariate,0.05034218714380251
512,1033,univariate,0.06930735781529315
512,1033,covariate,0.04856296746454783
512,1034,univariate,0.0833667103768646
512,1034,covariate,0.04953501180126105
512,1035,univariate,0.08835654829474242
512,1035,covariate,0.061372481059968474
512,1036,univariate,0.07512642909087153
512,1036,covariate,0.06670627560335572
512,1037,univariate,0.08053509745132957
512,1037,covariate,0.07887292240055434
512,1039,univariate,0.1520707768660356
512,1039,covariate,0.24918567025459767
512,104,univariate,0.05824195265002952
512,104,covariate,0.06261721320011117
512,1040,univariate,0.08129924131852925
512,1040,covariate,0.05394087439640299
512,1042,univariate,0.08183152644678227
512,1042,covariate,0.07952761819886124
512,1043,univariate,0.06705861844840076
512,1043,covariate,0.06336252874345749
512,1044,univariate,0.11310697433415252
512,1044,covariate,0.07139252163043167
512,1045,univariate,0.05877106951372787
512,1045,covariate,0.07137275657485055
512,1046,univariate,0.06367595866917719
512,1046,covariate,0.055015297952441894
512,1047,univariate,0.10380406213270098
512,1047,covariate,0.07503894595337328
512,1048,univariate,0.08501385152450024
512,1048,covariate,0.06652949606131277
512,105,univariate,0.07624450117959176
512,105,covariate,0.06101346758058341
512,1050,univariate,0.055796196128111264
512,1050,covariate,0.0584891846335531
512,1051,univariate,0.07618877643095677
512,1051,covariate,0.06113297253587512
512,1052,univariate,0.06593718353760643
512,1052,covariate,0.05658212351494012
512,1053,univariate,0.07341411544987236
512,1053,covariate,0.07108121386260052
512,1054,univariate,0.07858276918360188
512,1054,covariate,0.07073000840388567
512,1055,univariate,0.07784503637520758
512,1055,covariate,0.06330834752965081
512,1057,univariate,0.05910349490750779
512,1057,covariate,0.04946018361863278
512,1058,univariate,0.07236060486768202
512,1058,covariate,0.04806963677622827
512,1059,univariate,0.07421718149530131
512,1059,covariate,0.05721157101015611
512,106,univariate,0.08386099615149206
512,106,covariate,0.08541345376349523
512,1060,univariate,0.09086485374648456
512,1060,covariate,0.08080276771041604
512,1061,univariate,0.07358867944779494
512,1061,covariate,0.05253375080772211
512,1062,univariate,0.07545382621359373
512,1062,covariate,0.07562548247230608
512,1063,univariate,0.08507712228631498
512,1063,covariate,0.060579140575799884
512,1064,univariate,0.06665810054688656
512,1064,covariate,0.05566211826866908
512,1066,univariate,0.12605060457206185
512,1066,covariate,0.10170243616800023
512,1068,univariate,0.08370086710149416
512,1068,covariate,0.053938601360769
512,1069,univariate,0.06798816132555406
512,1069,covariate,0.058779129063262846
512,107,univariate,0.04917592468215421
512,107,covariate,0.052904249623103215
512,1070,univariate,0.07883572600340781
512,1070,covariate,0.07086676780023718
512,1071,univariate,0.06532063579957863
512,1071,covariate,0.06410187524938694
512,1072,univariate,0.07619398118325128
512,1072,covariate,0.04616173983419494
512,1073,univariate,0.11759754205515237
512,1073,covariate,0.1303098595501725
512,1074,univariate,0.09752016538622571
512,1074,covariate,0.06733827087268035
512,1075,univariate,0.04186127337153233
512,1075,covariate,0.04109379907742556
512,1076,univariate,0.11168878714363495
512,1076,covariate,0.11052253498221709
512,1077,univariate,0.06522222275656192
512,1077,covariate,0.05282078093940678
512,1078,univariate,0.08235552814115203
512,1078,covariate,0.07200846313900046
512,1079,univariate,0.08199831552835583
512,1079,covariate,0.0838759251273654
512,1081,univariate,0.05653620379805436
512,1081,covariate,0.04214516308990766
512,1082,univariate,0.06550192993059105
512,1082,covariate,0.044711354650844075
512,1083,univariate,0.06592395530671306
512,1083,covariate,0.05605997850624835
512,1084,univariate,0.06435389199639675
512,1084,covariate,0.06077301453266764
512,1085,univariate,0.06003181803205268
512,1085,covariate,0.05744875087653297
512,1086,univariate,0.11617612706894857
512,1086,covariate,0.09066433841106004
512,1087,univariate,0.06821760678347394
512,1087,covariate,0.05964646079700395
512,1088,univariate,0.10181240264396862
512,1088,covariate,0.08477049617906714
512,1089,univariate,0.06705258121210501
512,1089,covariate,0.05462711738017444
512,109,univariate,0.08067817257902778
512,109,covariate,0.07626976351714833
512,1090,univariate,0.06461177199578129
512,1090,covariate,0.05353687007747473
512,1091,univariate,0.08236896641820433
512,1091,covariate,0.08173697057309663
512,1093,univariate,0.07388760991703584
512,1093,covariate,0.07454783919427761
512,1095,univariate,0.05553333440953451
512,1095,covariate,0.04376248620046345
512,1096,univariate,0.0755815074846266
512,1096,covariate,0.06567104305300688
512,1097,univariate,0.03007145382531773
512,1097,covariate,0.029364338356070895
512,1098,univariate,0.04993614425595224
512,1098,covariate,0.04288696771877826
512,1099,univariate,0.06399347638561872
512,1099,covariate,0.0767904521624909
512,11,univariate,0.08214646825015386
512,11,covariate,0.07677914423536958
512,110,univariate,0.06079954257986831
512,110,covariate,0.06534783367105262
512,1100,univariate,0.10149977745285503
512,1100,covariate,0.056262855988145566
512,1101,univariate,0.07340188195145585
512,1101,covariate,0.05300079815832175
512,1103,univariate,0.08316593898016737
512,1103,covariate,0.057326673068235585
512,1105,univariate,0.09533408953599748
512,1105,covariate,0.08198778219805247
512,1106,univariate,0.06944765571133947
512,1106,covariate,0.049869979283189536
512,1108,univariate,0.06866941996403617
512,1108,covariate,0.06327173028342938
512,111,univariate,0.08129234907844553
512,111,covariate,0.06583803911040466
512,1110,univariate,0.07851703785897288
512,1110,covariate,0.07492890709330842
512,1111,univariate,0.10202604927396203
512,1111,covariate,0.06803481483357417
512,1112,univariate,0.0974672435617347
512,1112,covariate,0.078390986772937
512,1113,univariate,0.0864613773037416
512,1113,covariate,0.08185941265937441
512,1114,univariate,0.04992324142490251
512,1114,covariate,0.05115468296145056
512,1115,univariate,0.07603603655842996
512,1115,covariate,0.06268508207338627
512,112,univariate,0.056465852018831926
512,112,covariate,0.06923316036185136
512,114,univariate,0.07989270241827465
512,114,covariate,0.05555752580904861
512,116,univariate,0.04953415000447611
512,116,covariate,0.048310670859848776
512,117,univariate,0.06979941907106688
512,117,covariate,0.055229397942872925
512,118,univariate,0.11023995794530955
512,118,covariate,0.07447474197117293
512,119,univariate,0.04950186491038761
512,119,covariate,0.04998252187066102
512,12,univariate,0.07360760305158862
512,12,covariate,0.0595041229173612
512,120,univariate,0.06958741758389152
512,120,covariate,0.05607868319961761
512,121,univariate,0.059477999513940914
512,121,covariate,0.0504903429018313
512,122,univariate,0.07090308301098867
512,122,covariate,0.07976665031420599
512,123,univariate,0.07772413913938224
512,123,covariate,0.05729578329872128
512,124,univariate,0.09427494553591227
512,124,covariate,0.07916763344408458
512,125,univariate,0.07166679486926596
512,125,covariate,0.06680565143586085
512,126,univariate,0.09368713430119047
512,126,covariate,0.07365489802787999
512,128,univariate,0.07300461306204069
512,128,covariate,0.06478760789227636
512,130,univariate,0.05783334193261438
512,130,covariate,0.06365662859598319
512,131,univariate,0.09328411030840413
512,131,covariate,0.09011048907526564
512,133,univariate,0.07236468128759131
512,133,covariate,0.04253907579847472
512,134,univariate,0.0581881311020726
512,134,covariate,0.04870442436310187
512,135,univariate,0.06538111651093383
512,135,covariate,0.06400793388601829
512,138,univariate,0.06543340916082406
512,138,covariate,0.04834670858319776
512,14,univariate,0.06732472292568602
512,14,covariate,0.04268173039855256
512,140,univariate,0.06199096509627792
512,140,covariate,0.05256329209873229
512,141,univariate,0.06500531315473021
512,141,covariate,0.05305220952153628
512,142,univariate,0.06576744631618356
512,142,covariate,0.04411748354267617
512,143,univariate,0.0821607526793381
512,143,covariate,0.06705413797130225
512,146,univariate,0.07381954609616971
512,146,covariate,0.05697781776089941
512,147,univariate,0.08163148704634915
512,147,covariate,0.06614100858015896
512,148,univariate,0.0574609776893602
512,148,covariate,0.04790430339375163
512,15,univariate,0.08629285050635449
512,15,covariate,0.07248355128981761
512,150,univariate,0.061445275180610305
512,150,covariate,0.06657171002309245
512,151,univariate,0.05418785238902235
512,151,covariate,0.0502493613129097
512,152,univariate,0.08636553925898251
512,152,covariate,0.0637337041667857
512,153,univariate,0.08857625511943133
512,153,covariate,0.06503333988379557
512,154,univariate,0.05549792947294705
512,154,covariate,0.059165601056105355
512,156,univariate,0.06124900659369581
512,156,covariate,0.05505580270451955
512,157,univariate,0.06741409742260761
512,157,covariate,0.0468410737661624
512,158,univariate,0.0582334721564906
512,158,covariate,0.06380587688765797
512,16,univariate,0.06391427102279564
512,16,covariate,0.052653873289363794
512,160,univariate,0.06972949014296724
512,160,covariate,0.06148287969190951
512,161,univariate,0.06479917353601242
512,161,covariate,0.055967861646090224
512,162,univariate,0.10463917521865461
512,162,covariate,0.059931425873810944
512,163,univariate,0.05462057814053641
512,163,covariate,0.053631731259820827
512,166,univariate,0.06809795829548729
512,166,covariate,0.06713548673278007
512,167,univariate,0.054348970951650706
512,167,covariate,0.04848366755306376
512,168,univariate,0.06568526026079206
512,168,covariate,0.06385679026095346
512,169,univariate,0.24569139064347
512,169,covariate,0.19639530365534827
512,17,univariate,0.06786208082655784
512,17,covariate,0.0699027667577062
512,170,univariate,0.08770871734943896
512,170,covariate,0.07850407852515932
512,171,univariate,0.06589434609006638
512,171,covariate,0.06361668138443848
512,173,univariate,0.09060954809651316
512,173,covariate,0.0736113904152532
512,175,univariate,0.08732925374787141
512,175,covariate,0.07506837744004184
512,176,univariate,0.08699322267429638
512,176,covariate,0.06275783906011416
512,177,univariate,0.09082347107765076
512,177,covariate,0.10073800847912805
512,178,univariate,0.04581519302174738
512,178,covariate,0.05110370641892087
512,179,univariate,0.08391665617200883
512,179,covariate,0.07688459744040674
512,18,univariate,0.05166469089100545
512,18,covariate,0.047227154753066075
512,180,univariate,0.08908244501445013
512,180,covariate,0.0788565720788696
512,182,univariate,0.09485688561517909
512,182,covariate,0.05786990847424927
512,184,univariate,0.07323207979263165
512,184,covariate,0.06213278216994514
512,185,univariate,0.10276344813845846
512,185,covariate,0.06738117365648753
512,187,univariate,0.07135982449449588
512,187,covariate,0.06177245183113108
512,188,univariate,0.11675007513348258
512,188,covariate,0.1094432976392526
512,189,univariate,0.06321261486427676
512,189,covariate,0.06078778578806591
512,19,univariate,0.07370265980586276
512,19,covariate,0.05543397708810715
512,193,univariate,0.09350353718045451
512,193,covariate,0.05301104780450352
512,194,univariate,0.07608398207912291
512,194,covariate,0.06501972259944626
512,195,univariate,0.07615340650913792
512,195,covariate,0.055569050714341005
512,196,univariate,0.057320715313417016
512,196,covariate,0.050019894453283954
512,197,univariate,0.08605666700205457
512,197,covariate,0.06513288865067579
512,198,univariate,0.09250358135962385
512,198,covariate,0.08653826174752825
512,199,univariate,0.06400764878568287
512,199,covariate,0.057831843036251995
512,2,univariate,0.06046993953591819
512,2,covariate,0.0670256920932346
512,200,univariate,0.09457987550897808
512,200,covariate,0.08112697899303228
512,201,univariate,0.06339137326446077
512,201,covariate,0.06292022173794062
512,202,univariate,0.05464848407186949
512,202,covariate,0.0465454873515283
512,203,univariate,0.06223980708237156
512,203,covariate,0.06110743664212346
512,205,univariate,0.0717969729602127
512,205,covariate,0.05580528350121347
512,206,univariate,0.08732061650915875
512,206,covariate,0.07619516049667716
512,207,univariate,0.09324910420444776
512,207,covariate,0.0698488727049215
512,208,univariate,0.08517686912035409
512,208,covariate,0.086169118001438
512,209,univariate,0.05513784658553605
512,209,covariate,0.07268620150337778
512,21,univariate,0.1353367881803669
512,21,covariate,0.07460622672603896
512,210,univariate,0.08464798350592068
512,210,covariate,0.06947287559083022
512,211,univariate,0.06725392103762629
512,211,covariate,0.05966936901824152
512,212,univariate,0.08004623853172856
512,212,covariate,0.0712517045690415
512,213,univariate,0.07000387486647551
512,213,covariate,0.05739702976256835
512,214,univariate,0.07080522784833639
512,214,covariate,0.04680449095276706
512,216,univariate,0.09366384766455844
512,216,covariate,0.09349880069077326
512,217,univariate,0.08234181602642056
512,217,covariate,0.07416688002347578
512,219,univariate,0.07267614099749427
512,219,covariate,0.05974646833013362
512,220,univariate,0.09878304109215308
512,220,covariate,0.08744754066254722
512,221,univariate,0.06880558812666916
512,221,covariate,0.06423261571835763
512,222,univariate,0.07220204046748357
512,222,covariate,0.05537457603841544
512,223,univariate,0.05492158395741708
512,223,covariate,0.05654482823519455
512,224,univariate,0.07524912167320913
512,224,covariate,0.05353264462590803
512,225,univariate,0.07731615535070925
512,225,covariate,0.07401709914340589
512,226,univariate,0.05478672443725691
512,226,covariate,0.05376034224737713
512,227,univariate,0.07903478658302453
512,227,covariate,0.05402080730641754
512,228,univariate,0.06429304994971104
512,228,covariate,0.0665725003452415
512,229,univariate,0.06122120754918469
512,229,covariate,0.0550362750843168
512,23,univariate,0.09045786734968299
512,23,covariate,0.0652896181930454
512,230,univariate,0.08147939632404237
512,230,covariate,0.07512600578032355
512,232,univariate,0.07412576424322932
512,232,covariate,0.07843707952250578
512,233,univariate,0.04813297317363465
512,233,covariate,0.05681360559330335
512,234,univariate,0.10373116907892334
512,234,covariate,0.08195315382955408
512,235,univariate,0.08158618456575649
512,235,covariate,0.060478977529053145
512,236,univariate,0.06683522620072058
512,236,covariate,0.049267260966244425
512,237,univariate,0.062097872513853965
512,237,covariate,0.057807464357170574
512,238,univariate,0.356709024900763
512,238,covariate,0.09669459130760781
512,239,univariate,0.0974068400827216
512,239,covariate,0.07461606214200608
512,24,univariate,0.08211999498880244
512,24,covariate,0.06928896163369301
512,240,univariate,0.060718541387097064
512,240,covariate,0.05250399076844434
512,241,univariate,0.06239324039222982
512,241,covariate,0.056907288893715
512,242,univariate,0.11668290774747121
512,242,covariate,0.07595073408030155
512,244,univariate,0.1498357164619041
512,244,covariate,0.08466508069860017
512,245,univariate,0.048077930068566754
512,245,covariate,0.0607388493660914
512,246,univariate,0.08327315959720596
512,246,covariate,0.07899494473632347
512,247,univariate,0.08125711603684045
512,247,covariate,0.05707393493269913
512,248,univariate,0.06496954496136721
512,248,covariate,0.06422148294475576
512,249,univariate,0.0809378794557247
512,249,covariate,0.07438065944291004
512,25,univariate,0.07616877476196748
512,25,covariate,0.07099886488591438
512,250,univariate,0.08471194341857931
512,250,covariate,0.0633168583539845
512,251,univariate,0.06944898102242364
512,251,covariate,0.07135783693653074
512,252,univariate,0.06946520446421554
512,252,covariate,0.050138308920352176
512,253,univariate,0.08291095081829157
512,253,covariate,0.0742553055308079
512,254,univariate,0.0858546800362237
512,254,covariate,0.06660359186582006
512,255,univariate,0.06420096315674961
512,255,covariate,0.047641892301820525
512,256,univariate,0.11856465879486221
512,256,covariate,0.10573916331869976
512,257,univariate,0.08671339419098734
512,257,covariate,0.07922824434035249
512,259,univariate,0.03613164436589183
512,259,covariate,0.03322024292894705
512,26,univariate,0.07773871390219729
512,26,covariate,0.057229674523753625
512,260,univariate,0.038271072255525306
512,260,covariate,0.046926368670353796
512,261,univariate,0.07841926291320946
512,261,covariate,0.05527011272074678
512,262,univariate,0.05541153811754295
512,262,covariate,0.04263900140291155
512,264,univariate,0.11510746532110167
512,264,covariate,0.0637899009369653
512,265,univariate,0.0843439523660584
512,265,covariate,0.08076667518309795
512,266,univariate,0.05540782880852352
512,266,covariate,0.0369087658415082
512,267,univariate,0.08343045574502074
512,267,covariate,0.0970105806539513
512,268,univariate,0.07394503011785448
512,268,covariate,0.0725334888954785
512,269,univariate,0.13326892421732006
512,269,covariate,0.12325760246453286
512,27,univariate,0.08823149495232278
512,27,covariate,0.07864141776225049
512,270,univariate,0.050790902785308685
512,270,covariate,0.04686372108308657
512,271,univariate,0.10041961349734473
512,271,covariate,0.07189679582771988
512,272,univariate,0.08039405806374529
512,272,covariate,0.0632225906423571
512,273,univariate,0.06802910034312305
512,273,covariate,0.05667547575609602
512,274,univariate,0.0871975369847539
512,274,covariate,0.054572803011480965
512,276,univariate,0.07189182129007231
512,276,covariate,0.04966637201880041
512,278,univariate,0.0913989280420102
512,278,covariate,0.08909103229759685
512,28,univariate,0.07455762099923159
512,28,covariate,0.0783722041982005
512,280,univariate,0.06696040933252807
512,280,covariate,0.05677990730766719
512,281,univariate,0.06867032225948928
512,281,covariate,0.06689932170213962
512,282,univariate,0.066140716183765
512,282,covariate,0.060928742149060994
512,285,univariate,0.05471978605782407
512,285,covariate,0.05418697081753018
512,286,univariate,0.09613093301416965
512,286,covariate,0.08314819036170516
512,289,univariate,0.057856458290151756
512,289,covariate,0.0593922215590438
512,29,univariate,0.10665363259092499
512,29,covariate,0.09355544694234043
512,290,univariate,0.08352334731799961
512,290,covariate,0.07111365122951323
512,291,univariate,0.05727013298828273
512,291,covariate,0.051907500311526224
512,292,univariate,5.195008229464956
512,292,covariate,15.004170886402349
512,293,univariate,0.08011547222671808
512,293,covariate,0.06252754415391537
512,294,univariate,0.05999768327838558
512,294,covariate,0.0649271344917818
512,295,univariate,0.07868695809273091
512,295,covariate,0.05627411448023149
512,296,univariate,0.06261933093923218
512,296,covariate,0.061323370677870144
512,297,univariate,0.06511267360852042
512,297,covariate,0.05928116548896786
512,299,univariate,0.06411850819999702
512,299,covariate,0.059852802421832024
512,3,univariate,0.06833902019396086
512,3,covariate,0.06199572234701451
512,30,univariate,0.10581101439158114
512,30,covariate,0.10772139831041293
512,300,univariate,0.06466339559977098
512,300,covariate,0.07749788257763565
512,301,univariate,0.057274784984559825
512,301,covariate,0.05748185539971811
512,302,univariate,0.07787300405273441
512,302,covariate,0.07448994588390907
512,303,univariate,0.3039811329630777
512,303,covariate,0.14085059928700347
512,304,univariate,0.07358001680645551
512,304,covariate,0.06996729620178571
512,305,univariate,0.08370549373666203
512,305,covariate,0.06187478200521787
512,307,univariate,0.06732382841751701
512,307,covariate,0.06361497574252654
512,308,univariate,0.07211055861087819
512,308,covariate,0.0701939956178022
512,309,univariate,0.07019687408468417
512,309,covariate,0.05213462654557926
512,31,univariate,0.05560086932653582
512,31,covariate,0.05172488574271167
512,310,univariate,0.06509226420354018
512,310,covariate,0.05123405887051693
512,311,univariate,0.05859164434650346
512,311,covariate,0.050585560965120326
512,312,univariate,0.07001275457255025
512,312,covariate,0.07205878040593507
512,313,univariate,0.08546624761075879
512,313,covariate,0.06156011177187889
512,314,univariate,0.07745250334287841
512,314,covariate,0.0597263843178479
512,315,univariate,0.07603562569523582
512,315,covariate,0.07376416234005666
512,316,univariate,0.07238306689868433
512,316,covariate,0.05175457997156058
512,318,univariate,0.06396782279117981
512,318,covariate,0.06330149898898682
512,319,univariate,0.0669908601366379
512,319,covariate,0.06485889787065753
512,320,univariate,0.07739538109130288
512,320,covariate,0.07672026107099232
512,321,univariate,0.06833971242449163
512,321,covariate,0.05414045156382574
512,322,univariate,0.09484326477310488
512,322,covariate,0.06103617914349979
512,323,univariate,0.05394050162965874
512,323,covariate,0.05118192478878101
512,324,univariate,0.09304258064221788
512,324,covariate,0.07624874532475767
512,325,univariate,0.0725177542258104
512,325,covariate,0.07489050484725318
512,326,univariate,0.0662578133474942
512,326,covariate,0.04995737626935517
512,327,univariate,0.07088695663775817
512,327,covariate,0.05855467675569694
512,328,univariate,0.07073605911444321
512,328,covariate,0.04248233032196594
512,329,univariate,0.08032450963240852
512,329,covariate,0.05598130299583715
512,33,univariate,0.07626933486333402
512,33,covariate,0.0661471434458523
512,330,univariate,0.1062262876654304
512,330,covariate,0.08985019998601546
512,331,univariate,0.0868463773089655
512,331,covariate,0.06382825292094295
512,332,univariate,0.05380730142819292
512,332,covariate,0.05225386231214361
512,333,univariate,0.0569805592079989
512,333,covariate,0.05878876702070157
512,334,univariate,0.06536691942097748
512,334,covariate,0.0641166944924046
512,335,univariate,0.07092968570959876
512,335,covariate,0.06404410455791919
512,336,univariate,0.06647453008153542
512,336,covariate,0.056721641603832466
512,337,univariate,0.06494820773129976
512,337,covariate,0.05788378731410465
512,338,univariate,0.06838580584882917
512,338,covariate,0.06522176338502488
512,339,univariate,0.11221303176690677
512,339,covariate,0.06930256790594796
512,34,univariate,0.07173645827992205
512,34,covariate,0.07211606316229581
512,340,univariate,0.08804130158031165
512,340,covariate,0.07189343845438732
512,341,univariate,0.08967135428817068
512,341,covariate,0.05586466199562462
512,343,univariate,0.08148636494924989
512,343,covariate,0.0668656929626636
512,344,univariate,0.08262610490912894
512,344,covariate,0.06715152402885242
512,346,univariate,0.05430078626899826
512,346,covariate,0.038590072708029506
512,347,univariate,0.07119419529484207
512,347,covariate,0.054570202813310285
512,349,univariate,0.04427413589319929
512,349,covariate,0.03612272297895887
512,35,univariate,0.08820023125846593
512,35,covariate,0.08498495832180193
512,350,univariate,0.07246080291260877
512,350,covariate,0.061615284321757585
512,351,univariate,0.07929684421242376
512,351,covariate,0.05863911366668726
512,352,univariate,0.07289982123742464
512,352,covariate,0.0656472402065957
512,353,univariate,0.03342944001346604
512,353,covariate,0.035732478030764174
512,354,univariate,0.0930512903646254
512,354,covariate,0.07109042624448274
512,355,univariate,0.06480296625405305
512,355,covariate,0.06365847890502209
512,356,univariate,0.06596620975232821
512,356,covariate,0.05285185806785988
512,357,univariate,0.07557500830451218
512,357,covariate,0.06856158360726934
512,358,univariate,0.07333925532166977
512,358,covariate,0.059216819140636597
512,359,univariate,0.06459209669046805
512,359,covariate,0.05762016937914995
512,360,univariate,0.07556636770102548
512,360,covariate,0.06432703149734993
512,361,univariate,0.09058396758565734
512,361,covariate,0.06927234795938993
512,362,univariate,0.057265992341928085
512,362,covariate,0.04740146325931011
512,363,univariate,0.08065183641927856
512,363,covariate,0.08240861546181612
512,364,univariate,0.07412663031301431
512,364,covariate,0.07169751446533686
512,366,univariate,0.058660183340040035
512,366,covariate,0.05383487737577203
512,367,univariate,0.10270358463221917
512,367,covariate,0.07483307649284214
512,368,univariate,0.12504028155050764
512,368,covariate,0.06707047488825012
512,369,univariate,0.06865437633735393
512,369,covariate,0.04755175382632578
512,37,univariate,0.06446381204573122
512,37,covariate,0.05350890409763262
512,370,univariate,0.07400750345595294
512,370,covariate,0.06196756386745286
512,371,univariate,0.07656677057585486
512,371,covariate,0.05819342738372409
512,372,univariate,0.08454696817281666
512,372,covariate,0.06545671395227123
512,373,univariate,0.06943304659453664
512,373,covariate,0.05074673895561955
512,374,univariate,0.06402352111438027
512,374,covariate,0.05175512829864189
512,375,univariate,0.06290761173448782
512,375,covariate,0.055785939141029306
512,376,univariate,0.09549146316058309
512,376,covariate,0.0512018448152981
512,377,univariate,0.08874922774763601
512,377,covariate,0.0760339628665506
512,378,univariate,0.061866699912771946
512,378,covariate,0.06433801925584665
512,379,univariate,0.07111977432117757
512,379,covariate,0.06289626715487807
512,38,univariate,0.09547674774710664
512,38,covariate,0.06804920922226416
512,380,univariate,0.07024720118336505
512,380,covariate,0.06753205671888483
512,381,univariate,0.04808545930176481
512,381,covariate,0.03867472201757056
512,382,univariate,0.06033114184204499
512,382,covariate,0.05403077784837626
512,383,univariate,0.051938835540954124
512,383,covariate,0.056839974682981055
512,384,univariate,0.06448498715248012
512,384,covariate,0.054701142755757354
512,386,univariate,0.08285971304501541
512,386,covariate,0.054909546572856155
512,387,univariate,0.39467846276083546
512,387,covariate,0.08826139095130275
512,388,univariate,0.07818995383780177
512,388,covariate,0.06165773441800809
512,389,univariate,0.06315490348830438
512,389,covariate,0.05766794991235688
512,39,univariate,0.09012661930792071
512,39,covariate,0.0808569440846368
512,390,univariate,0.0670312418543792
512,390,covariate,0.0558148497722471
512,391,univariate,0.09252234259971492
512,391,covariate,0.07772440510364381
512,392,univariate,0.07318636612819751
512,392,covariate,0.07144533463894305
512,393,univariate,0.07910437158100145
512,393,covariate,0.0692675935198434
512,394,univariate,0.06190126453284934
512,394,covariate,0.05509247600691286
512,395,univariate,0.07969944895589202
512,395,covariate,0.06203873944517949
512,396,univariate,0.05842964411749362
512,396,covariate,0.050673202055472266
512,397,univariate,0.07577460619534362
512,397,covariate,0.06050497891417125
512,398,univariate,0.08524364091749392
512,398,covariate,0.07709069396297334
512,4,univariate,0.07569072951375924
512,4,covariate,0.07445852067911311
512,40,univariate,0.07445012431147884
512,40,covariate,0.08457738893983628
512,400,univariate,0.06846403283455899
512,400,covariate,0.06072545392404999
512,401,univariate,0.05832452530596916
512,401,covariate,0.051120613953748784
512,402,univariate,0.10363078975175065
512,402,covariate,0.07380043621304379
512,403,univariate,0.07202527688202942
512,403,covariate,0.058914575215945064
512,404,univariate,0.06995457099147794
512,404,covariate,0.054532464472124266
512,405,univariate,0.12674196903486398
512,405,covariate,0.06577501737383645
512,406,univariate,0.0725272411743575
512,406,covariate,0.06267217755270246
512,408,univariate,0.07767479136757749
512,408,covariate,0.07395725370575032
512,409,univariate,0.08491919270897687
512,409,covariate,0.0744612503727946
512,410,univariate,0.10557073010975364
512,410,covariate,0.05868872310107189
512,411,univariate,0.0730243677162674
512,411,covariate,0.05721147431831481
512,414,univariate,0.05200648505669442
512,414,covariate,0.054942777995473126
512,415,univariate,0.060418771052315544
512,415,covariate,0.06055053714199438
512,416,univariate,0.057002697111807936
512,416,covariate,0.047771490501930525
512,417,univariate,0.09059746486925556
512,417,covariate,0.06802199838698902
512,418,univariate,0.10143844493692049
512,418,covariate,0.06100981127554781
512,419,univariate,0.0775680199060405
512,419,covariate,0.07289716224979369
512,42,univariate,0.0786738176532879
512,42,covariate,0.0718324712075734
512,421,univariate,0.08176892307265758
512,421,covariate,0.10044613402088165
512,422,univariate,0.07184392989740808
512,422,covariate,0.06724810255363325
512,423,univariate,0.05107211896170569
512,423,covariate,0.04933954570031877
512,424,univariate,0.08857170759935164
512,424,covariate,0.08159914069885027
512,425,univariate,0.08861508028689885
512,425,covariate,0.07308864319113491
512,426,univariate,0.06981689112043263
512,426,covariate,0.052904794026659326
512,43,univariate,0.0830256409642798
512,43,covariate,0.04983216981124123
512,431,univariate,0.06614676091416517
512,431,covariate,0.05629344709643876
512,432,univariate,0.06512671704493216
512,432,covariate,0.04650217005072108
512,433,univariate,0.08677494902023515
512,433,covariate,0.09323177714505644
512,435,univariate,0.08151803556620181
512,435,covariate,0.05122274385927896
512,436,univariate,0.05944194343034426
512,436,covariate,0.05638289083486586
512,437,univariate,0.11886381251377698
512,437,covariate,0.11350621470985872
512,438,univariate,0.06603458807380946
512,438,covariate,0.06613067071658979
512,439,univariate,0.07909386080316422
512,439,covariate,0.061152178713381085
512,44,univariate,0.07917547548389961
512,44,covariate,0.07188764987433399
512,440,univariate,0.07620829143311081
512,440,covariate,0.06523602624979509
512,441,univariate,0.0881333676821942
512,441,covariate,0.07543584224982187
512,442,univariate,0.1225789308782546
512,442,covariate,0.06836710829885227
512,443,univariate,0.07047045384282215
512,443,covariate,0.044642530824054116
512,444,univariate,0.06453040441790588
512,444,covariate,0.060227677704990344
512,445,univariate,0.07739635327886589
512,445,covariate,0.06376042889429372
512,446,univariate,0.09366910028908458
512,446,covariate,0.06726628937667316
512,447,univariate,0.06036941648255917
512,447,covariate,0.059229411349150524
512,448,univariate,0.06644649619550715
512,448,covariate,0.05761085111799274
512,449,univariate,0.06328721300976649
512,449,covariate,0.04787419926359329
512,45,univariate,0.07842318776125136
512,45,covariate,0.07087300532532854
512,450,univariate,0.07051191364685042
512,450,covariate,0.09188355779477471
512,451,univariate,0.06511482702882923
512,451,covariate,0.05319567568761932
512,452,univariate,0.07567777290904087
512,452,covariate,0.062427948581937315
512,453,univariate,0.05525718943038065
512,453,covariate,0.07917517642140363
512,454,univariate,0.0665883056947961
512,454,covariate,0.07149501788425695
512,455,univariate,0.07238483191132576
512,455,covariate,0.07590172668432264
512,456,univariate,0.08722485163276637
512,456,covariate,0.0581160658322121
512,458,univariate,0.06263131496348855
512,458,covariate,0.06521980208287713
512,459,univariate,0.08328585630143673
512,459,covariate,0.06318278099736377
512,460,univariate,0.07616739058529316
512,460,covariate,0.06750576978569432
512,461,univariate,0.07468689267029625
512,461,covariate,0.05883046005572004
512,462,univariate,0.05521444384211111
512,462,covariate,0.06897574005413143
512,463,univariate,0.07277071406566814
512,463,covariate,0.06483971289219999
512,464,univariate,0.057405513596689293
512,464,covariate,0.05468054597936362
512,465,univariate,0.07898183442596633
512,465,covariate,0.06532763057400218
512,466,univariate,0.08901374412169581
512,466,covariate,0.06916898753968966
512,467,univariate,0.07102704904277275
512,467,covariate,0.073348607680153
512,468,univariate,0.09552213659320687
512,468,covariate,0.10767778067415495
512,469,univariate,0.09176260803790032
512,469,covariate,0.07236167178609383
512,47,univariate,0.0781149042189072
512,47,covariate,0.06507241885718368
512,470,univariate,0.09438091135939268
512,470,covariate,0.10563475768667202
512,472,univariate,0.08591647238364758
512,472,covariate,0.08228730467694494
512,473,univariate,0.09367401913127664
512,473,covariate,0.06968509196774722
512,474,univariate,0.05708722621892417
512,474,covariate,0.04495449360405609
512,475,univariate,0.08606936555771023
512,475,covariate,0.07021096618258806
512,476,univariate,0.06729505446590357
512,476,covariate,0.05090839420830243
512,478,univariate,0.06762277450793436
512,478,covariate,0.05903939030748206
512,479,univariate,0.07133653429485877
512,479,covariate,0.06444274652985699
512,48,univariate,0.07574078282170171
512,48,covariate,0.05310631918824751
512,480,univariate,0.05579281567348148
512,480,covariate,0.05202576362917399
512,481,univariate,0.08446286476623321
512,481,covariate,0.07657721755844106
512,482,univariate,0.07939716226082538
512,482,covariate,0.06233582513283745
512,483,univariate,0.08783569186995795
512,483,covariate,0.08075497294700963
512,484,univariate,0.058466551796419464
512,484,covariate,0.06745391084817552
512,486,univariate,0.08599772112685335
512,486,covariate,0.07093138168575092
512,487,univariate,0.07539701697291853
512,487,covariate,0.06312210376924461
512,488,univariate,0.08270772525352581
512,488,covariate,0.06810195878857907
512,489,univariate,0.07648443869996628
512,489,covariate,0.05072481986539806
512,49,univariate,0.06407444550550373
512,49,covariate,0.050851043474239854
512,491,univariate,0.08155060196003795
512,491,covariate,0.05084801629259252
512,493,univariate,0.07202087153681083
512,493,covariate,0.062268329255374726
512,494,univariate,0.04439394140002431
512,494,covariate,0.04675746496098385
512,495,univariate,0.09868284103888231
512,495,covariate,0.06986402738384703
512,496,univariate,0.08796538184481976
512,496,covariate,0.0657608246511877
512,497,univariate,0.05612787919070834
512,497,covariate,0.04982316400958892
512,499,univariate,0.07137500792845504
512,499,covariate,0.05141775974282988
512,5,univariate,0.058178528567511545
512,5,covariate,0.05280257457512583
512,50,univariate,0.10001859762750574
512,50,covariate,0.0861713469741756
512,502,univariate,0.07958020725562283
512,502,covariate,0.07084402863719357
512,503,univariate,0.08462419349242827
512,503,covariate,0.05892122528328277
512,504,univariate,0.07720899926931278
512,504,covariate,0.08132194857160967
512,505,univariate,0.08133003087964402
512,505,covariate,0.05739848584660335
512,506,univariate,0.08711345380157935
512,506,covariate,0.06456360416858446
512,507,univariate,0.07121191115833621
512,507,covariate,0.059015482830272796
512,508,univariate,0.08298275111353956
512,508,covariate,0.07012548135646458
512,509,univariate,0.0792232870023506
512,509,covariate,0.06123823192457767
512,510,univariate,0.06736218046258471
512,510,covariate,0.05405066548539389
512,511,univariate,0.05002418284701918
512,511,covariate,0.047187855868710236
512,513,univariate,0.05977064762155306
512,513,covariate,0.05600635566708554
512,515,univariate,0.07605561346631579
512,515,covariate,0.06284641484829363
512,516,univariate,0.09275849012940758
512,516,covariate,0.09122806802168326
512,517,univariate,0.07456868749425744
512,517,covariate,0.08426322921028617
512,519,univariate,0.08097654233903515
512,519,covariate,0.06876966163449794
512,520,univariate,0.05955716381288487
512,520,covariate,0.06123246291096047
512,521,univariate,0.08861407753494553
512,521,covariate,0.07929983947934054
512,523,univariate,0.04685914536683699
512,523,covariate,0.05107226010882715
512,524,univariate,0.062392816725933296
512,524,covariate,0.05063801830375598
512,525,univariate,0.04923689646264238
512,525,covariate,0.04310894187562502
512,526,univariate,0.06597306235355782
512,526,covariate,0.051956933194728945
512,527,univariate,0.06928065544934219
512,527,covariate,0.0683967515126208
512,528,univariate,0.06269245367581906
512,528,covariate,0.05973963652089307
512,529,univariate,0.06566523025026302
512,529,covariate,0.06350550434572054
512,53,univariate,0.08272069178372528
512,53,covariate,0.07403919841684668
512,530,univariate,0.05750116134591939
512,530,covariate,0.058399013555044316
512,531,univariate,0.07188307814294584
512,531,covariate,0.055473767851296284
512,532,univariate,0.05369461895109376
512,532,covariate,0.041827461597148945
512,533,univariate,0.07066233538484958
512,533,covariate,0.051684636169845984
512,535,univariate,0.07549312641196755
512,535,covariate,0.05318583936197822
512,536,univariate,0.08002598495301544
512,536,covariate,0.0746637110547942
512,537,univariate,0.07363824421454038
512,537,covariate,0.06306150234730977
512,538,univariate,0.07264950497310958
512,538,covariate,0.05443503024348768
512,54,univariate,0.07579678122136947
512,54,covariate,0.054326460017414986
512,541,univariate,0.09490548082281526
512,541,covariate,0.07726966225142534
512,543,univariate,0.10269233079864598
512,543,covariate,0.05944313131769122
512,544,univariate,0.0640559814697131
512,544,covariate,0.05731682794667909
512,545,univariate,0.07312978024213636
512,545,covariate,0.049888860119429175
512,546,univariate,0.07799703521123105
512,546,covariate,0.09649584751430886
512,548,univariate,0.11070832023724066
512,548,covariate,0.09136828408837122
512,549,univariate,0.06000026143806553
512,549,covariate,0.05215893084943966
512,55,univariate,0.060440632038862095
512,55,covariate,0.05529028121892724
512,550,univariate,0.1020134935678606
512,550,covariate,0.06858349510869514
512,551,univariate,0.09053747767542876
512,551,covariate,0.09732753497461688
512,552,univariate,0.09934740851582453
512,552,covariate,0.08542038848259477
512,553,univariate,0.0732159438635559
512,553,covariate,0.056090690139429904
512,554,univariate,0.06433668454329503
512,554,covariate,0.058990928708975966
512,556,univariate,0.07940046984178302
512,556,covariate,0.06196623422494115
512,557,univariate,0.10060949200574838
512,557,covariate,0.08143627404220487
512,558,univariate,0.08125595152504102
512,558,covariate,0.06825108310233521
512,559,univariate,0.07903881757035787
512,559,covariate,0.06521407541445427
512,56,univariate,0.06265476324229392
512,56,covariate,0.05885295681703608
512,560,univariate,0.07665291332068967
512,560,covariate,0.06882357948790473
512,561,univariate,0.07519381989923471
512,561,covariate,0.074637731642833
512,562,univariate,0.03516698753564585
512,562,covariate,0.03237146185050802
512,563,univariate,0.10561101041403025
512,563,covariate,0.1111086151434585
512,564,univariate,0.061984347194649646
512,564,covariate,0.05750280911099972
512,565,univariate,0.07351592955563029
512,565,covariate,0.04612513602870092
512,566,univariate,0.06860811046772435
512,566,covariate,0.07012314065069461
512,567,univariate,0.0871656191487859
512,567,covariate,0.07377225658509604
512,568,univariate,0.06075611226433611
512,568,covariate,0.046687552089481006
512,569,univariate,0.04544839297212198
512,569,covariate,0.04507461752782671
512,57,univariate,0.11607279724169535
512,57,covariate,0.06103256520928301
512,570,univariate,0.10592211428293218
512,570,covariate,0.0779199786833406
512,572,univariate,0.06593048487305374
512,572,covariate,0.05933423991729952
512,574,univariate,0.07406566633568888
512,574,covariate,0.0788277693520238
512,576,univariate,0.08865216838503827
512,576,covariate,0.07243598957790875
512,577,univariate,0.10022757101480345
512,577,covariate,0.08079845918727581
512,578,univariate,0.0689345743959242
512,578,covariate,0.08026346756097086
512,579,univariate,0.07493570511878826
512,579,covariate,0.06968738201138953
512,580,univariate,0.06521600893161926
512,580,covariate,0.07311663683373397
512,581,univariate,0.09548789199962589
512,581,covariate,0.05779522287565331
512,582,univariate,0.09076174153585063
512,582,covariate,0.08714391442403933
512,583,univariate,0.05651710966354653
512,583,covariate,0.044172803530928444
512,584,univariate,0.06652646715984682
512,584,covariate,0.06552002042697518
512,585,univariate,0.12125828824476557
512,585,covariate,0.08194142436148248
512,586,univariate,0.0708495634819707
512,586,covariate,0.058395439925547264
512,588,univariate,0.06902688087187246
512,588,covariate,0.059981041407798
512,589,univariate,0.08686024969682989
512,589,covariate,0.09519712190785017
512,59,univariate,0.05871285845502478
512,59,covariate,0.05725258511843482
512,590,univariate,0.06709824583517254
512,590,covariate,0.06581898545337105
512,591,univariate,0.07275815662655696
512,591,covariate,0.064071368667861
512,592,univariate,0.08737997637375945
512,592,covariate,0.06479538940971359
512,593,univariate,0.07247248750196442
512,593,covariate,0.08056396712711351
512,594,univariate,0.05877678805212396
512,594,covariate,0.05571525702351748
512,595,univariate,0.07422353579946901
512,595,covariate,0.06323255369696364
512,596,univariate,0.05810817627268056
512,596,covariate,0.04402263705702403
512,597,univariate,0.06786092409496626
512,597,covariate,0.06832573940390045
512,599,univariate,0.061364688383486
512,599,covariate,0.051032771806261513
512,6,univariate,0.060272447227422477
512,6,covariate,0.05643733501983992
512,60,univariate,0.07110258885004292
512,60,covariate,0.06319224140098813
512,600,univariate,0.09520424294666806
512,600,covariate,0.07809462695125262
512,601,univariate,0.07196493262963546
512,601,covariate,0.0554486898776653
512,602,univariate,0.0592586585474578
512,602,covariate,0.06453521766928354
512,603,univariate,0.06584565954073208
512,603,covariate,0.0627270071797629
512,605,univariate,0.0967604460618751
512,605,covariate,0.09293087712003868
512,606,univariate,0.05543682559864918
512,606,covariate,0.04502175047533447
512,607,univariate,0.09334671013820577
512,607,covariate,0.06993482918150894
512,608,univariate,0.07571093199228922
512,608,covariate,0.06397179946203571
512,609,univariate,0.06127274607893118
512,609,covariate,0.0488259354182694
512,61,univariate,0.10484164928825296
512,61,covariate,0.08910529814484248
512,610,univariate,0.08068506495472139
512,610,covariate,0.058865458147393655
512,613,univariate,0.048874108911249214
512,613,covariate,0.03649412737049436
512,614,univariate,0.05313792903566895
512,614,covariate,0.05125222261086452
512,615,univariate,0.06173198839208605
512,615,covariate,0.04919248517226139
512,616,univariate,0.06645521233654195
512,616,covariate,0.06687353359037125
512,617,univariate,0.07254037895835481
512,617,covariate,0.060415681089469854
512,618,univariate,0.0659929499194472
512,618,covariate,0.0609520110593944
512,62,univariate,0.07131187403053367
512,62,covariate,0.04511600254179266
512,621,univariate,0.08354869441428327
512,621,covariate,0.06356346695655951
512,622,univariate,0.07195688114381733
512,622,covariate,0.07239023473150798
512,623,univariate,0.08981796329797485
512,623,covariate,0.06770763793632302
512,624,univariate,0.07083023658240822
512,624,covariate,0.0573088757309265
512,625,univariate,0.08207955753731258
512,625,covariate,0.05294341786406736
512,626,univariate,0.0932565197688094
512,626,covariate,0.07045935120427248
512,627,univariate,0.08153240106621791
512,627,covariate,0.07242902521417728
512,628,univariate,0.09347911541270326
512,628,covariate,0.09569529907243417
512,63,univariate,0.09248021107071068
512,63,covariate,0.06932528007633552
512,630,univariate,0.061724761483413874
512,630,covariate,0.061610389590006844
512,631,univariate,0.0703275221815341
512,631,covariate,0.06337357011280971
512,632,univariate,0.05411872793367497
512,632,covariate,0.04918833102691416
512,634,univariate,0.07028310026455287
512,634,covariate,0.04671269239101591
512,635,univariate,0.06583256214661821
512,635,covariate,0.055825422721168146
512,639,univariate,0.08293328762376312
512,639,covariate,0.068807230938297
512,64,univariate,0.06920791632916871
512,64,covariate,0.05904914230598094
512,640,univariate,0.06306399803701175
512,640,covariate,0.061069651449127516
512,641,univariate,0.0841816108006276
512,641,covariate,0.07541279400451538
512,642,univariate,0.06812110149338721
512,642,covariate,0.05927847501791342
512,643,univariate,0.08680604183238129
512,643,covariate,0.07495089912876512
512,645,univariate,0.10453595280269419
512,645,covariate,0.0727227174196062
512,647,univariate,0.09284678427953313
512,647,covariate,0.07081639951511849
512,648,univariate,0.08028970058302755
512,648,covariate,0.07260089531678747
512,649,univariate,0.0696427401186845
512,649,covariate,0.05152124308435649
512,65,univariate,0.05275251346126036
512,65,covariate,0.05488815230732417
512,651,univariate,0.0710591600461757
512,651,covariate,0.049614346842099276
512,652,univariate,0.08533417031819203
512,652,covariate,0.048959586915936
512,653,univariate,0.059944579545158284
512,653,covariate,0.05993315106142106
512,654,univariate,0.07095787859901781
512,654,covariate,0.05249135344628564
512,655,univariate,0.09306528212844517
512,655,covariate,0.07303133406067518
512,656,univariate,0.08779035741704748
512,656,covariate,0.07152068133442009
512,657,univariate,0.1363248457864563
512,657,covariate,0.12432765504846725
512,658,univariate,0.07104367368891511
512,658,covariate,0.059534768006670936
512,659,univariate,0.0631514145758139
512,659,covariate,0.05761270247816286
512,66,univariate,0.06916244835372833
512,66,covariate,0.0634851036466428
512,661,univariate,0.06676516528827418
512,661,covariate,0.0706495753942375
512,662,univariate,0.11347873132739845
512,662,covariate,0.1108008143520618
512,663,univariate,0.07020627249936003
512,663,covariate,0.058276129870554784
512,664,univariate,0.07616395250555848
512,664,covariate,0.05260194918119349
512,665,univariate,0.06809607851908127
512,665,covariate,0.043636252527319515
512,666,univariate,0.10982801310200657
512,666,covariate,0.07209563587771652
512,667,univariate,0.07544478522667876
512,667,covariate,0.04990546925590473
512,668,univariate,0.06474044300750771
512,668,covariate,0.06463066637209441
512,67,univariate,0.06820282792323297
512,67,covariate,0.06474053107235735
512,672,univariate,0.06273197777102377
512,672,covariate,0.048463306702154214
512,673,univariate,0.07617113256158763
512,673,covariate,0.06864875555678072
512,674,univariate,0.07854650435255496
512,674,covariate,0.060440065903290076
512,675,univariate,0.11468025231529083
512,675,covariate,0.08706411001574936
512,676,univariate,0.032848136301655055
512,676,covariate,0.035674328881799854
512,678,univariate,0.08991866176721335
512,678,covariate,0.08303450944858908
512,679,univariate,0.05426560829620001
512,679,covariate,0.043229096389225896
512,68,univariate,0.09543916848154826
512,68,covariate,0.1111460733787049
512,680,univariate,0.077250196131843
512,680,covariate,0.09354091169337281
512,681,univariate,0.07945320535535878
512,681,covariate,0.0967638419142605
512,682,univariate,0.0449959074095009
512,682,covariate,0.03307421322273716
512,683,univariate,0.06541384804945638
512,683,covariate,0.06294654559370329
512,685,univariate,0.10613932766379065
512,685,covariate,0.08252467128329309
512,686,univariate,0.07498533378088086
512,686,covariate,0.05060410010854052
512,687,univariate,0.06968258264834204
512,687,covariate,0.0541184930458757
512,688,univariate,0.07688864514528747
512,688,covariate,0.067485950732086
512,689,univariate,0.06574327097565412
512,689,covariate,0.05637147981905124
512,69,univariate,0.0596126419549536
512,69,covariate,0.07549465418197297
512,690,univariate,0.07233851259696746
512,690,covariate,0.057798289826537015
512,691,univariate,0.09084008640047615
512,691,covariate,0.07657663420470279
512,692,univariate,0.10207278471283789
512,692,covariate,0.10322190996015791
512,693,univariate,0.13058484186162111
512,693,covariate,0.05775551035348638
512,695,univariate,0.10944085741865801
512,695,covariate,0.0854176877945596
512,696,univariate,0.08300675231685721
512,696,covariate,0.06672483270870898
512,697,univariate,0.08629946971658659
512,697,covariate,0.06874407428875266
512,698,univariate,0.05700292405377555
512,698,covariate,0.06482215013302912
512,699,univariate,0.08882516193928264
512,699,covariate,0.0642084874765972
512,7,univariate,0.05796854114047718
512,7,covariate,0.07358248708462083
512,70,univariate,0.06379589783522274
512,70,covariate,0.07579331537065222
512,700,univariate,0.069958236476527
512,700,covariate,0.06734447998330942
512,703,univariate,0.08143966055304398
512,703,covariate,0.060853731934731176
512,704,univariate,0.06100803379371545
512,704,covariate,0.05363485384348399
512,705,univariate,0.10497087071046658
512,705,covariate,0.0807603898291989
512,707,univariate,0.0740464026356017
512,707,covariate,0.06185042974072008
512,708,univariate,0.23978667387068123
512,708,covariate,0.06678321128180192
512,709,univariate,0.053296743315050805
512,709,covariate,0.0578968386732977
512,71,univariate,0.07533519570857582
512,71,covariate,0.05344804563973154
512,713,univariate,0.12237033545276595
512,713,covariate,0.10244945529533085
512,714,univariate,0.07567457639670881
512,714,covariate,0.05871816736146251
512,715,univariate,0.06619155318403726
512,715,covariate,0.05899052657878304
512,717,univariate,0.10383538791085911
512,717,covariate,0.07025217071264937
512,718,univariate,0.05852486091594245
512,718,covariate,0.04564881342478277
512,720,univariate,0.07854601678912669
512,720,covariate,0.06731828756796823
512,721,univariate,0.06867005773761102
512,721,covariate,0.0686339282914757
512,722,univariate,0.12309851294910606
512,722,covariate,0.16516112625489107
512,723,univariate,0.07589986083162119
512,723,covariate,0.056204891771687034
512,724,univariate,0.0656662807881865
512,724,covariate,0.06726066033405916
512,725,univariate,0.07338723617043705
512,725,covariate,0.07397335683424269
512,726,univariate,0.06291673073570471
512,726,covariate,0.046386204766939276
512,727,univariate,0.0641038146195151
512,727,covariate,0.06018041604425062
512,728,univariate,0.06192567537849114
512,728,covariate,0.05796275078098099
512,729,univariate,0.0641195327015159
512,729,covariate,0.05928055865074689
512,73,univariate,0.06517310160632488
512,73,covariate,0.051365519456234826
512,730,univariate,0.07922019352405131
512,730,covariate,0.06511334278124105
512,731,univariate,0.08323078264536216
512,731,covariate,0.06423848675052939
512,732,univariate,0.05558727043124225
512,732,covariate,0.08442691146461571
512,733,univariate,0.041236843202540945
512,733,covariate,0.03429152770368455
512,734,univariate,0.10085712064874146
512,734,covariate,0.06945260958855227
512,735,univariate,0.06030355706166177
512,735,covariate,0.05363572913386916
512,737,univariate,0.10026576266816846
512,737,covariate,0.08701017756137691
512,738,univariate,0.0636617195325312
512,738,covariate,0.06360814791658119
512,74,univariate,0.08160085011937863
512,74,covariate,0.06189364551497902
512,740,univariate,0.07188701191090334
512,740,covariate,0.08402497634116157
512,741,univariate,0.05986203578980989
512,741,covariate,0.06309761168978037
512,742,univariate,0.07186870545235478
512,742,covariate,0.056195609044693146
512,743,univariate,0.09246706831709593
512,743,covariate,0.059216247932777
512,745,univariate,0.07423049377791353
512,745,covariate,0.06499700690716069
512,746,univariate,0.07735502747697016
512,746,covariate,0.058465498020232765
512,747,univariate,0.051595520733790846
512,747,covariate,0.0564713599542245
512,748,univariate,0.0768492085440786
512,748,covariate,0.061505870030272976
512,749,univariate,0.08611469137814816
512,749,covariate,0.07284392622039566
512,75,univariate,0.060969923776348654
512,75,covariate,0.0722231672993771
512,751,univariate,0.08190732500386787
512,751,covariate,0.09655509169139166
512,752,univariate,0.0873546631030737
512,752,covariate,0.06291750852360323
512,753,univariate,0.09297428751195704
512,753,covariate,0.08009322614504091
512,754,univariate,0.06074328743325507
512,754,covariate,0.05666446951756254
512,755,univariate,0.04268305643921219
512,755,covariate,0.043714449657605035
512,756,univariate,0.07265467198898985
512,756,covariate,0.07162704602849856
512,757,univariate,0.06508574807395535
512,757,covariate,0.048514591214052855
512,758,univariate,0.07224712479969275
512,758,covariate,0.061481082305794695
512,759,univariate,0.08215525950168188
512,759,covariate,0.06523755121117339
512,760,univariate,0.060342684492491534
512,760,covariate,0.07687127665785866
512,761,univariate,0.0779828286889158
512,761,covariate,0.06025169994302362
512,762,univariate,0.09911538868404529
512,762,covariate,0.06589347512297702
512,763,univariate,0.06324077745097402
512,763,covariate,0.050935329223668724
512,764,univariate,0.08733117180417528
512,764,covariate,0.0717847181745624
512,765,univariate,0.08110368469931757
512,765,covariate,0.06287349220007608
512,767,univariate,0.07537277863130461
512,767,covariate,0.06907454659970352
512,768,univariate,0.08179267021993937
512,768,covariate,0.07050035566093615
512,769,univariate,0.05096863198191312
512,769,covariate,0.050523496863022356
512,77,univariate,0.08081181694335085
512,77,covariate,0.057100600301190414
512,770,univariate,0.10337230138540605
512,770,covariate,0.0643942645195391
512,772,univariate,0.0813032925947359
512,772,covariate,0.07935709608272916
512,773,univariate,0.05961202750494033
512,773,covariate,0.040636979850513094
512,774,univariate,0.07367194001710038
512,774,covariate,0.06403101215519515
512,776,univariate,0.09659880641955354
512,776,covariate,0.08640549624731968
512,777,univariate,0.07412868964962425
512,777,covariate,0.05437705118569777
512,779,univariate,0.058124526157000596
512,779,covariate,0.043428400448773635
512,78,univariate,0.08367722919831312
512,78,covariate,0.06865607674727249
512,780,univariate,0.06243630021342914
512,780,covariate,0.04338214239744129
512,781,univariate,0.051168594200421136
512,781,covariate,0.05391812528342687
512,782,univariate,0.0654370401823176
512,782,covariate,0.060537998641686526
512,783,univariate,0.048140437334069926
512,783,covariate,0.04538809382551474
512,784,univariate,0.09020810151699109
512,784,covariate,0.06564333418725146
512,785,univariate,0.11048494105607297
512,785,covariate,0.06418655879257575
512,786,univariate,0.1131306467544374
512,786,covariate,0.10080559322572724
512,787,univariate,0.053306639344343376
512,787,covariate,0.052061938149874754
512,788,univariate,0.06213245862708005
512,788,covariate,0.056020465180285646
512,789,univariate,0.06025086482175812
512,789,covariate,0.05642436566934819
512,79,univariate,0.06644115564860618
512,79,covariate,0.0662705113006968
512,790,univariate,0.0694207757902751
512,790,covariate,0.05209483162007699
512,791,univariate,0.08505539126119734
512,791,covariate,0.06594608537239201
512,792,univariate,0.08758712906425449
512,792,covariate,0.058761282350498704
512,793,univariate,0.1187412211591448
512,793,covariate,0.06983843809095668
512,794,univariate,0.045666163640150546
512,794,covariate,0.044968727212552524
512,795,univariate,0.12479177964699362
512,795,covariate,0.06936163676621389
512,796,univariate,0.06327377786319131
512,796,covariate,0.04081777565349088
512,798,univariate,0.05940063434536635
512,798,covariate,0.05679101536882166
512,799,univariate,0.06849938079688603
512,799,covariate,0.0735805446616319
512,8,univariate,0.07515128090512986
512,8,covariate,0.057462263224175976
512,80,univariate,0.07010657224953044
512,80,covariate,0.053380770482606255
512,800,univariate,0.11410798083095174
512,800,covariate,0.06970315446201539
512,801,univariate,0.09332392427482895
512,801,covariate,0.07833556321792935
512,802,univariate,0.0886931722830458
512,802,covariate,0.06608012418240307
512,803,univariate,0.0853902498745604
512,803,covariate,0.07206836257163181
512,807,univariate,0.04517120852560028
512,807,covariate,0.0523044155821073
512,808,univariate,0.07398821570097781
512,808,covariate,0.07068603276175205
512,809,univariate,0.07889511170786088
512,809,covariate,0.061932537817794
512,810,univariate,0.05899033796218368
512,810,covariate,0.055378640994447614
512,811,univariate,0.05414350394636522
512,811,covariate,0.06502227777576117
512,812,univariate,0.05328196576603956
512,812,covariate,0.05740881989492653
512,813,univariate,0.07501557873650953
512,813,covariate,0.06269501559122247
512,814,univariate,0.06261800883435809
512,814,covariate,0.0503589084623307
512,816,univariate,0.08328155025903161
512,816,covariate,0.07944111875765832
512,817,univariate,0.04506432253405015
512,817,covariate,0.03654654974007449
512,818,univariate,0.07156389819888985
512,818,covariate,0.07586343095049035
512,819,univariate,0.07056325931422362
512,819,covariate,0.0616220220688416
512,82,univariate,0.06652598290959266
512,82,covariate,0.06335372060287618
512,821,univariate,0.07609937642920414
512,821,covariate,0.0741727331933749
512,822,univariate,0.07301350543489164
512,822,covariate,0.0723297448771107
512,823,univariate,0.07052942591168156
512,823,covariate,0.059268407728037646
512,824,univariate,0.07471172265795169
512,824,covariate,0.0755034161185458
512,826,univariate,0.07339493204029464
512,826,covariate,0.05318925254712228
512,827,univariate,0.08073353855321498
512,827,covariate,0.07573267101656801
512,828,univariate,0.06387484003081982
512,828,covariate,0.05851778256875254
512,829,univariate,0.08121647157839765
512,829,covariate,0.06852189392800244
512,83,univariate,0.0912434353907668
512,83,covariate,0.07221392002243737
512,830,univariate,0.05753014769148946
512,830,covariate,0.04019761368502817
512,831,univariate,0.08132945551154448
512,831,covariate,0.06202097064555163
512,832,univariate,0.07295283320353274
512,832,covariate,0.05918144272126933
512,833,univariate,0.07087751010981054
512,833,covariate,0.0591977948446702
512,834,univariate,0.0728141233006399
512,834,covariate,0.06017065820546214
512,835,univariate,0.09197159536746484
512,835,covariate,0.06867638130020011
512,836,univariate,0.05424832650334785
512,836,covariate,0.05760010222433709
512,837,univariate,0.062359999381043384
512,837,covariate,0.06022026107947146
512,838,univariate,0.05527664374208668
512,838,covariate,0.06189652923963609
512,839,univariate,0.07436620646829574
512,839,covariate,0.05199944063117728
512,84,univariate,0.05442044057246151
512,84,covariate,0.04615193165291104
512,840,univariate,0.05979043463211869
512,840,covariate,0.06318910883474875
512,841,univariate,0.06151556305397273
512,841,covariate,0.06325835835463188
512,843,univariate,0.10590829610017861
512,843,covariate,0.11488267600866407
512,844,univariate,0.0892727709578401
512,844,covariate,0.06665064685251092
512,845,univariate,0.0751045960419638
512,845,covariate,0.06706091841040134
512,846,univariate,0.08128750331335508
512,846,covariate,0.0728780495227335
512,847,univariate,0.08270085246851827
512,847,covariate,0.06995208141251952
512,848,univariate,0.09580891363763537
512,848,covariate,0.07518828758550122
512,849,univariate,0.05019149234609491
512,849,covariate,0.04626845041776693
512,85,univariate,0.04905774948214189
512,85,covariate,0.04860637132350725
512,850,univariate,0.11098432016405575
512,850,covariate,0.08289059259593938
512,852,univariate,0.08141347108596945
512,852,covariate,0.06051966333745747
512,853,univariate,0.06057510088265574
512,853,covariate,0.06035327051713774
512,854,univariate,0.07364470392514261
512,854,covariate,0.06256121618229811
512,855,univariate,0.08310768638548324
512,855,covariate,0.06861466456321663
512,856,univariate,0.06520067975443988
512,856,covariate,0.055863620500589406
512,857,univariate,0.06202396075584885
512,857,covariate,0.05423551561025599
512,86,univariate,0.09410899379885286
512,86,covariate,0.07161943546859065
512,860,univariate,0.06883834740954976
512,860,covariate,0.06814276729515871
512,861,univariate,0.06257953354845278
512,861,covariate,0.05759081135352195
512,862,univariate,0.07907855036485816
512,862,covariate,0.06892714355279897
512,863,univariate,0.05099551917445246
512,863,covariate,0.05375886800671997
512,864,univariate,0.08555981363355215
512,864,covariate,0.061724571966460216
512,865,univariate,0.06891585948179749
512,865,covariate,0.06927349035891434
512,866,univariate,0.061099492743044846
512,866,covariate,0.0658851589061895
512,867,univariate,0.07279642076819097
512,867,covariate,0.06871005860780861
512,868,univariate,0.06279387356924465
512,868,covariate,0.052098990751609224
512,869,univariate,0.110031050998037
512,869,covariate,0.07033787251065622
512,87,univariate,0.0712794845839834
512,87,covariate,0.05002009176048434
512,870,univariate,0.23531900252804758
512,870,covariate,0.08171612488014632
512,871,univariate,0.07995357165860593
512,871,covariate,0.07230978474886302
512,872,univariate,0.07944167703085685
512,872,covariate,0.0678211312191379
512,873,univariate,0.05419935899605851
512,873,covariate,0.05723515158345322
512,874,univariate,0.05687438457396185
512,874,covariate,0.06578704778273312
512,875,univariate,0.07242738747997242
512,875,covariate,0.05197124344485161
512,876,univariate,1.1315355384770112
512,876,covariate,1.2048559356800774
512,877,univariate,0.08111642557196204
512,877,covariate,0.06328807819101244
512,878,univariate,0.05284350927456189
512,878,covariate,0.042663321383351445
512,88,univariate,0.06283724456961823
512,88,covariate,0.06412569781854356
512,880,univariate,0.07563474444813559
512,880,covariate,0.0642027474963928
512,881,univariate,0.11145708444298318
512,881,covariate,0.09250557190344498
512,882,univariate,0.3073038117187085
512,882,covariate,0.057440608670856846
512,883,univariate,0.08246871490347872
512,883,covariate,0.05213105777738614
512,885,univariate,0.08373722936775535
512,885,covariate,0.050704227810346954
512,886,univariate,0.07052545763258658
512,886,covariate,0.04808390940109744
512,887,univariate,0.3522082113625251
512,887,covariate,0.07598237300547918
512,888,univariate,0.07707002726143007
512,888,covariate,0.07059752494517867
512,889,univariate,0.08088994197054679
512,889,covariate,0.04615783187365665
512,891,univariate,0.07817252516717951
512,891,covariate,0.07414161231336547
512,892,univariate,0.058855081697602264
512,892,covariate,0.05128697311856057
512,894,univariate,0.08694971336035882
512,894,covariate,0.05997053466717137
512,895,univariate,0.0702344126039599
512,895,covariate,0.06432051023814744
512,896,univariate,0.06599152544009614
512,896,covariate,0.0653954272227942
512,897,univariate,0.06388044320148616
512,897,covariate,0.06737400867746916
512,898,univariate,0.09214708598280863
512,898,covariate,0.06267331155394558
512,899,univariate,0.06394634488907018
512,899,covariate,0.0708729952408292
512,9,univariate,0.08345272975969718
512,9,covariate,0.062407338997411244
512,90,univariate,0.07871810183409651
512,90,covariate,0.0679135090476862
512,901,univariate,0.0768846878572084
512,901,covariate,0.06416165629011578
512,905,univariate,0.08600201325533646
512,905,covariate,0.06943790458177955
512,906,univariate,0.05886983588485222
512,906,covariate,0.0680804644544304
512,907,univariate,0.06902894288740322
512,907,covariate,0.07484233224483999
512,908,univariate,0.09092300339516361
512,908,covariate,0.07601413442174397
512,91,univariate,0.08511188066626485
512,91,covariate,0.06195941956355545
512,910,univariate,0.062294346231417226
512,910,covariate,0.050741566885166615
512,911,univariate,0.07215250468810912
512,911,covariate,0.06541059787794
512,912,univariate,0.08223265364206349
512,912,covariate,0.07742349500265353
512,913,univariate,0.09291420132965887
512,913,covariate,0.06347728665937659
512,914,univariate,0.07591243113728256
512,914,covariate,0.0656677321192697
512,916,univariate,0.1025003419717652
512,916,covariate,0.09400935774127328
512,917,univariate,0.07107670629585057
512,917,covariate,0.06035851934636957
512,918,univariate,0.07406928861295532
512,918,covariate,0.0655672544533021
512,92,univariate,0.11099248826117052
512,92,covariate,0.06578502716491547
512,921,univariate,0.06997473702351499
512,921,covariate,0.06531788867670156
512,922,univariate,0.07408895692921696
512,922,covariate,0.05491641379125991
512,923,univariate,0.0493764771952302
512,923,covariate,0.0404296406216854
512,924,univariate,0.08039134517590864
512,924,covariate,0.07178942406559267
512,925,univariate,0.09285097383229379
512,925,covariate,0.07518137369793947
512,926,univariate,0.11466247377408971
512,926,covariate,0.07785446214315607
512,927,univariate,0.08396401166328654
512,927,covariate,0.0705822861789628
512,928,univariate,0.12629894532579805
512,928,covariate,0.07972463385917647
512,929,univariate,0.06982117607793888
512,929,covariate,0.057060212078094176
512,93,univariate,0.08104490947656555
512,93,covariate,0.05604717839897679
512,930,univariate,0.06504809556254941
512,930,covariate,0.06502759422198871
512,931,univariate,0.051697490914356686
512,931,covariate,0.06389353681495588
512,933,univariate,0.05920532028748015
512,933,covariate,0.052288463750117135
512,934,univariate,0.06853460464895143
512,934,covariate,0.058404887709749144
512,935,univariate,0.08692017481648201
512,935,covariate,0.07510178582902075
512,936,univariate,0.06779290511911872
512,936,covariate,0.0436005840528526
512,937,univariate,0.06973626304185067
512,937,covariate,0.04879992650684594
512,938,univariate,0.05073530747692154
512,938,covariate,0.05142973178961136
512,939,univariate,0.08616367503026683
512,939,covariate,0.060939822931132315
512,94,univariate,0.07805495745272377
512,94,covariate,0.05042690235594587
512,940,univariate,0.061960269657094176
512,940,covariate,0.0577294268623256
512,942,univariate,0.09024962111269562
512,942,covariate,0.05990162900618128
512,943,univariate,0.060686057171177914
512,943,covariate,0.045258786588584066
512,944,univariate,0.06719832319553336
512,944,covariate,0.05740027232185712
512,945,univariate,0.06998914683401374
512,945,covariate,0.06280142995949206
512,946,univariate,0.06990002063020381
512,946,covariate,0.0663813364307957
512,947,univariate,0.07695253566104719
512,947,covariate,0.07061472431130147
512,948,univariate,0.029649429635886654
512,948,covariate,0.033627756868511355
512,949,univariate,0.08166040812260587
512,949,covariate,0.05898861825131805
512,95,univariate,0.06670353527383636
512,95,covariate,0.037095340693015434
512,950,univariate,0.07448058965871186
512,950,covariate,0.07243448095289881
512,951,univariate,0.09568447608351649
512,951,covariate,0.07811305484866098
512,953,univariate,0.05369328556247261
512,953,covariate,0.053213853024126234
512,954,univariate,0.10045059655941606
512,954,covariate,0.0825333930617462
512,955,univariate,0.08095117216270055
512,955,covariate,0.059938647661157286
512,956,univariate,0.10265860663267372
512,956,covariate,0.10909514627602068
512,957,univariate,0.05781190301907465
512,957,covariate,0.0569440805699811
512,958,univariate,0.04893620044418762
512,958,covariate,0.05703890908217079
512,959,univariate,0.06207874812323494
512,959,covariate,0.05952688011393673
512,96,univariate,0.07712027827513233
512,96,covariate,0.06848854470267336
512,960,univariate,0.09531873195677025
512,960,covariate,0.07998051816268552
512,961,univariate,0.07277817184679554
512,961,covariate,0.06583888059552623
512,962,univariate,0.09269156849407188
512,962,covariate,0.06582367321673947
512,963,univariate,0.07155776645267418
512,963,covariate,0.058073302094165634
512,964,univariate,0.07730992918532592
512,964,covariate,0.05989930706576732
512,965,univariate,0.08003375584840099
512,965,covariate,0.07274080206010626
512,966,univariate,0.07021687869893128
512,966,covariate,0.052953822746480195
512,967,univariate,0.07189436128620814
512,967,covariate,0.06352909480901306
512,968,univariate,0.05122371001357171
512,968,covariate,0.05674046044335087
512,969,univariate,0.07962706310411806
512,969,covariate,0.05842586549477118
512,97,univariate,0.070831442318016
512,97,covariate,0.05710901610371211
512,970,univariate,0.089476901017096
512,970,covariate,0.1075442276568742
512,971,univariate,0.11946563262694265
512,971,covariate,0.08450216751866259
512,972,univariate,0.12876454670046478
512,972,covariate,0.08386037971867137
512,973,univariate,0.10402579321266907
512,973,covariate,0.09562572571063872
512,975,univariate,0.07536359435025178
512,975,covariate,0.060198633821225124
512,976,univariate,0.080305924411775
512,976,covariate,0.05447391640517973
512,978,univariate,0.06141638891976697
512,978,covariate,0.06437715902946474
512,979,univariate,0.07054258883770363
512,979,covariate,0.05509458207970407
512,98,univariate,0.06822014391211796
512,98,covariate,0.06139279050742985
512,980,univariate,0.09052533537241446
512,980,covariate,0.06361240679212206
512,981,univariate,0.05497550853797217
512,981,covariate,0.044368019579743685
512,982,univariate,0.06938237459435224
512,982,covariate,0.059215702009733716
512,983,univariate,0.12903549278713158
512,983,covariate,0.07229507895539715
512,984,univariate,0.11829462740330131
512,984,covariate,0.08593838843655703
512,985,univariate,0.08462071287738719
512,985,covariate,0.07257115165153065
512,986,univariate,0.10132391369772942
512,986,covariate,0.0865549067503244
512,987,univariate,0.10078821149830763
512,987,covariate,0.08383198450314917
512,988,univariate,0.08089254003676578
512,988,covariate,0.08327582976328342
512,990,univariate,0.05683146145598574
512,990,covariate,0.04882408324167247
512,991,univariate,0.06769450140899055
512,991,covariate,0.06990128093619778
512,992,univariate,0.09236852510889287
512,992,covariate,0.07021966001416151
512,993,univariate,0.06975397256015173
512,993,covariate,0.053049893153798454
512,994,univariate,0.10373175093084837
512,994,covariate,0.06655437926164022
512,995,univariate,0.057785107470581944
512,995,covariate,0.03968743658975469
512,996,univariate,0.07663506338748385
512,996,covariate,0.06754816582985554
512,997,univariate,0.10283630453017255
512,997,covariate,0.06464952467466377
512,998,univariate,0.0620402632662202
512,998,covariate,0.05399242638084287
512,999,univariate,0.0731676672800281
512,999,covariate,0.053386276781941966
