scenario,shop_id,core_cluster,final_cluster,is_outlier_core,is_outlier_final,assign_confidence,nearest_cluster,nearest_dist,cluster_prob_core,outlier_score
S2_more_strict_density,484,1,1,False,False,1.0,-1,,1.0,0.08570836128969796
S2_more_strict_density,6,-1,4,True,False,0.0,4,0.7110086679458618,0.0,0.04361957706001855
S2_more_strict_density,65,-1,6,True,False,0.0,6,0.5211043357849121,0.0,0.24925002482047745
S2_more_strict_density,333,1,1,False,False,1.0,-1,,1.0,0.12371536833309948
S2_more_strict_density,1036,2,2,False,False,0.9038126184484705,-1,,0.9038126184484705,0.09618738155152949
S2_more_strict_density,409,1,1,False,False,1.0,-1,,1.0,0.06728812672965973
S2_more_strict_density,1029,-1,6,True,False,0.0,6,0.5701482892036438,0.0,0.1983956178302141
S2_more_strict_density,117,2,2,False,False,1.0,-1,,1.0,0.0
S2_more_strict_density,907,2,2,False,False,1.0,-1,,1.0,0.08891427048056624
S2_more_strict_density,290,2,2,False,False,1.0,-1,,1.0,0.09095410777491911
S2_more_strict_density,966,2,2,False,False,1.0,-1,,1.0,0.1585094604284571
S2_more_strict_density,1069,5,5,False,False,1.0,-1,,1.0,0.0
S2_more_strict_density,1070,1,1,False,False,1.0,-1,,1.0,0.0
S2_more_strict_density,969,1,1,False,False,1.0,-1,,1.0,0.3867946652020599
S2_more_strict_density,29,2,2,False,False,0.9658852311850019,-1,,0.9658852311850019,0.03411476881499807
S2_more_strict_density,101,1,1,False,False,1.0,-1,,1.0,0.12740770940727267
S2_more_strict_density,11,1,1,False,False,1.0,-1,,1.0,0.0
S2_more_strict_density,790,1,1,False,False,1.0,-1,,1.0,0.06994749083590267
S2_more_strict_density,389,1,1,False,False,1.0,-1,,1.0,0.20833753920610593
S2_more_strict_density,496,-1,4,True,False,0.0,4,1.3677560091018677,0.0,0.22462928420236228
S2_more_strict_density,590,1,1,False,False,1.0,-1,,1.0,0.0
S2_more_strict_density,505,1,1,False,False,1.0,-1,,1.0,0.0
S2_more_strict_density,146,2,2,False,False,1.0,-1,,1.0,0.2000769598282256
S2_more_strict_density,373,1,1,False,False,1.0,-1,,1.0,0.13853191888520044
S2_more_strict_density,1105,2,2,False,False,1.0,-1,,1.0,0.04674130733755255
S2_more_strict_density,34,1,1,False,False,1.0,-1,,1.0,0.09868382463585373
S2_more_strict_density,66,1,1,False,False,1.0,-1,,1.0,0.0
S2_more_strict_density,572,2,2,False,False,1.0,-1,,1.0,0.16972913066847167
S2_more_strict_density,374,1,1,False,False,1.0,-1,,1.0,0.0
S2_more_strict_density,742,2,2,False,False,1.0,-1,,1.0,0.33022141568007723
S2_more_strict_density,323,1,1,False,False,1.0,-1,,1.0,0.25174407816259714
S2_more_strict_density,241,2,2,False,False,1.0,-1,,1.0,0.09493014705010448
S2_more_strict_density,866,1,1,False,False,1.0,-1,,1.0,0.0
S2_more_strict_density,96,5,5,False,False,1.0,-1,,1.0,0.0
S2_more_strict_density,339,1,1,False,False,1.0,-1,,1.0,0.07701475042797784
S2_more_strict_density,760,1,1,False,False,1.0,-1,,1.0,0.09868382463585373
S2_more_strict_density,692,2,2,False,False,1.0,-1,,1.0,0.0
S2_more_strict_density,834,1,1,False,False,1.0,-1,,1.0,0.0
S2_more_strict_density,980,2,2,False,False,1.0,-1,,1.0,0.056520893553822296
S2_more_strict_density,800,1,1,False,False,1.0,-1,,1.0,0.15151593502405009
S2_more_strict_density,250,1,1,False,False,1.0,-1,,1.0,0.0
S2_more_strict_density,257,1,1,False,False,1.0,-1,,1.0,0.0
S2_more_strict_density,720,1,1,False,False,1.0,-1,,1.0,0.22008158862692467
S2_more_strict_density,803,1,1,False,False,1.0,-1,,1.0,0.12331828276363183
S2_more_strict_density,369,1,1,False,False,1.0,-1,,1.0,0.019354078552638695
S2_more_strict_density,418,2,2,False,False,1.0,-1,,1.0,0.0
S2_more_strict_density,887,1,1,False,False,1.0,-1,,1.0,0.025773176446596886
S2_more_strict_density,1087,1,1,False,False,1.0,-1,,1.0,0.19232438588325454
S2_more_strict_density,276,-1,4,True,False,0.0,4,0.7815511226654053,0.0,0.04361957706001855
S2_more_strict_density,957,-1,4,True,False,0.0,4,1.2257212400436401,0.0,0.22462928420236228
S2_more_strict_density,502,1,1,False,False,1.0,-1,,1.0,0.0
S2_more_strict_density,914,1,1,False,False,1.0,-1,,1.0,0.0
S2_more_strict_density,889,6,6,False,False,0.6475202025345828,-1,,0.6475202025345828,0.35247979746541724
S2_more_strict_density,508,2,2,False,False,1.0,-1,,1.0,0.027267597890647366
S2_more_strict_density,70,1,1,False,False,1.0,-1,,1.0,0.0
S2_more_strict_density,397,2,2,False,False,0.9793840285251787,-1,,0.9793840285251787,0.020615971474821262
S2_more_strict_density,1088,2,2,False,False,1.0,-1,,1.0,0.0
S2_more_strict_density,865,2,2,False,False,1.0,-1,,1.0,0.24419143189344342
S2_more_strict_density,1046,3,3,False,False,1.0,-1,,1.0,0.0
S2_more_strict_density,642,2,2,False,False,1.0,-1,,1.0,0.0241957146165887
S2_more_strict_density,653,2,2,False,False,1.0,-1,,1.0,0.0
S2_more_strict_density,8,1,1,False,False,1.0,-1,,1.0,0.10419317481175645
S2_more_strict_density,376,-1,4,True,False,0.0,4,1.1105350255966187,0.0,0.22462928420236228
S2_more_strict_density,196,4,4,False,False,1.0,-1,,1.0,0.0
S2_more_strict_density,450,1,1,False,False,1.0,-1,,1.0,0.16675192290021323
S2_more_strict_density,799,2,2,False,False,1.0,-1,,1.0,0.24419143189344342
S2_more_strict_density,121,-1,4,True,False,0.0,4,0.443238765001297,0.0,0.1145621626545747
S2_more_strict_density,245,1,1,False,False,1.0,-1,,1.0,0.09868382463585373
S2_more_strict_density,521,1,1,False,False,1.0,-1,,1.0,0.0
S2_more_strict_density,1042,2,2,False,False,1.0,-1,,1.0,0.01845024743175129
S2_more_strict_density,486,2,2,False,False,1.0,-1,,1.0,0.0
S2_more_strict_density,727,1,1,False,False,1.0,-1,,1.0,0.00840288305826956
S2_more_strict_density,997,1,1,False,False,1.0,-1,,1.0,0.0
S2_more_strict_density,628,1,1,False,False,1.0,-1,,1.0,0.22397045164861423
S2_more_strict_density,721,1,1,False,False,1.0,-1,,1.0,0.12504638706015242
S2_more_strict_density,643,1,1,False,False,1.0,-1,,1.0,0.07164743342860214
S2_more_strict_density,1039,2,2,False,False,1.0,-1,,1.0,0.0
S2_more_strict_density,1031,2,2,False,False,1.0,-1,,1.0,0.0
S2_more_strict_density,560,1,1,False,False,1.0,-1,,1.0,0.0
S2_more_strict_density,651,2,2,False,False,1.0,-1,,1.0,0.0
S2_more_strict_density,847,2,2,False,False,1.0,-1,,1.0,0.0
S2_more_strict_density,455,1,1,False,False,1.0,-1,,1.0,0.043596915798264406
S2_more_strict_density,913,1,1,False,False,1.0,-1,,1.0,0.061454035959844146
S2_more_strict_density,648,1,1,False,False,1.0,-1,,1.0,0.005885436250341833
S2_more_strict_density,655,2,2,False,False,0.7463140111718691,-1,,0.7463140111718691,0.2536859888281308
S2_more_strict_density,818,-1,2,True,False,0.27637177474724406,2,1.4470120668411255,0.0,0.3991787522575985
S2_more_strict_density,259,2,2,False,False,0.9038534222358224,-1,,0.9038534222358224,0.09614657776417761
S2_more_strict_density,94,2,2,False,False,1.0,-1,,1.0,0.06377426296771065
S2_more_strict_density,185,-1,4,True,False,0.0,4,1.4921150207519531,0.0,0.22462928420236228
S2_more_strict_density,444,1,1,False,False,1.0,-1,,1.0,0.0
S2_more_strict_density,513,1,1,False,False,1.0,-1,,1.0,0.12371536833309948
S2_more_strict_density,353,2,2,False,False,0.9038534222358224,-1,,0.9038534222358224,0.09614657776417761
S2_more_strict_density,489,5,5,False,False,1.0,-1,,1.0,0.0
S2_more_strict_density,894,2,2,False,False,1.0,-1,,1.0,0.0
S2_more_strict_density,166,2,2,False,False,1.0,-1,,1.0,0.0
S2_more_strict_density,746,1,1,False,False,1.0,-1,,1.0,0.1218169404457129
S2_more_strict_density,1034,6,6,False,False,1.0,-1,,1.0,0.0
S2_more_strict_density,1018,1,1,False,False,1.0,-1,,1.0,0.12319103687893436
S2_more_strict_density,595,1,1,False,False,1.0,-1,,1.0,0.005885436250341833
S2_more_strict_density,791,2,2,False,False,1.0,-1,,1.0,0.1717185705355584
S2_more_strict_density,597,1,1,False,False,1.0,-1,,1.0,0.0
S2_more_strict_density,992,2,2,False,False,1.0,-1,,1.0,0.0
S2_more_strict_density,704,1,1,False,False,1.0,-1,,1.0,0.054390950005594775
S2_more_strict_density,480,1,1,False,False,1.0,-1,,1.0,0.03218291200031034
S2_more_strict_density,1113,1,1,False,False,1.0,-1,,1.0,0.025037773278696416
S2_more_strict_density,214,2,2,False,False,1.0,-1,,1.0,0.21192424934881726
S2_more_strict_density,591,1,1,False,False,1.0,-1,,1.0,0.0
S2_more_strict_density,881,2,2,False,False,1.0,-1,,1.0,0.0
S2_more_strict_density,425,2,2,False,False,1.0,-1,,1.0,0.017793681615736717
S2_more_strict_density,1005,2,2,False,False,0.941857237945839,-1,,0.941857237945839,0.058142762054160975
S2_more_strict_density,107,1,1,False,False,1.0,-1,,1.0,0.09868382463585373
S2_more_strict_density,1058,2,2,False,False,1.0,-1,,1.0,0.0
S2_more_strict_density,225,3,3,False,False,0.5781873828157642,-1,,0.5781873828157642,0.4218126171842358
S2_more_strict_density,332,-1,6,True,False,0.0,6,0.3685964345932007,0.0,0.18255692965486997
S2_more_strict_density,996,4,4,False,False,1.0,-1,,1.0,0.0
S2_more_strict_density,83,2,2,False,False,1.0,-1,,1.0,0.20604669643024912
S2_more_strict_density,352,1,1,False,False,1.0,-1,,1.0,0.0
S2_more_strict_density,162,1,1,False,False,1.0,-1,,1.0,0.16272451355541184
S2_more_strict_density,361,1,1,False,False,1.0,-1,,1.0,0.07626859446945965
S2_more_strict_density,438,4,4,False,False,1.0,-1,,1.0,0.0
S2_more_strict_density,179,2,2,False,False,1.0,-1,,1.0,0.022250972501234596
S2_more_strict_density,168,1,1,False,False,1.0,-1,,1.0,0.056102251640996796
S2_more_strict_density,206,2,2,False,False,1.0,-1,,1.0,0.0
S2_more_strict_density,33,2,2,False,False,1.0,-1,,1.0,0.0
S2_more_strict_density,624,2,2,False,False,1.0,-1,,1.0,0.12393479954993633
S2_more_strict_density,238,2,2,False,False,1.0,-1,,1.0,0.1585094604284571
S2_more_strict_density,395,2,2,False,False,1.0,-1,,1.0,0.3081102901213736
S2_more_strict_density,717,2,2,False,False,0.9637632350293588,-1,,0.9637632350293588,0.03623676497064117
S2_more_strict_density,211,1,1,False,False,1.0,-1,,1.0,0.09636079164331304
S2_more_strict_density,824,1,1,False,False,1.0,-1,,1.0,0.08287588194671944
S2_more_strict_density,175,1,1,False,False,1.0,-1,,1.0,0.19232438588325454
S2_more_strict_density,216,2,2,False,False,0.8972317935395283,-1,,0.8972317935395283,0.10276820646047163
S2_more_strict_density,7,0,0,False,False,0.46746560350193767,-1,,0.46746560350193767,0.5325343964980623
S2_more_strict_density,722,2,2,False,False,0.9719474784324008,-1,,0.9719474784324008,0.028052521567599163
S2_more_strict_density,481,1,1,False,False,1.0,-1,,1.0,0.0
S2_more_strict_density,87,1,1,False,False,1.0,-1,,1.0,0.04087189986010613
S2_more_strict_density,765,1,1,False,False,1.0,-1,,1.0,0.11024924443284825
S2_more_strict_density,641,2,2,False,False,1.0,-1,,1.0,0.22283769422557712
S2_more_strict_density,967,2,2,False,False,1.0,-1,,1.0,0.06665880865978761
S2_more_strict_density,180,1,1,False,False,1.0,-1,,1.0,0.25086116760366717
S2_more_strict_density,289,1,1,False,False,1.0,-1,,1.0,0.0
S2_more_strict_density,268,1,1,False,False,1.0,-1,,1.0,0.07674187290748216
S2_more_strict_density,795,2,2,False,False,1.0,-1,,1.0,0.2943258274045075
S2_more_strict_density,507,2,2,False,False,1.0,-1,,1.0,0.0031028191368802607
S2_more_strict_density,163,1,1,False,False,1.0,-1,,1.0,0.18435317884727603
S2_more_strict_density,807,1,1,False,False,1.0,-1,,1.0,0.0386973339547903
S2_more_strict_density,621,2,2,False,False,1.0,-1,,1.0,0.1585094604284571
S2_more_strict_density,229,1,1,False,False,1.0,-1,,1.0,0.0
S2_more_strict_density,49,1,1,False,False,1.0,-1,,1.0,0.14223994115068575
S2_more_strict_density,682,-1,5,True,False,0.0,5,0.33908718824386597,0.0,0.1569072151513029
S2_more_strict_density,130,1,1,False,False,0.9694033114590375,-1,,0.9694033114590375,0.030596688540962574
S2_more_strict_density,1098,6,6,False,False,0.8144325596394247,-1,,0.8144325596394247,0.18556744036057526
S2_more_strict_density,67,1,1,False,False,1.0,-1,,1.0,0.0
S2_more_strict_density,411,1,1,False,False,1.0,-1,,1.0,0.0
S2_more_strict_density,874,1,1,False,False,1.0,-1,,1.0,0.008290508235764585
S2_more_strict_density,625,2,2,False,False,1.0,-1,,1.0,0.09095410777491911
S2_more_strict_density,28,-1,5,True,False,0.0,5,0.6192413568496704,0.0,0.023114065064271692
S2_more_strict_density,453,0,0,False,False,1.0,-1,,1.0,0.0
S2_more_strict_density,726,6,6,False,False,0.9350400454732345,-1,,0.9350400454732345,0.06495995452676546
S2_more_strict_density,657,2,2,False,False,1.0,-1,,1.0,0.0
S2_more_strict_density,402,1,1,False,False,1.0,-1,,1.0,0.0
S2_more_strict_density,62,2,2,False,False,1.0,-1,,1.0,0.0
S2_more_strict_density,530,0,0,False,False,1.0,-1,,1.0,0.0
S2_more_strict_density,1024,1,1,False,False,1.0,-1,,1.0,0.0
S2_more_strict_density,709,1,1,False,False,1.0,-1,,1.0,0.16747568026515197
S2_more_strict_density,322,5,5,False,False,1.0,-1,,1.0,0.0
S2_more_strict_density,570,2,2,False,False,1.0,-1,,1.0,0.0
S2_more_strict_density,764,1,1,False,False,1.0,-1,,1.0,0.0
S2_more_strict_density,533,1,1,False,False,1.0,-1,,1.0,0.154357643469251
S2_more_strict_density,454,6,6,False,False,0.6592289282851687,-1,,0.6592289282851687,0.34077107171483134
S2_more_strict_density,21,1,1,False,False,1.0,-1,,1.0,0.05234017321625309
S2_more_strict_density,801,0,0,False,False,0.5825109442674682,-1,,0.5825109442674682,0.4174890557325318
S2_more_strict_density,631,1,1,False,False,1.0,-1,,1.0,0.06671115846523282
S2_more_strict_density,440,1,1,False,False,1.0,-1,,1.0,0.04321166164285591
S2_more_strict_density,98,2,2,False,False,1.0,-1,,1.0,0.16972913066847167
S2_more_strict_density,73,1,1,False,False,1.0,-1,,1.0,0.15407523746796284
S2_more_strict_density,330,2,2,False,False,1.0,-1,,1.0,0.21192424934881726
S2_more_strict_density,344,1,1,False,False,1.0,-1,,1.0,0.0
S2_more_strict_density,432,1,1,False,False,1.0,-1,,1.0,0.05654562355509586
S2_more_strict_density,422,1,1,False,False,1.0,-1,,1.0,0.0
S2_more_strict_density,462,-1,4,True,False,0.0,4,0.7274624705314636,0.0,0.04361957706001855
S2_more_strict_density,605,1,1,False,False,1.0,-1,,1.0,0.0
S2_more_strict_density,14,2,2,False,False,1.0,-1,,1.0,0.09167308250238947
S2_more_strict_density,226,1,1,False,False,1.0,-1,,1.0,0.0
S2_more_strict_density,441,2,2,False,False,1.0,-1,,1.0,0.21192424934881726
S2_more_strict_density,754,-1,4,True,False,0.0,4,0.4892483353614807,0.0,0.04361957706001855
S2_more_strict_density,688,5,5,False,False,0.9013498702392689,-1,,0.9013498702392689,0.09865012976073108
S2_more_strict_density,271,5,5,False,False,0.6222622984690627,-1,,0.6222622984690627,0.3777377015309374
S2_more_strict_density,639,2,2,False,False,1.0,-1,,1.0,0.1967938316941471
S2_more_strict_density,784,2,2,False,False,1.0,-1,,1.0,0.01570820234113366
S2_more_strict_density,510,2,2,False,False,0.9638239029525997,-1,,0.9638239029525997,0.0361760970474003
S2_more_strict_density,526,-1,6,True,False,0.0,6,0.6027243733406067,0.0,0.07532529683788451
S2_more_strict_density,652,3,3,False,False,1.0,-1,,1.0,0.0
S2_more_strict_density,1057,1,1,False,False,1.0,-1,,1.0,0.14495373652110038
S2_more_strict_density,220,2,2,False,False,1.0,-1,,1.0,0.053347519431839685
S2_more_strict_density,748,2,2,False,False,1.0,-1,,1.0,0.0
S2_more_strict_density,580,1,1,False,False,1.0,-1,,1.0,0.0200448390215509
S2_more_strict_density,543,2,2,False,False,0.9841262822156901,-1,,0.9841262822156901,0.015873717784309876
S2_more_strict_density,205,1,1,False,False,1.0,-1,,1.0,0.09964563010000595
S2_more_strict_density,304,1,1,False,False,1.0,-1,,1.0,0.15256324826034953
S2_more_strict_density,713,2,2,False,False,1.0,-1,,1.0,0.0021660291418612175
S2_more_strict_density,986,2,2,False,False,1.0,-1,,1.0,0.022250972501234596
S2_more_strict_density,448,2,2,False,False,1.0,-1,,1.0,0.0
S2_more_strict_density,88,6,6,False,False,1.0,-1,,1.0,0.0
S2_more_strict_density,138,6,6,False,False,0.8492641104852653,-1,,0.8492641104852653,0.1507358895147347
S2_more_strict_density,632,1,1,False,False,1.0,-1,,1.0,0.0
S2_more_strict_density,1002,1,1,False,False,1.0,-1,,1.0,0.19232438588325454
S2_more_strict_density,464,1,1,False,False,1.0,-1,,1.0,0.0020235442079083307
S2_more_strict_density,124,2,2,False,False,0.9476767140616881,-1,,0.9476767140616881,0.052323285938311904
S2_more_strict_density,140,1,1,False,False,0.9623092324556738,-1,,0.9623092324556738,0.037690767544326265
S2_more_strict_density,729,2,2,False,False,1.0,-1,,1.0,0.0
S2_more_strict_density,110,0,0,False,False,0.3776502803985857,-1,,0.3776502803985857,0.6223497196014143
S2_more_strict_density,654,6,6,False,False,1.0,-1,,1.0,0.0
S2_more_strict_density,106,1,1,False,False,1.0,-1,,1.0,0.19199573370461856
S2_more_strict_density,400,4,4,False,False,0.9698651873207597,-1,,0.9698651873207597,0.030134812679240376
S2_more_strict_density,1100,2,2,False,False,1.0,-1,,1.0,0.043111087186917654
S2_more_strict_density,1025,1,1,False,False,1.0,-1,,1.0,0.08735950479549141
S2_more_strict_density,1037,2,2,False,False,1.0,-1,,1.0,0.20327941787152126
S2_more_strict_density,846,2,2,False,False,0.828177621226259,-1,,0.828177621226259,0.17182237877374093
S2_more_strict_density,926,2,2,False,False,1.0,-1,,1.0,0.0
S2_more_strict_density,683,-1,4,True,False,0.0,4,0.9126265645027161,0.0,0.1685934015412912
S2_more_strict_density,112,1,1,False,False,1.0,-1,,1.0,0.09868382463585373
S2_more_strict_density,12,1,1,False,False,0.7062760373527035,-1,,0.7062760373527035,0.2937239626472965
S2_more_strict_density,470,2,2,False,False,1.0,-1,,1.0,0.0
S2_more_strict_density,745,5,5,False,False,1.0,-1,,1.0,0.0
S2_more_strict_density,53,1,1,False,False,1.0,-1,,1.0,0.059955577891996716
S2_more_strict_density,50,1,1,False,False,1.0,-1,,1.0,0.0
S2_more_strict_density,392,2,2,False,False,0.8393893121106037,-1,,0.8393893121106037,0.1606106878893962
S2_more_strict_density,209,0,0,False,False,1.0,-1,,1.0,0.0
S2_more_strict_density,504,1,1,False,False,1.0,-1,,1.0,0.19232438588325454
S2_more_strict_density,976,2,2,False,False,1.0,-1,,1.0,0.0
S2_more_strict_density,668,1,1,False,False,1.0,-1,,1.0,0.005885436250341833
S2_more_strict_density,845,1,1,False,False,1.0,-1,,1.0,0.014892039416125628
S2_more_strict_density,120,1,1,False,False,1.0,-1,,1.0,0.04527107318338447
S2_more_strict_density,222,1,1,False,False,1.0,-1,,1.0,0.06554444347739051
S2_more_strict_density,495,1,1,False,False,1.0,-1,,1.0,0.0
S2_more_strict_density,728,1,1,False,False,1.0,-1,,1.0,0.08993404298411545
S2_more_strict_density,983,2,2,False,False,0.8689957300619577,-1,,0.8689957300619577,0.13100426993804226
S2_more_strict_density,740,1,1,False,False,1.0,-1,,1.0,0.07378302508111159
S2_more_strict_density,221,1,1,False,False,1.0,-1,,1.0,0.19410411870694508
S2_more_strict_density,1053,-1,4,True,False,0.0,4,1.2610000371932983,0.0,0.22462928420236228
S2_more_strict_density,759,2,2,False,False,1.0,-1,,1.0,0.1392868459317312
S2_more_strict_density,886,2,2,False,False,1.0,-1,,1.0,0.006604722657838713
S2_more_strict_density,828,6,6,False,False,0.6679344800393117,-1,,0.6679344800393117,0.33206551996068834
S2_more_strict_density,456,2,2,False,False,0.9249721782412732,-1,,0.9249721782412732,0.07502782175872685
S2_more_strict_density,314,2,2,False,False,1.0,-1,,1.0,0.05263585276250126
S2_more_strict_density,708,1,1,False,False,1.0,-1,,1.0,0.37848055536768876
S2_more_strict_density,398,1,1,False,False,1.0,-1,,1.0,0.046066610244543345
S2_more_strict_density,774,1,1,False,False,1.0,-1,,1.0,0.23321408889572542
S2_more_strict_density,17,5,5,False,False,1.0,-1,,1.0,0.0
S2_more_strict_density,4,1,1,False,False,1.0,-1,,1.0,0.0
S2_more_strict_density,535,2,2,False,False,1.0,-1,,1.0,0.11398610504588604
S2_more_strict_density,313,3,3,False,False,0.8156579959219272,-1,,0.8156579959219272,0.18434200407807277
S2_more_strict_density,685,2,2,False,False,0.9841262822156901,-1,,0.9841262822156901,0.015873717784309876
S2_more_strict_density,857,1,1,False,False,1.0,-1,,1.0,0.2904409177928967
S2_more_strict_density,538,1,1,False,False,1.0,-1,,1.0,0.38680166867237215
S2_more_strict_density,467,2,2,False,False,1.0,-1,,1.0,0.0029357734996316508
S2_more_strict_density,270,1,1,False,False,1.0,-1,,1.0,0.14048547034791634
S2_more_strict_density,223,4,4,False,False,1.0,-1,,1.0,0.0
S2_more_strict_density,593,1,1,False,False,1.0,-1,,1.0,0.32489177454936685
S2_more_strict_density,548,2,2,False,False,0.9417862850858199,-1,,0.9417862850858199,0.0582137149141802
S2_more_strict_density,387,2,2,False,False,0.7335673065785037,-1,,0.7335673065785037,0.26643269342149634
S2_more_strict_density,788,1,1,False,False,1.0,-1,,1.0,0.12371536833309948
S2_more_strict_density,10,1,1,False,False,1.0,-1,,1.0,0.0380649100999878
S2_more_strict_density,305,1,1,False,False,1.0,-1,,1.0,0.11521437543977404
S2_more_strict_density,26,3,3,False,False,1.0,-1,,1.0,0.0
S2_more_strict_density,424,2,2,False,False,1.0,-1,,1.0,0.0
S2_more_strict_density,269,2,2,False,False,0.9658852311850019,-1,,0.9658852311850019,0.03411476881499807
S2_more_strict_density,749,2,2,False,False,1.0,-1,,1.0,0.0
S2_more_strict_density,962,2,2,False,False,0.9658852311850019,-1,,0.9658852311850019,0.03411476881499807
S2_more_strict_density,1095,4,4,False,False,0.8292918267695434,-1,,0.8292918267695434,0.1707081732304566
S2_more_strict_density,658,2,2,False,False,0.9763418644639282,-1,,0.9763418644639282,0.023658135536071805
S2_more_strict_density,404,1,1,False,False,1.0,-1,,1.0,0.0
S2_more_strict_density,515,2,2,False,False,1.0,-1,,1.0,0.0
S2_more_strict_density,934,2,2,False,False,1.0,-1,,1.0,0.053026049000239855
S2_more_strict_density,647,1,1,False,False,1.0,-1,,1.0,0.0
S2_more_strict_density,249,1,1,False,False,1.0,-1,,1.0,0.20068556650802533
S2_more_strict_density,707,2,2,False,False,1.0,-1,,1.0,0.09095410777491911
S2_more_strict_density,531,1,1,False,False,1.0,-1,,1.0,0.035430153919868944
S2_more_strict_density,292,-1,6,True,False,0.0,6,0.6640512347221375,0.0,0.18936673438139015
S2_more_strict_density,111,1,1,False,False,1.0,-1,,1.0,0.0
S2_more_strict_density,618,1,1,False,False,1.0,-1,,1.0,0.0
S2_more_strict_density,578,0,0,False,False,1.0,-1,,1.0,0.0
S2_more_strict_density,737,2,2,False,False,1.0,-1,,1.0,0.04459125065406054
S2_more_strict_density,938,1,1,False,False,0.8923213313781208,-1,,0.8923213313781208,0.10767866862187929
S2_more_strict_density,343,2,2,False,False,1.0,-1,,1.0,0.0
S2_more_strict_density,228,2,2,False,False,1.0,-1,,1.0,0.0
S2_more_strict_density,897,1,1,False,False,1.0,-1,,1.0,0.0
S2_more_strict_density,519,1,1,False,False,1.0,-1,,1.0,0.0
S2_more_strict_density,1048,1,1,False,False,1.0,-1,,1.0,0.13625894148465212
S2_more_strict_density,194,1,1,False,False,1.0,-1,,1.0,0.25947200555661654
S2_more_strict_density,90,2,2,False,False,1.0,-1,,1.0,0.22412077826698862
S2_more_strict_density,537,1,1,False,False,1.0,-1,,1.0,0.0
S2_more_strict_density,821,1,1,False,False,1.0,-1,,1.0,0.0
S2_more_strict_density,686,6,6,False,False,1.0,-1,,1.0,0.0
S2_more_strict_density,335,2,2,False,False,0.9499434197863846,-1,,0.9499434197863846,0.05005658021361535
S2_more_strict_density,82,2,2,False,False,1.0,-1,,1.0,0.02065309808081319
S2_more_strict_density,532,2,2,False,False,1.0,-1,,1.0,0.0
S2_more_strict_density,703,2,2,False,False,1.0,-1,,1.0,0.09095410777491911
S2_more_strict_density,233,1,1,False,False,1.0,-1,,1.0,0.2331893401634108
S2_more_strict_density,329,2,2,False,False,1.0,-1,,1.0,0.09095410777491911
S2_more_strict_density,953,6,6,False,False,1.0,-1,,1.0,0.0
S2_more_strict_density,691,2,2,False,False,1.0,-1,,1.0,0.1879463357176406
S2_more_strict_density,291,6,6,False,False,0.7186740475687488,-1,,0.7186740475687488,0.28132595243125125
S2_more_strict_density,582,2,2,False,False,1.0,-1,,1.0,0.02035950826502714
S2_more_strict_density,105,1,1,False,False,1.0,-1,,1.0,0.0
S2_more_strict_density,950,1,1,False,False,1.0,-1,,1.0,0.0
S2_more_strict_density,143,2,2,False,False,1.0,-1,,1.0,0.08144373978793934
S2_more_strict_density,154,1,1,False,False,1.0,-1,,1.0,0.12331828276363183
S2_more_strict_density,985,1,1,False,False,1.0,-1,,1.0,0.2891426951516072
S2_more_strict_density,350,1,1,False,False,1.0,-1,,1.0,0.0
S2_more_strict_density,293,1,1,False,False,0.8248819747657586,-1,,0.8248819747657586,0.17511802523424133
S2_more_strict_density,1,1,1,False,False,1.0,-1,,1.0,0.2195472657555614
S2_more_strict_density,1103,1,1,False,False,1.0,-1,,1.0,0.3827159503600891
S2_more_strict_density,613,1,1,False,False,1.0,-1,,1.0,0.25658488091277554
S2_more_strict_density,972,-1,5,True,False,0.0,5,0.5454670190811157,0.0,0.22678564432119813
S2_more_strict_density,596,1,1,False,False,1.0,-1,,1.0,0.0
S2_more_strict_density,469,1,1,False,False,1.0,-1,,1.0,0.13867361362732375
S2_more_strict_density,662,-1,4,True,False,0.0,4,1.5605043172836304,0.0,0.22462928420236228
S2_more_strict_density,156,6,6,False,False,0.9442865771399331,-1,,0.9442865771399331,0.05571342286006692
S2_more_strict_density,336,1,1,False,False,1.0,-1,,1.0,0.0
S2_more_strict_density,864,1,1,False,False,1.0,-1,,1.0,0.15614262122980058
S2_more_strict_density,142,2,2,False,False,1.0,-1,,1.0,0.0
S2_more_strict_density,565,2,2,False,False,1.0,-1,,1.0,0.0
S2_more_strict_density,278,1,1,False,False,1.0,-1,,1.0,0.0016297559844491946
S2_more_strict_density,891,2,2,False,False,1.0,-1,,1.0,0.15177041739165636
S2_more_strict_density,68,1,1,False,False,1.0,-1,,1.0,0.036681320321616966
S2_more_strict_density,757,1,1,False,False,1.0,-1,,1.0,0.0
S2_more_strict_density,1016,2,2,False,False,0.8523143250396882,-1,,0.8523143250396882,0.1476856749603118
S2_more_strict_density,442,1,1,False,False,1.0,-1,,1.0,0.1068329234987379
S2_more_strict_density,326,1,1,False,False,1.0,-1,,1.0,0.06549275307966132
S2_more_strict_density,56,1,1,False,False,1.0,-1,,1.0,0.0
S2_more_strict_density,416,1,1,False,False,1.0,-1,,1.0,0.05810996145476292
S2_more_strict_density,240,1,1,False,False,1.0,-1,,1.0,0.017741529121646737
S2_more_strict_density,1115,1,1,False,False,1.0,-1,,1.0,0.04910955453550653
S2_more_strict_density,935,1,1,False,False,1.0,-1,,1.0,0.03552298118844592
S2_more_strict_density,1060,2,2,False,False,0.9966166144566132,-1,,0.9966166144566132,0.003383385543386783
S2_more_strict_density,321,1,1,False,False,1.0,-1,,1.0,0.0
S2_more_strict_density,529,1,1,False,False,1.0,-1,,1.0,0.28186040113058347
S2_more_strict_density,758,1,1,False,False,1.0,-1,,1.0,0.15875546260885873
S2_more_strict_density,366,5,5,False,False,1.0,-1,,1.0,0.0
S2_more_strict_density,405,2,2,False,False,0.9841262822156901,-1,,0.9841262822156901,0.015873717784309876
S2_more_strict_density,1076,2,2,False,False,1.0,-1,,1.0,0.0
S2_more_strict_density,187,1,1,False,False,1.0,-1,,1.0,0.07460326655306954
S2_more_strict_density,153,2,2,False,False,1.0,-1,,1.0,0.020373017444115796
S2_more_strict_density,916,2,2,False,False,1.0,-1,,1.0,0.2573930942161431
S2_more_strict_density,61,1,1,False,False,1.0,-1,,1.0,0.07342136907330016
S2_more_strict_density,421,1,1,False,False,1.0,-1,,1.0,0.03860217789560255
S2_more_strict_density,1032,6,6,False,False,0.7527957615748865,-1,,0.7527957615748865,0.2472042384251135
S2_more_strict_density,177,-1,4,True,False,0.0,4,0.7898359894752502,0.0,0.04361957706001855
S2_more_strict_density,562,2,2,False,False,0.9038534222358224,-1,,0.9038534222358224,0.09614657776417761
S2_more_strict_density,474,-1,4,True,False,0.0,4,0.43370959162712097,0.0,0.24214948976732092
S2_more_strict_density,699,1,1,False,False,1.0,-1,,1.0,0.0
S2_more_strict_density,382,3,3,False,False,1.0,-1,,1.0,0.0
S2_more_strict_density,23,-1,2,True,False,0.40796355967310394,2,1.183872938156128,0.0,0.029759841464725382
S2_more_strict_density,906,1,1,False,False,1.0,-1,,1.0,0.0
S2_more_strict_density,882,2,2,False,False,1.0,-1,,1.0,0.0
S2_more_strict_density,905,2,2,False,False,1.0,-1,,1.0,0.07165165766504131
S2_more_strict_density,483,5,5,False,False,1.0,-1,,1.0,0.0
S2_more_strict_density,645,1,1,False,False,1.0,-1,,1.0,0.02554794789721084
S2_more_strict_density,911,1,1,False,False,1.0,-1,,1.0,0.0
S2_more_strict_density,45,1,1,False,False,1.0,-1,,1.0,0.0
S2_more_strict_density,219,2,2,False,False,1.0,-1,,1.0,0.0
S2_more_strict_density,301,1,1,False,False,1.0,-1,,1.0,0.0
S2_more_strict_density,929,1,1,False,False,1.0,-1,,1.0,0.0
S2_more_strict_density,751,2,2,False,False,1.0,-1,,1.0,0.0
S2_more_strict_density,1011,2,2,False,False,0.848461475693324,-1,,0.848461475693324,0.15153852430667603
S2_more_strict_density,959,1,1,False,False,1.0,-1,,1.0,0.0
S2_more_strict_density,195,2,2,False,False,1.0,-1,,1.0,0.0947034962940641
S2_more_strict_density,347,1,1,False,False,1.0,-1,,1.0,0.0
S2_more_strict_density,1071,1,1,False,False,1.0,-1,,1.0,0.10488300240830216
S2_more_strict_density,19,2,2,False,False,1.0,-1,,1.0,0.0
S2_more_strict_density,157,2,2,False,False,1.0,-1,,1.0,0.10928624516992565
S2_more_strict_density,384,4,4,False,False,0.8084476710499297,-1,,0.8084476710499297,0.1915523289500704
S2_more_strict_density,312,1,1,False,False,1.0,-1,,1.0,0.0
S2_more_strict_density,1063,1,1,False,False,1.0,-1,,1.0,0.02015016887530535
S2_more_strict_density,1074,-1,3,True,False,0.0,3,0.672835111618042,0.0,0.31943248399994145
S2_more_strict_density,235,2,2,False,False,0.9841262822156901,-1,,0.9841262822156901,0.015873717784309876
S2_more_strict_density,141,1,1,False,False,1.0,-1,,1.0,0.018007079351228587
S2_more_strict_density,892,6,6,False,False,1.0,-1,,1.0,0.0
S2_more_strict_density,224,1,1,False,False,1.0,-1,,1.0,0.0
S2_more_strict_density,362,1,1,False,False,1.0,-1,,1.0,0.05976919392295766
S2_more_strict_density,848,1,1,False,False,1.0,-1,,1.0,0.0
S2_more_strict_density,798,6,6,False,False,0.8132646118215212,-1,,0.8132646118215212,0.18673538817847876
S2_more_strict_density,812,6,6,False,False,1.0,-1,,1.0,0.0
S2_more_strict_density,768,1,1,False,False,1.0,-1,,1.0,0.0
S2_more_strict_density,743,5,5,False,False,0.7197695716572526,-1,,0.7197695716572526,0.2802304283427474
S2_more_strict_density,617,5,5,False,False,0.6753700854469582,-1,,0.6753700854469582,0.3246299145530418
S2_more_strict_density,1096,2,2,False,False,1.0,-1,,1.0,0.0
S2_more_strict_density,55,6,6,False,False,0.8701031596499157,-1,,0.8701031596499157,0.12989684035008428
S2_more_strict_density,1013,2,2,False,False,1.0,-1,,1.0,0.0
S2_more_strict_density,198,5,5,False,False,0.6777734974717555,-1,,0.6777734974717555,0.32222650252824453
S2_more_strict_density,833,1,1,False,False,1.0,-1,,1.0,0.005821060619197979
S2_more_strict_density,213,2,2,False,False,1.0,-1,,1.0,0.20392276904299803
S2_more_strict_density,18,4,4,False,False,1.0,-1,,1.0,0.0
S2_more_strict_density,609,1,1,False,False,1.0,-1,,1.0,0.0
S2_more_strict_density,59,-1,5,True,False,0.0,5,0.5439181923866272,0.0,0.1995015858747324
S2_more_strict_density,1081,2,2,False,False,1.0,-1,,1.0,0.026067186544409558
S2_more_strict_density,942,1,1,False,False,1.0,-1,,1.0,0.0013313919806865297
S2_more_strict_density,615,1,1,False,False,1.0,-1,,1.0,0.04457258248240702
S2_more_strict_density,789,1,1,False,False,1.0,-1,,1.0,0.010776322713705301
S2_more_strict_density,574,1,1,False,False,1.0,-1,,1.0,0.18476763134650875
S2_more_strict_density,341,2,2,False,False,1.0,-1,,1.0,0.1585094604284571
S2_more_strict_density,1083,1,1,False,False,1.0,-1,,1.0,0.0
S2_more_strict_density,273,2,2,False,False,1.0,-1,,1.0,0.0
S2_more_strict_density,30,2,2,False,False,0.8896942853506276,-1,,0.8896942853506276,0.1103057146493724
S2_more_strict_density,1008,1,1,False,False,1.0,-1,,1.0,0.0
S2_more_strict_density,523,1,1,False,False,1.0,-1,,1.0,0.04151530052587945
S2_more_strict_density,1059,1,1,False,False,1.0,-1,,1.0,0.0
S2_more_strict_density,437,1,1,False,False,1.0,-1,,1.0,0.0
S2_more_strict_density,280,1,1,False,False,1.0,-1,,1.0,0.25174407816259714
S2_more_strict_density,44,-1,4,True,False,0.0,4,1.402937412261963,0.0,0.22462928420236228
S2_more_strict_density,1075,1,1,False,False,1.0,-1,,1.0,0.0739794015088753
S2_more_strict_density,447,1,1,False,False,1.0,-1,,1.0,0.12371536833309948
S2_more_strict_density,561,2,2,False,False,0.7763295153526003,-1,,0.7763295153526003,0.22367048464739972
S2_more_strict_density,1077,2,2,False,False,0.8746503802605893,-1,,0.8746503802605893,0.12534961973941072
S2_more_strict_density,951,2,2,False,False,1.0,-1,,1.0,0.0
S2_more_strict_density,814,3,3,False,False,1.0,-1,,1.0,0.0
S2_more_strict_density,239,2,2,False,False,1.0,-1,,1.0,0.20604669643024912
S2_more_strict_density,955,2,2,False,False,1.0,-1,,1.0,0.018338847612547924
S2_more_strict_density,965,1,1,False,False,1.0,-1,,1.0,0.0
S2_more_strict_density,600,1,1,False,False,1.0,-1,,1.0,0.0
S2_more_strict_density,1079,1,1,False,False,1.0,-1,,1.0,0.0
S2_more_strict_density,930,2,2,False,False,1.0,-1,,1.0,0.0269082840999476
S2_more_strict_density,696,1,1,False,False,1.0,-1,,1.0,0.1866421840991277
S2_more_strict_density,1078,1,1,False,False,1.0,-1,,1.0,0.05275370283270194
S2_more_strict_density,203,-1,4,True,False,0.0,4,0.8560760021209717,0.0,0.16485066560741776
S2_more_strict_density,910,4,4,False,False,1.0,-1,,1.0,0.0
S2_more_strict_density,193,1,1,False,False,1.0,-1,,1.0,0.008546390773594986
S2_more_strict_density,763,1,1,False,False,1.0,-1,,1.0,0.13357823010253964
S2_more_strict_density,785,1,1,False,False,1.0,-1,,1.0,0.036515633195347195
S2_more_strict_density,844,2,2,False,False,1.0,-1,,1.0,0.11257279770931208
S2_more_strict_density,134,1,1,False,False,1.0,-1,,1.0,0.03970606447094
S2_more_strict_density,274,2,2,False,False,0.9038534222358224,-1,,0.9038534222358224,0.09614657776417761
S2_more_strict_density,786,-1,4,True,False,0.0,4,0.796377420425415,0.0,0.2118272910742924
S2_more_strict_density,123,-1,5,True,False,0.0,5,0.3519758880138397,0.0,0.07251842061328204
S2_more_strict_density,503,-1,3,True,False,0.0,3,0.5386409163475037,0.0,0.16497469955175623
S2_more_strict_density,499,1,1,False,False,1.0,-1,,1.0,0.0
S2_more_strict_density,899,-1,5,True,False,0.0,5,0.5489733815193176,0.0,0.20357581730115581
S2_more_strict_density,705,2,2,False,False,0.9966166144566132,-1,,0.9966166144566132,0.003383385543386783
S2_more_strict_density,946,1,1,False,False,1.0,-1,,1.0,0.05605214390049175
S2_more_strict_density,147,2,2,False,False,0.9141840388453341,-1,,0.9141840388453341,0.0858159611546659
S2_more_strict_density,64,1,1,False,False,1.0,-1,,1.0,0.10305816099098859
S2_more_strict_density,189,1,1,False,False,1.0,-1,,1.0,0.00421400112014272
S2_more_strict_density,479,-1,6,True,False,0.0,6,0.500991702079773,0.0,0.04508430282220369
S2_more_strict_density,1052,2,2,False,False,1.0,-1,,1.0,0.09798111303020038
S2_more_strict_density,253,2,2,False,False,1.0,-1,,1.0,0.0
S2_more_strict_density,945,1,1,False,False,1.0,-1,,1.0,0.0
S2_more_strict_density,852,1,1,False,False,0.6671375724354273,-1,,0.6671375724354273,0.33286242756457274
S2_more_strict_density,9,2,2,False,False,1.0,-1,,1.0,0.0
S2_more_strict_density,901,1,1,False,False,1.0,-1,,1.0,0.0
S2_more_strict_density,43,2,2,False,False,1.0,-1,,1.0,0.0
S2_more_strict_density,541,2,2,False,False,1.0,-1,,1.0,0.22736793934607522
S2_more_strict_density,310,1,1,False,False,1.0,-1,,1.0,0.2825193473222467
S2_more_strict_density,364,1,1,False,False,1.0,-1,,1.0,0.0
S2_more_strict_density,835,2,2,False,False,1.0,-1,,1.0,0.0
S2_more_strict_density,687,2,2,False,False,1.0,-1,,1.0,0.0
S2_more_strict_density,752,2,2,False,False,1.0,-1,,1.0,0.0
S2_more_strict_density,1089,2,2,False,False,1.0,-1,,1.0,0.24419143189344342
S2_more_strict_density,823,1,1,False,False,1.0,-1,,1.0,0.0
S2_more_strict_density,320,1,1,False,False,1.0,-1,,1.0,0.09868382463585373
S2_more_strict_density,735,-1,5,True,False,0.0,5,0.42816057801246643,0.0,0.05291482012184997
S2_more_strict_density,358,2,2,False,False,1.0,-1,,1.0,0.05347417091577769
S2_more_strict_density,493,2,2,False,False,1.0,-1,,1.0,0.0
S2_more_strict_density,188,1,1,False,False,1.0,-1,,1.0,0.1384864634578271
S2_more_strict_density,880,1,1,False,False,1.0,-1,,1.0,0.0
S2_more_strict_density,770,2,2,False,False,1.0,-1,,1.0,0.06333931572941214
S2_more_strict_density,990,1,1,False,False,1.0,-1,,1.0,0.07097138625846401
S2_more_strict_density,661,1,1,False,False,1.0,-1,,1.0,0.14341807779000282
S2_more_strict_density,940,4,4,False,False,0.9477268740030806,-1,,0.9477268740030806,0.052273125996919405
S2_more_strict_density,583,3,3,False,False,1.0,-1,,1.0,0.0
S2_more_strict_density,184,2,2,False,False,1.0,-1,,1.0,0.2568203773062521
S2_more_strict_density,182,1,1,False,False,1.0,-1,,1.0,0.11521437543977404
S2_more_strict_density,809,2,2,False,False,1.0,-1,,1.0,0.0
S2_more_strict_density,1035,6,6,False,False,0.8313469520738971,-1,,0.8313469520738971,0.16865304792610292
S2_more_strict_density,829,1,1,False,False,1.0,-1,,1.0,0.06394733073032552
S2_more_strict_density,792,2,2,False,False,1.0,-1,,1.0,0.0
S2_more_strict_density,415,1,1,False,False,1.0,-1,,1.0,0.25174407816259714
S2_more_strict_density,554,1,1,False,False,1.0,-1,,1.0,0.07007880729791734
S2_more_strict_density,388,2,2,False,False,1.0,-1,,1.0,0.0
S2_more_strict_density,230,1,1,False,False,1.0,-1,,1.0,0.19450654794829839
S2_more_strict_density,152,2,2,False,False,1.0,-1,,1.0,0.16905892186131752
S2_more_strict_density,954,2,2,False,False,1.0,-1,,1.0,0.036088483610536425
S2_more_strict_density,733,2,2,False,False,0.9038534222358224,-1,,0.9038534222358224,0.09614657776417761
S2_more_strict_density,178,3,3,False,False,1.0,-1,,1.0,0.0
S2_more_strict_density,1068,1,1,False,False,1.0,-1,,1.0,0.11521437543977404
S2_more_strict_density,242,1,1,False,False,1.0,-1,,1.0,0.0
S2_more_strict_density,734,2,2,False,False,1.0,-1,,1.0,0.0
S2_more_strict_density,337,1,1,False,False,1.0,-1,,1.0,0.0
S2_more_strict_density,354,2,2,False,False,0.962144963714788,-1,,0.962144963714788,0.03785503628521203
S2_more_strict_density,475,2,2,False,False,1.0,-1,,1.0,0.0
S2_more_strict_density,151,4,4,False,False,1.0,-1,,1.0,0.0
S2_more_strict_density,227,2,2,False,False,1.0,-1,,1.0,0.07113126688675332
S2_more_strict_density,248,1,1,False,False,1.0,-1,,1.0,0.0801707229651583
S2_more_strict_density,524,1,1,False,False,1.0,-1,,1.0,0.020625728630627737
S2_more_strict_density,302,1,1,False,False,1.0,-1,,1.0,0.11521437543977404
S2_more_strict_density,494,2,2,False,False,0.8240083866205009,-1,,0.8240083866205009,0.1759916133794991
S2_more_strict_density,855,1,1,False,False,1.0,-1,,1.0,0.0
S2_more_strict_density,860,1,1,False,False,1.0,-1,,1.0,0.04997536487960687
S2_more_strict_density,988,1,1,False,False,1.0,-1,,1.0,0.018621226653974546
S2_more_strict_density,160,1,1,False,False,1.0,-1,,1.0,0.0
S2_more_strict_density,767,1,1,False,False,1.0,-1,,1.0,0.0
S2_more_strict_density,478,1,1,False,False,1.0,-1,,1.0,0.0
S2_more_strict_density,875,2,2,False,False,0.5506966187558646,-1,,0.5506966187558646,0.44930338124413544
S2_more_strict_density,862,1,1,False,False,1.0,-1,,1.0,0.0
S2_more_strict_density,1017,1,1,False,False,1.0,-1,,1.0,0.22474596709244155
S2_more_strict_density,267,1,1,False,False,1.0,-1,,1.0,0.25980758348263727
S2_more_strict_density,772,1,1,False,False,1.0,-1,,1.0,0.0
S2_more_strict_density,1020,1,1,False,False,1.0,-1,,1.0,0.4032111408496869
S2_more_strict_density,1108,-1,5,True,False,0.0,5,0.3841228187084198,0.0,0.01835225089327835
S2_more_strict_density,1072,2,2,False,False,0.8932704565798237,-1,,0.8932704565798237,0.10672954342017621
S2_more_strict_density,753,2,2,False,False,1.0,-1,,1.0,0.10086124713413837
S2_more_strict_density,1062,1,1,False,False,1.0,-1,,1.0,0.0
S2_more_strict_density,849,1,1,False,False,1.0,-1,,1.0,0.0
S2_more_strict_density,460,-1,3,True,False,0.0,3,0.5874620079994202,0.0,0.19876927148977308
S2_more_strict_density,1082,-1,4,True,False,0.0,4,0.6616529822349548,0.0,0.08662997275421726
S2_more_strict_density,607,-1,5,True,False,0.0,5,0.3682185709476471,0.0,0.16282350539560653
S2_more_strict_density,325,2,2,False,False,0.9509127661294294,-1,,0.9509127661294294,0.04908723387057056
S2_more_strict_density,918,6,6,False,False,0.8961924027113748,-1,,0.8961924027113748,0.10380759728862524
S2_more_strict_density,527,2,2,False,False,1.0,-1,,1.0,0.0
S2_more_strict_density,592,2,2,False,False,1.0,-1,,1.0,0.0
S2_more_strict_density,135,1,1,False,False,1.0,-1,,1.0,0.32770867590486485
S2_more_strict_density,831,2,2,False,False,1.0,-1,,1.0,0.016758911075260594
S2_more_strict_density,285,1,1,False,False,1.0,-1,,1.0,0.39207300129302297
S2_more_strict_density,970,2,2,False,False,0.8713866062466309,-1,,0.8713866062466309,0.12861339375336908
S2_more_strict_density,732,0,0,False,False,1.0,-1,,1.0,0.0
S2_more_strict_density,808,-1,6,True,False,0.0,6,0.4568149149417877,0.0,0.17852721790802648
S2_more_strict_density,446,2,2,False,False,1.0,-1,,1.0,0.0
S2_more_strict_density,1091,1,1,False,False,1.0,-1,,1.0,0.0
S2_more_strict_density,944,1,1,False,False,1.0,-1,,1.0,0.0
S2_more_strict_density,286,2,2,False,False,0.8336314349580607,-1,,0.8336314349580607,0.16636856504193934
S2_more_strict_density,876,-1,6,True,False,0.0,6,0.48989731073379517,0.0,0.12050878635920281
S2_more_strict_density,813,1,1,False,False,1.0,-1,,1.0,0.0
S2_more_strict_density,379,1,1,False,False,1.0,-1,,1.0,0.2661380466473257
S2_more_strict_density,781,-1,6,True,False,0.0,6,0.3933481276035309,0.0,0.13973005880083333
S2_more_strict_density,487,1,1,False,False,1.0,-1,,1.0,0.0
S2_more_strict_density,999,5,5,False,False,0.6190483038367871,-1,,0.6190483038367871,0.3809516961632129
S2_more_strict_density,850,2,2,False,False,1.0,-1,,1.0,0.03500671865611261
S2_more_strict_density,426,2,2,False,False,1.0,-1,,1.0,0.09048899843698306
S2_more_strict_density,315,1,1,False,False,1.0,-1,,1.0,0.058397979016136296
S2_more_strict_density,756,2,2,False,False,1.0,-1,,1.0,0.0
S2_more_strict_density,761,1,1,False,False,1.0,-1,,1.0,0.03830460741640885
S2_more_strict_density,340,1,1,False,False,1.0,-1,,1.0,0.036889012616672226
S2_more_strict_density,449,1,1,False,False,1.0,-1,,1.0,0.008839450565286962
S2_more_strict_density,458,1,1,False,False,1.0,-1,,1.0,0.0669792732890656
S2_more_strict_density,272,2,2,False,False,0.7939610860917978,-1,,0.7939610860917978,0.20603891390820211
S2_more_strict_density,1061,1,1,False,False,1.0,-1,,1.0,0.0
S2_more_strict_density,912,1,1,False,False,1.0,-1,,1.0,0.05050030982116209
S2_more_strict_density,564,2,2,False,False,1.0,-1,,1.0,0.24419143189344342
S2_more_strict_density,414,1,1,False,False,1.0,-1,,1.0,0.0
S2_more_strict_density,602,1,1,False,False,1.0,-1,,1.0,0.0
S2_more_strict_density,769,2,2,False,False,0.9038534222358224,-1,,0.9038534222358224,0.09614657776417761
S2_more_strict_density,1099,0,0,False,False,1.0,-1,,1.0,0.0
S2_more_strict_density,1033,1,1,False,False,1.0,-1,,1.0,0.0
S2_more_strict_density,1007,1,1,False,False,1.0,-1,,1.0,0.0
S2_more_strict_density,747,-1,4,True,False,0.0,4,0.6500242948532104,0.0,0.047684288987228554
S2_more_strict_density,956,2,2,False,False,1.0,-1,,1.0,0.0
S2_more_strict_density,777,1,1,False,False,1.0,-1,,1.0,0.29824773981846725
S2_more_strict_density,947,1,1,False,False,0.9187215215971114,-1,,0.9187215215971114,0.08127847840288858
S2_more_strict_density,667,1,1,False,False,1.0,-1,,1.0,0.0
S2_more_strict_density,1066,2,2,False,False,1.0,-1,,1.0,0.09493014705010448
S2_more_strict_density,693,2,2,False,False,0.9808700583061044,-1,,0.9808700583061044,0.01912994169389555
S2_more_strict_density,102,2,2,False,False,0.8337780007609553,-1,,0.8337780007609553,0.16622199923904465
S2_more_strict_density,297,1,1,False,False,1.0,-1,,1.0,0.0562989547705412
S2_more_strict_density,838,4,4,False,False,0.870319501388086,-1,,0.870319501388086,0.12968049861191402
S2_more_strict_density,200,2,2,False,False,1.0,-1,,1.0,0.1585094604284571
S2_more_strict_density,626,3,3,False,False,1.0,-1,,1.0,0.0
S2_more_strict_density,42,2,2,False,False,1.0,-1,,1.0,0.0
S2_more_strict_density,649,6,6,False,False,0.7993632393839503,-1,,0.7993632393839503,0.20063676061604968
S2_more_strict_density,212,1,1,False,False,1.0,-1,,1.0,0.12479664149201092
S2_more_strict_density,787,4,4,False,False,0.9262439056606913,-1,,0.9262439056606913,0.07375609433930874
S2_more_strict_density,991,2,2,False,False,1.0,-1,,1.0,0.24419143189344342
S2_more_strict_density,958,1,1,False,False,1.0,-1,,1.0,0.12371536833309948
S2_more_strict_density,948,2,2,False,False,0.9038534222358224,-1,,0.9038534222358224,0.09614657776417761
S2_more_strict_density,1051,1,1,False,False,1.0,-1,,1.0,0.0
S2_more_strict_density,877,1,1,False,False,1.0,-1,,1.0,0.06718574981907847
S2_more_strict_density,114,-1,4,True,False,0.0,4,0.8980838656425476,0.0,0.2654364946530361
S2_more_strict_density,678,2,2,False,False,1.0,-1,,1.0,0.0
S2_more_strict_density,295,1,1,False,False,1.0,-1,,1.0,0.0
S2_more_strict_density,888,1,1,False,False,1.0,-1,,1.0,0.06292619889023503
S2_more_strict_density,690,2,2,False,False,1.0,-1,,1.0,0.1585094604284571
S2_more_strict_density,830,-1,4,True,False,0.0,4,0.4725639820098877,0.0,0.13647599817583275
S2_more_strict_density,551,1,1,False,False,1.0,-1,,1.0,0.19450654794829839
S2_more_strict_density,664,3,3,False,False,1.0,-1,,1.0,0.0
S2_more_strict_density,1050,1,1,False,False,1.0,-1,,1.0,0.13906981712402425
S2_more_strict_density,252,2,2,False,False,1.0,-1,,1.0,0.022454516683370975
S2_more_strict_density,466,2,2,False,False,1.0,-1,,1.0,0.09095410777491911
S2_more_strict_density,472,1,1,False,False,1.0,-1,,1.0,0.25086116760366717
S2_more_strict_density,922,2,2,False,False,1.0,-1,,1.0,0.0
S2_more_strict_density,987,1,1,False,False,1.0,-1,,1.0,0.05081805382076333
S2_more_strict_density,265,1,1,False,False,1.0,-1,,1.0,0.05275370283270194
S2_more_strict_density,5,6,6,False,False,0.9042526966022935,-1,,0.9042526966022935,0.09574730339770648
S2_more_strict_density,924,2,2,False,False,1.0,-1,,1.0,0.020008875814326484
S2_more_strict_density,773,1,1,False,False,1.0,-1,,1.0,0.13784921134214234
S2_more_strict_density,998,1,1,False,False,1.0,-1,,1.0,0.12262370099385786
S2_more_strict_density,738,2,2,False,False,1.0,-1,,1.0,0.0
S2_more_strict_density,883,2,2,False,False,1.0,-1,,1.0,0.0
S2_more_strict_density,656,1,1,False,False,0.982252628804981,-1,,0.982252628804981,0.01774737119501903
S2_more_strict_density,869,-1,5,True,False,0.0,5,0.3923026919364929,0.0,0.11310978032439739
S2_more_strict_density,822,1,1,False,False,1.0,-1,,1.0,0.00916219328121161
S2_more_strict_density,118,1,1,False,False,1.0,-1,,1.0,0.0
S2_more_strict_density,871,1,1,False,False,1.0,-1,,1.0,0.014684605255770644
S2_more_strict_density,689,1,1,False,False,1.0,-1,,1.0,0.059469871298299296
S2_more_strict_density,482,1,1,False,False,1.0,-1,,1.0,0.0
S2_more_strict_density,599,1,1,False,False,1.0,-1,,1.0,0.007534264275038922
S2_more_strict_density,57,1,1,False,False,1.0,-1,,1.0,0.0
S2_more_strict_density,38,2,2,False,False,1.0,-1,,1.0,0.08237972606235962
S2_more_strict_density,936,2,2,False,False,1.0,-1,,1.0,0.0
S2_more_strict_density,246,1,1,False,False,1.0,-1,,1.0,0.011576539929668379
S2_more_strict_density,167,6,6,False,False,0.9671454260994141,-1,,0.9671454260994141,0.03285457390058584
S2_more_strict_density,31,1,1,False,False,1.0,-1,,1.0,0.0
S2_more_strict_density,981,-1,4,True,False,0.1772597073349068,4,0.3433903455734253,0.0,0.059639334474867196
S2_more_strict_density,281,1,1,False,False,1.0,-1,,1.0,0.043986129237153664
S2_more_strict_density,584,1,1,False,False,1.0,-1,,1.0,0.29942460824726824
S2_more_strict_density,928,2,2,False,False,1.0,-1,,1.0,0.0
S2_more_strict_density,451,1,1,False,False,1.0,-1,,1.0,0.0
S2_more_strict_density,349,1,1,False,False,1.0,-1,,1.0,0.07007880729791734
S2_more_strict_density,497,1,1,False,False,1.0,-1,,1.0,0.10229134321930942
S2_more_strict_density,811,1,1,False,False,1.0,-1,,1.0,0.04852933593387917
S2_more_strict_density,465,1,1,False,False,1.0,-1,,1.0,0.0
S2_more_strict_density,715,5,5,False,False,0.773134002822008,-1,,0.773134002822008,0.2268659971779921
S2_more_strict_density,594,1,1,False,False,1.0,-1,,1.0,0.03701305276294976
S2_more_strict_density,171,2,2,False,False,0.9658852311850019,-1,,0.9658852311850019,0.03411476881499807
S2_more_strict_density,74,2,2,False,False,0.9386807429230721,-1,,0.9386807429230721,0.06131925707692788
S2_more_strict_density,563,2,2,False,False,0.8221177662585128,-1,,0.8221177662585128,0.17788223374148715
S2_more_strict_density,780,6,6,False,False,1.0,-1,,1.0,0.0
S2_more_strict_density,158,1,1,False,False,1.0,-1,,1.0,0.25174407816259714
S2_more_strict_density,1086,1,1,False,False,1.0,-1,,1.0,0.0
S2_more_strict_density,622,1,1,False,False,1.0,-1,,1.0,0.04376013296079757
S2_more_strict_density,77,1,1,False,False,1.0,-1,,1.0,0.11521437543977404
S2_more_strict_density,971,1,1,False,False,1.0,-1,,1.0,0.09571613366631751
S2_more_strict_density,16,1,1,False,False,1.0,-1,,1.0,0.0
S2_more_strict_density,197,1,1,False,False,1.0,-1,,1.0,0.06718574981907847
S2_more_strict_density,48,1,1,False,False,1.0,-1,,1.0,0.1444893048746168
S2_more_strict_density,588,1,1,False,False,1.0,-1,,1.0,0.0034163974156762277
S2_more_strict_density,452,1,1,False,False,0.7847236617438725,-1,,0.7847236617438725,0.2152763382561274
S2_more_strict_density,232,0,0,False,False,0.2722198813018095,-1,,0.2722198813018095,0.7277801186981905
S2_more_strict_density,917,2,2,False,False,1.0,-1,,1.0,0.09095410777491911
S2_more_strict_density,264,-1,4,True,False,0.0,4,1.0584471225738525,0.0,0.01369512145505176
S2_more_strict_density,949,-1,6,True,False,0.04281710316686815,6,0.3417215049266815,0.0,0.1209933416827274
S2_more_strict_density,63,1,1,False,False,1.0,-1,,1.0,0.0
S2_more_strict_density,401,-1,4,True,False,0.0,4,0.4301042854785919,0.0,0.01530996062067879
S2_more_strict_density,896,1,1,False,False,1.0,-1,,1.0,0.14068852442456306
S2_more_strict_density,863,1,1,False,False,1.0,-1,,1.0,0.3515792976824569
S2_more_strict_density,868,1,1,False,False,1.0,-1,,1.0,0.0
S2_more_strict_density,356,1,1,False,False,1.0,-1,,1.0,0.0
S2_more_strict_density,841,-1,5,True,False,0.0,5,0.4524748921394348,0.0,0.1821627737146081
S2_more_strict_density,308,2,2,False,False,1.0,-1,,1.0,0.07143858591110158
S2_more_strict_density,870,1,1,False,False,1.0,-1,,1.0,0.24833397536098006
S2_more_strict_density,552,2,2,False,False,0.9841262822156901,-1,,0.9841262822156901,0.015873717784309876
S2_more_strict_density,545,2,2,False,False,1.0,-1,,1.0,0.0
S2_more_strict_density,1112,2,2,False,False,0.9658852311850019,-1,,0.9658852311850019,0.03411476881499807
S2_more_strict_density,975,2,2,False,False,1.0,-1,,1.0,0.0
S2_more_strict_density,327,4,4,False,False,0.9559275156893944,-1,,0.9559275156893944,0.04407248431060564
S2_more_strict_density,247,1,1,False,False,1.0,-1,,1.0,0.03391441445613924
S2_more_strict_density,202,1,1,False,False,1.0,-1,,1.0,0.020110667528775935
S2_more_strict_density,666,1,1,False,False,1.0,-1,,1.0,0.0
S2_more_strict_density,873,1,1,False,False,1.0,-1,,1.0,0.13323938664865564
S2_more_strict_density,476,6,6,False,False,1.0,-1,,1.0,0.0
S2_more_strict_density,843,1,1,False,False,1.0,-1,,1.0,0.0
S2_more_strict_density,568,1,1,False,False,1.0,-1,,1.0,0.22561070096695968
S2_more_strict_density,982,3,3,False,False,1.0,-1,,1.0,0.0
S2_more_strict_density,927,2,2,False,False,1.0,-1,,1.0,0.0
S2_more_strict_density,125,1,1,False,False,1.0,-1,,1.0,0.0
S2_more_strict_density,680,1,1,False,False,1.0,-1,,1.0,0.0992964214018863
S2_more_strict_density,463,2,2,False,False,0.8495050110750251,-1,,0.8495050110750251,0.1504949889249749
S2_more_strict_density,2,-1,6,True,False,0.0,6,0.6452736258506775,0.0,0.04508430282220369
S2_more_strict_density,1043,1,1,False,False,1.0,-1,,1.0,0.07532741339233873
S2_more_strict_density,675,2,2,False,False,1.0,-1,,1.0,0.05932177465605807
S2_more_strict_density,95,-1,4,True,False,0.0,4,0.770924985408783,0.0,0.04361957706001855
S2_more_strict_density,251,2,2,False,False,1.0,-1,,1.0,0.0
S2_more_strict_density,40,2,2,False,False,1.0,-1,,1.0,0.0
S2_more_strict_density,931,0,0,False,False,1.0,-1,,1.0,0.0
S2_more_strict_density,606,1,1,False,False,1.0,-1,,1.0,0.0
S2_more_strict_density,509,2,2,False,False,0.8520538995056639,-1,,0.8520538995056639,0.1479461004943361
S2_more_strict_density,544,4,4,False,False,1.0,-1,,1.0,0.0
S2_more_strict_density,439,-1,4,True,False,0.0,4,1.204671859741211,0.0,0.22462928420236228
S2_more_strict_density,109,1,1,False,False,1.0,-1,,1.0,0.07164743342860214
S2_more_strict_density,403,2,2,False,False,1.0,-1,,1.0,0.10928624516992565
S2_more_strict_density,679,1,1,False,False,1.0,-1,,1.0,0.05916939148792074
S2_more_strict_density,410,2,2,False,False,1.0,-1,,1.0,0.24416965116262512
S2_more_strict_density,933,6,6,False,False,0.8492641104852653,-1,,0.8492641104852653,0.1507358895147347
S2_more_strict_density,296,1,1,False,False,1.0,-1,,1.0,0.0
S2_more_strict_density,15,1,1,False,False,0.8324436168901751,-1,,0.8324436168901751,0.16755638310982496
S2_more_strict_density,377,1,1,False,False,1.0,-1,,1.0,0.13384021919573305
S2_more_strict_density,725,1,1,False,False,1.0,-1,,1.0,0.17062983083952804
S2_more_strict_density,461,1,1,False,False,1.0,-1,,1.0,0.0
S2_more_strict_density,331,1,1,False,False,1.0,-1,,1.0,0.08735950479549141
S2_more_strict_density,208,1,1,False,False,1.0,-1,,1.0,0.15725992560768196
S2_more_strict_density,1003,2,2,False,False,1.0,-1,,1.0,0.042321145559332016
S2_more_strict_density,1106,1,1,False,False,1.0,-1,,1.0,0.01685775187216592
S2_more_strict_density,779,6,6,False,False,1.0,-1,,1.0,0.0
S2_more_strict_density,979,4,4,False,False,1.0,-1,,1.0,0.0
S2_more_strict_density,579,2,2,False,False,0.8169218605542526,-1,,0.8169218605542526,0.18307813944574736
S2_more_strict_density,1090,5,5,False,False,1.0,-1,,1.0,0.0
S2_more_strict_density,601,1,1,False,False,1.0,-1,,1.0,0.0
S2_more_strict_density,993,4,4,False,False,1.0,-1,,1.0,0.0
S2_more_strict_density,299,0,0,False,False,1.0,-1,,1.0,0.0
S2_more_strict_density,681,1,1,False,False,1.0,-1,,1.0,0.07272648676387825
S2_more_strict_density,1045,0,0,False,False,1.0,-1,,1.0,0.0
S2_more_strict_density,676,2,2,False,False,0.9038534222358224,-1,,0.9038534222358224,0.09614657776417761
S2_more_strict_density,826,2,2,False,False,1.0,-1,,1.0,0.28612309393761315
S2_more_strict_density,234,2,2,False,False,0.9658852311850019,-1,,0.9658852311850019,0.03411476881499807
S2_more_strict_density,939,2,2,False,False,1.0,-1,,1.0,0.279974522785187
S2_more_strict_density,839,-1,4,True,False,0.0,4,0.8577859401702881,0.0,0.07911874818120218
S2_more_strict_density,567,2,2,False,False,1.0,-1,,1.0,0.0
S2_more_strict_density,819,1,1,False,False,1.0,-1,,1.0,0.0
S2_more_strict_density,608,5,5,False,False,1.0,-1,,1.0,0.0
S2_more_strict_density,69,1,1,False,False,1.0,-1,,1.0,0.0
S2_more_strict_density,566,1,1,False,False,1.0,-1,,1.0,0.07460326655306954
S2_more_strict_density,674,2,2,False,False,0.9695855838958776,-1,,0.9695855838958776,0.030414416104122426
S2_more_strict_density,1023,-1,4,True,False,0.0,4,0.6223152875900269,0.0,0.2211464657622477
S2_more_strict_density,895,1,1,False,False,1.0,-1,,1.0,0.060532086605176595
S2_more_strict_density,309,2,2,False,False,1.0,-1,,1.0,0.0
S2_more_strict_density,25,2,2,False,False,1.0,-1,,1.0,0.1585094604284571
S2_more_strict_density,375,5,5,False,False,1.0,-1,,1.0,0.0
S2_more_strict_density,550,2,2,False,False,1.0,-1,,1.0,0.28946382654919195
S2_more_strict_density,201,1,1,False,False,1.0,-1,,1.0,0.12392184806011458
S2_more_strict_density,334,2,2,False,False,1.0,-1,,1.0,0.021740068588037082
S2_more_strict_density,236,1,1,False,False,1.0,-1,,1.0,0.0
S2_more_strict_density,459,-1,6,True,False,0.0,6,0.6656510829925537,0.0,0.13859300254457915
S2_more_strict_density,964,1,1,False,False,1.0,-1,,1.0,0.3104069749764523
S2_more_strict_density,491,1,1,False,False,1.0,-1,,1.0,0.11521437543977404
S2_more_strict_density,586,2,2,False,False,1.0,-1,,1.0,0.11208773151243925
S2_more_strict_density,408,1,1,False,False,1.0,-1,,1.0,0.08278312029019523
S2_more_strict_density,925,1,1,False,False,1.0,-1,,1.0,0.0
S2_more_strict_density,370,1,1,False,False,1.0,-1,,1.0,0.0
S2_more_strict_density,794,1,1,False,False,1.0,-1,,1.0,0.020136640433757055
S2_more_strict_density,161,2,2,False,False,1.0,-1,,1.0,0.0
S2_more_strict_density,796,2,2,False,False,1.0,-1,,1.0,0.0
S2_more_strict_density,1040,2,2,False,False,1.0,-1,,1.0,0.0
S2_more_strict_density,119,1,1,False,False,1.0,-1,,1.0,0.10102527809946403
S2_more_strict_density,445,1,1,False,False,1.0,-1,,1.0,0.03782264681799374
S2_more_strict_density,104,1,1,False,False,1.0,-1,,1.0,0.09868382463585373
S2_more_strict_density,549,1,1,False,False,1.0,-1,,1.0,0.19607142624665003
S2_more_strict_density,393,2,2,False,False,0.7130218423387114,-1,,0.7130218423387114,0.2869781576612887
S2_more_strict_density,261,2,2,False,False,0.9841262822156901,-1,,0.9841262822156901,0.015873717784309876
S2_more_strict_density,558,1,1,False,False,1.0,-1,,1.0,0.043860318846661424
S2_more_strict_density,150,1,1,False,False,1.0,-1,,1.0,0.1344576078743753
S2_more_strict_density,741,1,1,False,False,1.0,-1,,1.0,0.21811348146486137
S2_more_strict_density,24,2,2,False,False,1.0,-1,,1.0,0.0
S2_more_strict_density,840,-1,4,True,False,0.0,4,1.6558537483215332,0.0,0.22462928420236228
S2_more_strict_density,85,2,2,False,False,0.9038534222358224,-1,,0.9038534222358224,0.09614657776417761
S2_more_strict_density,126,2,2,False,False,1.0,-1,,1.0,0.0
S2_more_strict_density,328,2,2,False,False,1.0,-1,,1.0,0.0
S2_more_strict_density,1028,2,2,False,False,0.9637632350293588,-1,,0.9637632350293588,0.03623676497064117
S2_more_strict_density,520,0,0,False,False,0.3933397072026607,-1,,0.3933397072026607,0.6066602927973394
S2_more_strict_density,122,0,0,False,False,1.0,-1,,1.0,0.0
