test_name,MAE_mean,MAE_std,MAE_median,RMSE_mean,RMSE_std,RMSE_median,PercentDifference_mean,PercentDifference_std,PercentDifference_median,Interval_Covariates_mean,Interval_Covariates_std,Interval_Covariates_median,Interval_Noise_mean,Interval_Noise_std,Interval_Noise_median,Interval_StrongNoise_mean,Interval_StrongNoise_std,Interval_StrongNoise_median,Interval_Shuffle_mean,Interval_Shuffle_std,Interval_Shuffle_median,Interval_MissingFuture_mean,Interval_MissingFuture_std,Interval_MissingFuture_median,Interval_TimeShift_mean,Interval_TimeShift_std,Interval_TimeShift_median,Interval_TrendBreak_mean,Interval_TrendBreak_std,Interval_TrendBreak_median,Interval_FeatureDrop_mean,Interval_FeatureDrop_std,Interval_FeatureDrop_median,Interval_PartialMask_mean,Interval_PartialMask_std,Interval_PartialMask_median,Interval_Scaling_mean,Interval_Scaling_std,Interval_Scaling_median
FeatureDrop,590.6252279666874,250.16903342374346,562.7988466666667,659.8304314149261,279.8009863282156,629.3190409043427,-18.125932413747776,230.20062985663725,-9.453637589799747,1670.6778069833979,896.9498518651956,1529.9689599999997,,,,,,,,,,,,,,,,,,,2084.7467389554013,1022.9125325499061,1967.1732513333332,,,,,,
MissingFuture,100.3959241767626,127.59928699748698,79.52678066666658,124.38631037790489,160.85621143928378,97.37627143839073,9.988973860739497,42.11045257418121,3.3363304124970448,1670.6778069833979,896.9498518651956,1529.9689599999997,,,,,,,,,,1782.2280678928712,872.206053468252,1631.072889,,,,,,,,,,,,,,,
Noise,82.10753233515365,67.26305801104272,70.0502779999999,100.15194878700052,92.99333502398028,86.24159510568826,1.2535041480749265,27.330116972138086,-0.06959656290443782,1670.6778069833979,896.9498518651956,1529.9689599999997,1721.2992442437744,830.2322590014453,1595.1580166666668,,,,,,,,,,,,,,,,,,,,,,,,
PartialMask,332.06758001388414,158.345881782035,310.97533166666665,390.7233789898458,190.08669250301074,364.0601288177699,-9.150526209058148,106.48658863195318,-2.2042653010032125,1670.6778069833979,896.9498518651956,1529.9689599999997,,,,,,,,,,,,,,,,,,,,,,2164.5795868696023,958.591782392008,2035.3704526333338,,,
Scaling,62.23794827101978,60.151434796517556,54.404262833333426,77.39946113619672,85.53124116174875,67.87607622170732,-0.8774068987285745,21.146003437483085,-0.33785005874961016,1670.6778069833979,896.9498518651956,1529.9689599999997,,,,,,,,,,,,,,,,,,,,,,,,,1739.1254717287661,858.5091946596461,1597.2951415666662
Shuffle,609.5593511282203,254.02954186905214,583.1045613333333,680.3051264242338,283.0432972235294,652.1606669385097,-11.840575348269914,252.0744284794645,-7.256680247984598,1670.6778069833979,896.9498518651956,1529.9689599999997,,,,,,,2080.370545422607,1006.1539486573316,1960.4400629999998,,,,,,,,,,,,,,,,,,
StrongNoise,579.2885872003523,245.06023105003368,551.3952276666665,660.22268924352,277.31046142045284,631.7567022422835,-20.380385732905395,226.15714390604003,-9.885783731765388,1670.6778069833979,896.9498518651956,1529.9689599999997,,,,2082.380120353728,990.1517036884565,1969.2252601233336,,,,,,,,,,,,,,,,,,,,,
TimeShift,354.04549792159895,153.98626141908565,332.77877966666676,417.0076387751578,181.74381505386233,395.49526980183884,-21.77896893342015,120.38523408447016,-9.978264603688498,1670.6778069833979,896.9498518651956,1529.9689599999997,,,,,,,,,,,,,1915.1703873066172,942.1411191318512,1789.5405529999998,,,,,,,,,,,,
TrendBreak,1286.995102104584,662.5760210358351,1173.4475690000002,1767.1582283159535,935.3907728461752,1596.1017829241136,153.6275302762498,732.1858541968392,67.11038994582094,1670.6778069833979,896.9498518651956,1529.9689599999997,,,,,,,,,,,,,,,,3798.425965356416,1562.2875658439366,3560.7314813333337,,,,,,,,,
