id,timestamp,target,Customers,Open,Promo,StateHoliday,SchoolHoliday,DayOfWeek
713,2013-01-01,0.0,0.0,0.0,0.0,1,1.0,1
713,2013-01-02,12031.0,1598.0,1.0,0.0,0,1.0,2
713,2013-01-03,9450.0,1252.0,1.0,0.0,0,1.0,3
713,2013-01-04,9833.0,1318.0,1.0,0.0,0,1.0,4
713,2013-01-05,12251.0,1556.0,1.0,0.0,0,0.0,5
713,2013-01-06,0.0,0.0,0.0,0.0,0,0.0,6
713,2013-01-07,16695.0,1777.0,1.0,1.0,0,0.0,0
713,2013-01-08,13875.0,1575.0,1.0,1.0,0,0.0,1
713,2013-01-09,12069.0,1441.0,1.0,1.0,0,0.0,2
713,2013-01-10,11196.0,1339.0,1.0,1.0,0,0.0,3
713,2013-01-11,10675.0,1305.0,1.0,1.0,0,0.0,4
713,2013-01-12,12732.0,1627.0,1.0,0.0,0,0.0,5
713,2013-01-13,0.0,0.0,0.0,0.0,0,0.0,6
713,2013-01-14,8284.0,1102.0,1.0,0.0,0,0.0,0
713,2013-01-15,7232.0,945.0,1.0,0.0,0,0.0,1
713,2013-01-16,7951.0,1100.0,1.0,0.0,0,0.0,2
713,2013-01-17,8248.0,1078.0,1.0,0.0,0,0.0,3
713,2013-01-18,8300.0,1102.0,1.0,0.0,0,0.0,4
713,2013-01-19,11731.0,1456.0,1.0,0.0,0,0.0,5
713,2013-01-20,0.0,0.0,0.0,0.0,0,0.0,6
713,2013-01-21,12681.0,1403.0,1.0,1.0,0,0.0,0
713,2013-01-22,12897.0,1420.0,1.0,1.0,0,0.0,1
713,2013-01-23,12177.0,1473.0,1.0,1.0,0,0.0,2
713,2013-01-24,10648.0,1270.0,1.0,1.0,0,0.0,3
713,2013-01-25,9891.0,1250.0,1.0,1.0,0,0.0,4
713,2013-01-26,11214.0,1411.0,1.0,0.0,0,0.0,5
713,2013-01-27,0.0,0.0,0.0,0.0,0,0.0,6
713,2013-01-28,8015.0,1081.0,1.0,0.0,0,0.0,0
713,2013-01-29,6834.0,892.0,1.0,0.0,0,0.0,1
713,2013-01-30,8402.0,1047.0,1.0,0.0,0,0.0,2
713,2013-01-31,11405.0,1361.0,1.0,0.0,0,0.0,3
713,2013-02-01,11140.0,1336.0,1.0,0.0,0,0.0,4
713,2013-02-02,14381.0,1612.0,1.0,0.0,0,0.0,5
713,2013-02-03,0.0,0.0,0.0,0.0,0,0.0,6
713,2013-02-04,15932.0,1665.0,1.0,1.0,0,0.0,0
713,2013-02-05,12301.0,1381.0,1.0,1.0,0,0.0,1
713,2013-02-06,11921.0,1386.0,1.0,1.0,0,0.0,2
713,2013-02-07,12716.0,1467.0,1.0,1.0,0,0.0,3
713,2013-02-08,11389.0,1299.0,1.0,1.0,0,0.0,4
713,2013-02-09,13502.0,1638.0,1.0,0.0,0,0.0,5
713,2013-02-10,0.0,0.0,0.0,0.0,0,0.0,6
713,2013-02-11,9870.0,1273.0,1.0,0.0,0,0.0,0
713,2013-02-12,8642.0,1162.0,1.0,0.0,0,0.0,1
713,2013-02-13,8857.0,1182.0,1.0,0.0,0,0.0,2
713,2013-02-14,9386.0,1124.0,1.0,0.0,0,0.0,3
713,2013-02-15,8279.0,1057.0,1.0,0.0,0,0.0,4
713,2013-02-16,12622.0,1527.0,1.0,0.0,0,0.0,5
713,2013-02-17,0.0,0.0,0.0,0.0,0,0.0,6
713,2013-02-18,15562.0,1670.0,1.0,1.0,0,0.0,0
713,2013-02-19,11197.0,1297.0,1.0,1.0,0,0.0,1
713,2013-02-20,11868.0,1448.0,1.0,1.0,0,0.0,2
713,2013-02-21,10714.0,1220.0,1.0,1.0,0,0.0,3
713,2013-02-22,10055.0,1166.0,1.0,1.0,0,0.0,4
713,2013-02-23,10177.0,1260.0,1.0,0.0,0,0.0,5
713,2013-02-24,0.0,0.0,0.0,0.0,0,0.0,6
713,2013-02-25,7584.0,982.0,1.0,0.0,0,0.0,0
713,2013-02-26,7871.0,1052.0,1.0,0.0,0,0.0,1
713,2013-02-27,9463.0,1234.0,1.0,0.0,0,0.0,2
713,2013-02-28,10882.0,1381.0,1.0,0.0,0,0.0,3
713,2013-03-01,10469.0,1278.0,1.0,0.0,0,0.0,4
713,2013-03-02,14764.0,1717.0,1.0,0.0,0,0.0,5
713,2013-03-03,0.0,0.0,0.0,0.0,0,0.0,6
713,2013-03-04,16689.0,1839.0,1.0,1.0,0,0.0,0
713,2013-03-05,14247.0,1625.0,1.0,1.0,0,0.0,1
713,2013-03-06,13888.0,1671.0,1.0,1.0,0,0.0,2
713,2013-03-07,12768.0,1436.0,1.0,1.0,0,0.0,3
713,2013-03-08,11490.0,1429.0,1.0,1.0,0,0.0,4
713,2013-03-09,12134.0,1460.0,1.0,0.0,0,0.0,5
713,2013-03-10,0.0,0.0,0.0,0.0,0,0.0,6
713,2013-03-11,9111.0,1158.0,1.0,0.0,0,0.0,0
713,2013-03-12,6537.0,836.0,1.0,0.0,0,0.0,1
713,2013-03-13,9852.0,1293.0,1.0,0.0,0,0.0,2
713,2013-03-14,8479.0,1053.0,1.0,0.0,0,0.0,3
713,2013-03-15,9790.0,1236.0,1.0,0.0,0,0.0,4
713,2013-03-16,13289.0,1604.0,1.0,0.0,0,0.0,5
713,2013-03-17,0.0,0.0,0.0,0.0,0,0.0,6
713,2013-03-18,17218.0,1791.0,1.0,1.0,0,0.0,0
713,2013-03-19,13068.0,1455.0,1.0,1.0,0,0.0,1
713,2013-03-20,11355.0,1284.0,1.0,1.0,0,0.0,2
713,2013-03-21,11300.0,1309.0,1.0,1.0,0,0.0,3
713,2013-03-22,11052.0,1335.0,1.0,1.0,0,0.0,4
713,2013-03-23,13486.0,1574.0,1.0,0.0,0,0.0,5
713,2013-03-24,0.0,0.0,0.0,0.0,0,0.0,6
713,2013-03-25,16624.0,1755.0,1.0,1.0,0,1.0,0
713,2013-03-26,14864.0,1673.0,1.0,1.0,0,1.0,1
713,2013-03-27,16391.0,1851.0,1.0,1.0,0,1.0,2
713,2013-03-28,16189.0,1817.0,1.0,1.0,0,1.0,3
713,2013-03-29,0.0,0.0,0.0,1.0,2,1.0,4
713,2013-03-30,17535.0,2050.0,1.0,0.0,0,0.0,5
713,2013-03-31,0.0,0.0,0.0,0.0,0,0.0,6
713,2013-04-01,0.0,0.0,0.0,0.0,2,1.0,0
713,2013-04-02,12424.0,1569.0,1.0,0.0,0,1.0,1
713,2013-04-03,10404.0,1322.0,1.0,0.0,0,1.0,2
713,2013-04-04,10084.0,1276.0,1.0,0.0,0,1.0,3
713,2013-04-05,9614.0,1211.0,1.0,0.0,0,1.0,4
713,2013-04-06,11140.0,1371.0,1.0,0.0,0,0.0,5
713,2013-04-07,0.0,0.0,0.0,0.0,0,0.0,6
713,2013-04-08,12814.0,1487.0,1.0,1.0,0,0.0,0
713,2013-04-09,12198.0,1402.0,1.0,1.0,0,0.0,1
713,2013-04-10,12667.0,1450.0,1.0,1.0,0,0.0,2
713,2013-04-11,11645.0,1346.0,1.0,1.0,0,0.0,3
713,2013-04-12,11300.0,1287.0,1.0,1.0,0,0.0,4
713,2013-04-13,12182.0,1556.0,1.0,0.0,0,0.0,5
713,2013-04-14,0.0,0.0,0.0,0.0,0,0.0,6
713,2013-04-15,7782.0,1135.0,1.0,0.0,0,0.0,0
713,2013-04-16,8545.0,1185.0,1.0,0.0,0,0.0,1
713,2013-04-17,8840.0,1320.0,1.0,0.0,0,0.0,2
713,2013-04-18,9078.0,1174.0,1.0,0.0,0,0.0,3
713,2013-04-19,8909.0,1188.0,1.0,0.0,0,0.0,4
713,2013-04-20,12119.0,1475.0,1.0,0.0,0,0.0,5
713,2013-04-21,0.0,0.0,0.0,0.0,0,0.0,6
713,2013-04-22,14137.0,1611.0,1.0,1.0,0,0.0,0
713,2013-04-23,12475.0,1440.0,1.0,1.0,0,0.0,1
713,2013-04-24,12172.0,1522.0,1.0,1.0,0,0.0,2
713,2013-04-25,10513.0,1313.0,1.0,1.0,0,0.0,3
713,2013-04-26,10006.0,1229.0,1.0,1.0,0,0.0,4
713,2013-04-27,11761.0,1452.0,1.0,0.0,0,0.0,5
713,2013-04-28,0.0,0.0,0.0,0.0,0,0.0,6
713,2013-04-29,14209.0,1590.0,1.0,1.0,0,0.0,0
713,2013-04-30,17474.0,1965.0,1.0,1.0,0,0.0,1
713,2013-05-01,0.0,0.0,0.0,1.0,1,0.0,2
713,2013-05-02,15994.0,1788.0,1.0,1.0,0,0.0,3
713,2013-05-03,12287.0,1518.0,1.0,1.0,0,0.0,4
713,2013-05-04,13428.0,1695.0,1.0,0.0,0,0.0,5
713,2013-05-05,0.0,0.0,0.0,0.0,0,0.0,6
713,2013-05-06,9998.0,1312.0,1.0,0.0,0,0.0,0
713,2013-05-07,9005.0,1255.0,1.0,0.0,0,0.0,1
713,2013-05-08,12275.0,1606.0,1.0,0.0,0,0.0,2
713,2013-05-09,0.0,0.0,0.0,0.0,1,0.0,3
713,2013-05-10,13283.0,1623.0,1.0,0.0,0,0.0,4
713,2013-05-11,13308.0,1659.0,1.0,0.0,0,0.0,5
713,2013-05-12,0.0,0.0,0.0,0.0,0,0.0,6
713,2013-05-13,13972.0,1484.0,1.0,1.0,0,0.0,0
713,2013-05-14,13313.0,1482.0,1.0,1.0,0,0.0,1
713,2013-05-15,13531.0,1613.0,1.0,1.0,0,0.0,2
713,2013-05-16,11935.0,1377.0,1.0,1.0,0,0.0,3
713,2013-05-17,11198.0,1355.0,1.0,1.0,0,0.0,4
713,2013-05-18,13036.0,1602.0,1.0,0.0,0,0.0,5
713,2013-05-19,0.0,0.0,0.0,0.0,0,0.0,6
713,2013-05-20,0.0,0.0,0.0,0.0,1,0.0,0
713,2013-05-21,10425.0,1377.0,1.0,0.0,0,1.0,1
713,2013-05-22,9140.0,1237.0,1.0,0.0,0,0.0,2
713,2013-05-23,8085.0,1052.0,1.0,0.0,0,0.0,3
713,2013-05-24,8323.0,1172.0,1.0,0.0,0,0.0,4
713,2013-05-25,11295.0,1393.0,1.0,0.0,0,0.0,5
713,2013-05-26,0.0,0.0,0.0,0.0,0,0.0,6
713,2013-05-27,15347.0,1643.0,1.0,1.0,0,0.0,0
713,2013-05-28,13096.0,1467.0,1.0,1.0,0,0.0,1
713,2013-05-29,12861.0,1431.0,1.0,1.0,0,0.0,2
713,2013-05-30,0.0,0.0,0.0,1.0,1,0.0,3
713,2013-05-31,20308.0,2110.0,1.0,1.0,0,0.0,4
713,2013-06-01,12681.0,1584.0,1.0,0.0,0,0.0,5
713,2013-06-02,0.0,0.0,0.0,0.0,0,0.0,6
713,2013-06-03,15828.0,1757.0,1.0,1.0,0,0.0,0
713,2013-06-04,13412.0,1536.0,1.0,1.0,0,0.0,1
713,2013-06-05,13976.0,1698.0,1.0,1.0,0,0.0,2
713,2013-06-06,11597.0,1402.0,1.0,1.0,0,0.0,3
713,2013-06-07,13141.0,1491.0,1.0,1.0,0,0.0,4
713,2013-06-08,12150.0,1473.0,1.0,0.0,0,0.0,5
713,2013-06-09,0.0,0.0,0.0,0.0,0,0.0,6
713,2013-06-10,10480.0,1341.0,1.0,0.0,0,0.0,0
713,2013-06-11,9258.0,1205.0,1.0,0.0,0,0.0,1
713,2013-06-12,9245.0,1267.0,1.0,0.0,0,0.0,2
713,2013-06-13,8669.0,1080.0,1.0,0.0,0,0.0,3
713,2013-06-14,10365.0,1229.0,1.0,0.0,0,0.0,4
713,2013-06-15,11752.0,1522.0,1.0,0.0,0,0.0,5
713,2013-06-16,0.0,0.0,0.0,0.0,0,0.0,6
713,2013-06-17,14915.0,1646.0,1.0,1.0,0,0.0,0
713,2013-06-18,10876.0,1340.0,1.0,1.0,0,0.0,1
713,2013-06-19,11756.0,1438.0,1.0,1.0,0,0.0,2
713,2013-06-20,10047.0,1209.0,1.0,1.0,0,0.0,3
713,2013-06-21,10766.0,1338.0,1.0,1.0,0,0.0,4
713,2013-06-22,13171.0,1541.0,1.0,0.0,0,0.0,5
713,2013-06-23,0.0,0.0,0.0,0.0,0,0.0,6
713,2013-06-24,8690.0,1161.0,1.0,0.0,0,0.0,0
713,2013-06-25,8038.0,1085.0,1.0,0.0,0,0.0,1
713,2013-06-26,9271.0,1240.0,1.0,0.0,0,0.0,2
713,2013-06-27,8940.0,1150.0,1.0,0.0,0,0.0,3
713,2013-06-28,10655.0,1241.0,1.0,0.0,0,0.0,4
713,2013-06-29,14295.0,1734.0,1.0,0.0,0,0.0,5
713,2013-06-30,0.0,0.0,0.0,0.0,0,0.0,6
713,2013-07-01,18372.0,1939.0,1.0,1.0,0,0.0,0
713,2013-07-02,14163.0,1601.0,1.0,1.0,0,0.0,1
713,2013-07-03,13950.0,1619.0,1.0,1.0,0,0.0,2
713,2013-07-04,13564.0,1613.0,1.0,1.0,0,0.0,3
713,2013-07-05,10946.0,1395.0,1.0,1.0,0,0.0,4
713,2013-07-06,11323.0,1445.0,1.0,0.0,0,0.0,5
713,2013-07-07,0.0,0.0,0.0,0.0,0,0.0,6
713,2013-07-08,10451.0,1322.0,1.0,0.0,0,0.0,0
713,2013-07-09,8762.0,1175.0,1.0,0.0,0,0.0,1
713,2013-07-10,10801.0,1422.0,1.0,0.0,0,0.0,2
713,2013-07-11,9825.0,1250.0,1.0,0.0,0,0.0,3
713,2013-07-12,10001.0,1233.0,1.0,0.0,0,0.0,4
713,2013-07-13,13288.0,1543.0,1.0,0.0,0,0.0,5
713,2013-07-14,0.0,0.0,0.0,0.0,0,0.0,6
713,2013-07-15,18157.0,1876.0,1.0,1.0,0,0.0,0
713,2013-07-16,15367.0,1675.0,1.0,1.0,0,0.0,1
713,2013-07-17,15861.0,1788.0,1.0,1.0,0,0.0,2
713,2013-07-18,13571.0,1509.0,1.0,1.0,0,0.0,3
713,2013-07-19,13109.0,1472.0,1.0,1.0,0,0.0,4
713,2013-07-20,11735.0,1491.0,1.0,0.0,0,0.0,5
713,2013-07-21,0.0,0.0,0.0,0.0,0,0.0,6
713,2013-07-22,9648.0,1212.0,1.0,0.0,0,1.0,0
713,2013-07-23,7307.0,997.0,1.0,0.0,0,1.0,1
713,2013-07-24,9379.0,1252.0,1.0,0.0,0,1.0,2
713,2013-07-25,9223.0,1172.0,1.0,0.0,0,1.0,3
713,2013-07-26,9319.0,1144.0,1.0,0.0,0,1.0,4
713,2013-07-27,10807.0,1327.0,1.0,0.0,0,0.0,5
713,2013-07-28,0.0,0.0,0.0,0.0,0,0.0,6
713,2013-07-29,17929.0,1777.0,1.0,1.0,0,1.0,0
713,2013-07-30,15032.0,1567.0,1.0,1.0,0,1.0,1
713,2013-07-31,18926.0,1968.0,1.0,1.0,0,1.0,2
713,2013-08-01,14397.0,1603.0,1.0,1.0,0,1.0,3
713,2013-08-02,10535.0,1285.0,1.0,1.0,0,1.0,4
713,2013-08-03,12512.0,1484.0,1.0,0.0,0,0.0,5
713,2013-08-04,0.0,0.0,0.0,0.0,0,0.0,6
713,2013-08-05,10195.0,1308.0,1.0,0.0,0,1.0,0
713,2013-08-06,10210.0,1295.0,1.0,0.0,0,1.0,1
713,2013-08-07,10305.0,1351.0,1.0,0.0,0,1.0,2
713,2013-08-08,9048.0,1137.0,1.0,0.0,0,1.0,3
713,2013-08-09,9869.0,1231.0,1.0,0.0,0,1.0,4
713,2013-08-10,11657.0,1397.0,1.0,0.0,0,0.0,5
713,2013-08-11,0.0,0.0,0.0,0.0,0,0.0,6
713,2013-08-12,15832.0,1743.0,1.0,1.0,0,1.0,0
713,2013-08-13,13410.0,1509.0,1.0,1.0,0,1.0,1
713,2013-08-14,14626.0,1764.0,1.0,1.0,0,1.0,2
713,2013-08-15,12477.0,1446.0,1.0,1.0,0,1.0,3
713,2013-08-16,10355.0,1256.0,1.0,1.0,0,1.0,4
713,2013-08-17,10122.0,1309.0,1.0,0.0,0,0.0,5
713,2013-08-18,0.0,0.0,0.0,0.0,0,0.0,6
713,2013-08-19,8983.0,1167.0,1.0,0.0,0,1.0,0
713,2013-08-20,8282.0,1052.0,1.0,0.0,0,1.0,1
713,2013-08-21,10068.0,1321.0,1.0,0.0,0,1.0,2
713,2013-08-22,8595.0,1098.0,1.0,0.0,0,1.0,3
713,2013-08-23,8367.0,1054.0,1.0,0.0,0,1.0,4
713,2013-08-24,10198.0,1316.0,1.0,0.0,0,0.0,5
713,2013-08-25,0.0,0.0,0.0,0.0,0,0.0,6
713,2013-08-26,14337.0,1566.0,1.0,1.0,0,1.0,0
713,2013-08-27,12855.0,1470.0,1.0,1.0,0,1.0,1
713,2013-08-28,13607.0,1588.0,1.0,1.0,0,1.0,2
713,2013-08-29,12488.0,1374.0,1.0,1.0,0,1.0,3
713,2013-08-30,14873.0,1583.0,1.0,1.0,0,1.0,4
713,2013-08-31,13147.0,1576.0,1.0,0.0,0,0.0,5
713,2013-09-01,0.0,0.0,0.0,0.0,0,0.0,6
713,2013-09-02,12224.0,1527.0,1.0,0.0,0,1.0,0
713,2013-09-03,11591.0,1533.0,1.0,0.0,0,1.0,1
713,2013-09-04,11782.0,1570.0,1.0,0.0,0,0.0,2
713,2013-09-05,9358.0,1360.0,1.0,0.0,0,0.0,3
713,2013-09-06,9079.0,1237.0,1.0,0.0,0,0.0,4
713,2013-09-07,11734.0,1509.0,1.0,0.0,0,0.0,5
713,2013-09-08,0.0,0.0,0.0,0.0,0,0.0,6
713,2013-09-09,16873.0,1788.0,1.0,1.0,0,0.0,0
713,2013-09-10,13324.0,1490.0,1.0,1.0,0,0.0,1
713,2013-09-11,12700.0,1544.0,1.0,1.0,0,0.0,2
713,2013-09-12,11799.0,1409.0,1.0,1.0,0,0.0,3
713,2013-09-13,11839.0,1472.0,1.0,1.0,0,0.0,4
713,2013-09-14,10322.0,1460.0,1.0,0.0,0,0.0,5
713,2013-09-15,0.0,0.0,0.0,0.0,0,0.0,6
713,2013-09-16,7837.0,1126.0,1.0,0.0,0,0.0,0
713,2013-09-17,7511.0,1087.0,1.0,0.0,0,0.0,1
713,2013-09-18,8707.0,1250.0,1.0,0.0,0,0.0,2
713,2013-09-19,8445.0,1120.0,1.0,0.0,0,0.0,3
713,2013-09-20,8157.0,1110.0,1.0,0.0,0,0.0,4
713,2013-09-21,11383.0,1525.0,1.0,0.0,0,0.0,5
713,2013-09-22,0.0,0.0,0.0,0.0,0,0.0,6
713,2013-09-23,12606.0,1560.0,1.0,1.0,0,0.0,0
713,2013-09-24,11215.0,1386.0,1.0,1.0,0,0.0,1
713,2013-09-25,11430.0,1479.0,1.0,1.0,0,0.0,2
713,2013-09-26,10467.0,1306.0,1.0,1.0,0,0.0,3
713,2013-09-27,11330.0,1395.0,1.0,1.0,0,0.0,4
713,2013-09-28,10896.0,1407.0,1.0,0.0,0,0.0,5
713,2013-09-29,0.0,0.0,0.0,0.0,0,0.0,6
713,2013-09-30,10682.0,1354.0,1.0,0.0,0,0.0,0
713,2013-10-01,9436.0,1233.0,1.0,0.0,0,0.0,1
713,2013-10-02,10349.0,1449.0,1.0,0.0,0,0.0,2
713,2013-10-03,0.0,0.0,0.0,0.0,1,0.0,3
713,2013-10-04,11912.0,1564.0,1.0,0.0,0,0.0,4
713,2013-10-05,10217.0,1375.0,1.0,0.0,0,0.0,5
713,2013-10-06,0.0,0.0,0.0,0.0,0,0.0,6
713,2013-10-07,14663.0,1613.0,1.0,1.0,0,0.0,0
713,2013-10-08,12463.0,1467.0,1.0,1.0,0,0.0,1
713,2013-10-09,11681.0,1457.0,1.0,1.0,0,0.0,2
713,2013-10-10,10754.0,1315.0,1.0,1.0,0,0.0,3
713,2013-10-11,9691.0,1194.0,1.0,1.0,0,0.0,4
713,2013-10-12,11247.0,1559.0,1.0,0.0,0,0.0,5
713,2013-10-13,0.0,0.0,0.0,0.0,0,0.0,6
713,2013-10-14,8421.0,1176.0,1.0,0.0,0,0.0,0
713,2013-10-15,7967.0,1037.0,1.0,0.0,0,0.0,1
713,2013-10-16,8332.0,1209.0,1.0,0.0,0,0.0,2
713,2013-10-17,7918.0,1051.0,1.0,0.0,0,0.0,3
713,2013-10-18,8567.0,1166.0,1.0,0.0,0,0.0,4
713,2013-10-19,10958.0,1496.0,1.0,0.0,0,0.0,5
713,2013-10-20,0.0,0.0,0.0,0.0,0,0.0,6
713,2013-10-21,13789.0,1632.0,1.0,1.0,0,1.0,0
713,2013-10-22,10257.0,1350.0,1.0,1.0,0,1.0,1
713,2013-10-23,10375.0,1342.0,1.0,1.0,0,1.0,2
713,2013-10-24,9325.0,1204.0,1.0,1.0,0,1.0,3
713,2013-10-25,8721.0,1174.0,1.0,1.0,0,1.0,4
713,2013-10-26,9111.0,1286.0,1.0,0.0,0,0.0,5
713,2013-10-27,0.0,0.0,0.0,0.0,0,0.0,6
713,2013-10-28,6041.0,892.0,1.0,0.0,0,1.0,0
713,2013-10-29,8172.0,1107.0,1.0,0.0,0,1.0,1
713,2013-10-30,9665.0,1353.0,1.0,0.0,0,1.0,2
713,2013-10-31,11428.0,1440.0,1.0,0.0,0,1.0,3
713,2013-11-01,0.0,0.0,0.0,0.0,1,1.0,4
713,2013-11-02,13917.0,1705.0,1.0,0.0,0,0.0,5
713,2013-11-03,0.0,0.0,0.0,0.0,0,0.0,6
713,2013-11-04,13732.0,1516.0,1.0,1.0,0,0.0,0
713,2013-11-05,13585.0,1513.0,1.0,1.0,0,0.0,1
713,2013-11-06,12723.0,1583.0,1.0,1.0,0,0.0,2
713,2013-11-07,10173.0,1219.0,1.0,1.0,0,0.0,3
713,2013-11-08,11695.0,1406.0,1.0,1.0,0,0.0,4
713,2013-11-09,11518.0,1545.0,1.0,0.0,0,0.0,5
713,2013-11-10,0.0,0.0,0.0,0.0,0,0.0,6
713,2013-11-11,8679.0,1175.0,1.0,0.0,0,0.0,0
713,2013-11-12,8191.0,1136.0,1.0,0.0,0,0.0,1
713,2013-11-13,9189.0,1302.0,1.0,0.0,0,0.0,2
713,2013-11-14,7733.0,1064.0,1.0,0.0,0,0.0,3
713,2013-11-15,8497.0,1134.0,1.0,0.0,0,0.0,4
713,2013-11-16,12335.0,1603.0,1.0,0.0,0,0.0,5
713,2013-11-17,0.0,0.0,0.0,0.0,0,0.0,6
713,2013-11-18,14828.0,1611.0,1.0,1.0,0,0.0,0
713,2013-11-19,12849.0,1487.0,1.0,1.0,0,0.0,1
713,2013-11-20,12889.0,1552.0,1.0,1.0,0,0.0,2
713,2013-11-21,9973.0,1220.0,1.0,1.0,0,0.0,3
713,2013-11-22,9599.0,1201.0,1.0,1.0,0,0.0,4
713,2013-11-23,10335.0,1377.0,1.0,0.0,0,0.0,5
713,2013-11-24,0.0,0.0,0.0,0.0,0,0.0,6
713,2013-11-25,8772.0,1144.0,1.0,0.0,0,0.0,0
713,2013-11-26,8342.0,1116.0,1.0,0.0,0,0.0,1
713,2013-11-27,9346.0,1227.0,1.0,0.0,0,0.0,2
713,2013-11-28,8906.0,1136.0,1.0,0.0,0,0.0,3
713,2013-11-29,11092.0,1282.0,1.0,0.0,0,0.0,4
713,2013-11-30,13011.0,1571.0,1.0,0.0,0,0.0,5
713,2013-12-01,0.0,0.0,0.0,0.0,0,0.0,6
713,2013-12-02,16104.0,1766.0,1.0,1.0,0,0.0,0
713,2013-12-03,13739.0,1530.0,1.0,1.0,0,0.0,1
713,2013-12-04,13856.0,1551.0,1.0,1.0,0,0.0,2
713,2013-12-05,12280.0,1369.0,1.0,1.0,0,0.0,3
713,2013-12-06,9079.0,1126.0,1.0,1.0,0,0.0,4
713,2013-12-07,11360.0,1439.0,1.0,0.0,0,0.0,5
713,2013-12-08,0.0,0.0,0.0,0.0,0,0.0,6
713,2013-12-09,10057.0,1321.0,1.0,0.0,0,0.0,0
713,2013-12-10,10965.0,1388.0,1.0,0.0,0,0.0,1
713,2013-12-11,11490.0,1475.0,1.0,0.0,0,0.0,2
713,2013-12-12,10635.0,1344.0,1.0,0.0,0,0.0,3
713,2013-12-13,9190.0,1231.0,1.0,0.0,0,0.0,4
713,2013-12-14,12455.0,1590.0,1.0,0.0,0,0.0,5
713,2013-12-15,0.0,0.0,0.0,0.0,0,0.0,6
713,2013-12-16,22458.0,2188.0,1.0,1.0,0,0.0,0
713,2013-12-17,18352.0,1954.0,1.0,1.0,0,0.0,1
713,2013-12-18,19439.0,2127.0,1.0,1.0,0,0.0,2
713,2013-12-19,15586.0,1765.0,1.0,1.0,0,0.0,3
713,2013-12-20,15992.0,1837.0,1.0,1.0,0,0.0,4
713,2013-12-21,15774.0,1980.0,1.0,0.0,0,0.0,5
713,2013-12-22,0.0,0.0,0.0,0.0,0,0.0,6
713,2013-12-23,19745.0,2329.0,1.0,0.0,0,1.0,0
713,2013-12-24,6188.0,753.0,1.0,0.0,0,1.0,1
713,2013-12-25,0.0,0.0,0.0,0.0,3,1.0,2
713,2013-12-26,0.0,0.0,0.0,0.0,3,1.0,3
713,2013-12-27,11273.0,1537.0,1.0,0.0,0,1.0,4
713,2013-12-28,9835.0,1391.0,1.0,0.0,0,0.0,5
713,2013-12-29,0.0,0.0,0.0,0.0,0,0.0,6
713,2013-12-30,13146.0,1686.0,1.0,0.0,0,1.0,0
713,2013-12-31,4922.0,690.0,1.0,0.0,0,1.0,1
713,2014-01-01,0.0,0.0,0.0,0.0,1,1.0,2
713,2014-01-02,9518.0,1263.0,1.0,0.0,0,1.0,3
713,2014-01-03,8897.0,1188.0,1.0,0.0,0,1.0,4
713,2014-01-04,9693.0,1371.0,1.0,0.0,0,0.0,5
713,2014-01-05,0.0,0.0,0.0,0.0,0,0.0,6
713,2014-01-06,13717.0,1518.0,1.0,1.0,0,1.0,0
713,2014-01-07,13961.0,1627.0,1.0,1.0,0,1.0,1
713,2014-01-08,10915.0,1403.0,1.0,1.0,0,0.0,2
713,2014-01-09,9242.0,1139.0,1.0,1.0,0,0.0,3
713,2014-01-10,10304.0,1331.0,1.0,1.0,0,0.0,4
713,2014-01-11,9061.0,1316.0,1.0,0.0,0,0.0,5
713,2014-01-12,0.0,0.0,0.0,0.0,0,0.0,6
713,2014-01-13,6905.0,1060.0,1.0,0.0,0,0.0,0
713,2014-01-14,7697.0,1041.0,1.0,0.0,0,0.0,1
713,2014-01-15,7912.0,1090.0,1.0,0.0,0,0.0,2
713,2014-01-16,6703.0,947.0,1.0,0.0,0,0.0,3
713,2014-01-17,7713.0,1064.0,1.0,0.0,0,0.0,4
713,2014-01-18,10423.0,1401.0,1.0,0.0,0,0.0,5
713,2014-01-19,0.0,0.0,0.0,0.0,0,0.0,6
713,2014-01-20,13469.0,1473.0,1.0,1.0,0,0.0,0
713,2014-01-21,10991.0,1294.0,1.0,1.0,0,0.0,1
713,2014-01-22,11499.0,1399.0,1.0,1.0,0,0.0,2
713,2014-01-23,8555.0,1122.0,1.0,1.0,0,0.0,3
713,2014-01-24,7493.0,1032.0,1.0,1.0,0,0.0,4
713,2014-01-25,9151.0,1315.0,1.0,0.0,0,0.0,5
713,2014-01-26,0.0,0.0,0.0,0.0,0,0.0,6
713,2014-01-27,6678.0,974.0,1.0,0.0,0,0.0,0
713,2014-01-28,6850.0,994.0,1.0,0.0,0,0.0,1
713,2014-01-29,7737.0,1118.0,1.0,0.0,0,0.0,2
713,2014-01-30,7265.0,1049.0,1.0,0.0,0,0.0,3
713,2014-01-31,10548.0,1332.0,1.0,0.0,0,0.0,4
713,2014-02-01,10095.0,1295.0,1.0,0.0,0,0.0,5
713,2014-02-02,0.0,0.0,0.0,0.0,0,0.0,6
713,2014-02-03,15856.0,1746.0,1.0,1.0,0,0.0,0
713,2014-02-04,13772.0,1586.0,1.0,1.0,0,0.0,1
713,2014-02-05,11305.0,1354.0,1.0,1.0,0,0.0,2
713,2014-02-06,10475.0,1314.0,1.0,1.0,0,0.0,3
713,2014-02-07,9492.0,1183.0,1.0,1.0,0,0.0,4
713,2014-02-08,9414.0,1279.0,1.0,0.0,0,0.0,5
713,2014-02-09,0.0,0.0,0.0,0.0,0,0.0,6
713,2014-02-10,8464.0,1182.0,1.0,0.0,0,0.0,0
713,2014-02-11,7513.0,1102.0,1.0,0.0,0,0.0,1
713,2014-02-12,8282.0,1212.0,1.0,0.0,0,0.0,2
713,2014-02-13,7086.0,1021.0,1.0,0.0,0,0.0,3
713,2014-02-14,8149.0,1119.0,1.0,0.0,0,0.0,4
713,2014-02-15,9808.0,1367.0,1.0,0.0,0,0.0,5
713,2014-02-16,0.0,0.0,0.0,0.0,0,0.0,6
713,2014-02-17,13552.0,1610.0,1.0,1.0,0,0.0,0
713,2014-02-18,11657.0,1381.0,1.0,1.0,0,0.0,1
713,2014-02-19,10870.0,1410.0,1.0,1.0,0,0.0,2
713,2014-02-20,9892.0,1304.0,1.0,1.0,0,0.0,3
713,2014-02-21,8396.0,1137.0,1.0,1.0,0,0.0,4
713,2014-02-22,9257.0,1320.0,1.0,0.0,0,0.0,5
713,2014-02-23,0.0,0.0,0.0,0.0,0,0.0,6
713,2014-02-24,7423.0,1107.0,1.0,0.0,0,0.0,0
713,2014-02-25,6355.0,979.0,1.0,0.0,0,0.0,1
713,2014-02-26,7733.0,1130.0,1.0,0.0,0,0.0,2
713,2014-02-27,6813.0,1023.0,1.0,0.0,0,0.0,3
713,2014-02-28,11554.0,1354.0,1.0,0.0,0,0.0,4
713,2014-03-01,13298.0,1652.0,1.0,0.0,0,0.0,5
713,2014-03-02,0.0,0.0,0.0,0.0,0,0.0,6
713,2014-03-03,16853.0,1849.0,1.0,1.0,0,0.0,0
713,2014-03-04,14120.0,1613.0,1.0,1.0,0,0.0,1
713,2014-03-05,13020.0,1555.0,1.0,1.0,0,0.0,2
713,2014-03-06,11842.0,1412.0,1.0,1.0,0,0.0,3
713,2014-03-07,11564.0,1379.0,1.0,1.0,0,0.0,4
713,2014-03-08,10404.0,1418.0,1.0,0.0,0,0.0,5
713,2014-03-09,0.0,0.0,0.0,0.0,0,0.0,6
713,2014-03-10,8407.0,1207.0,1.0,0.0,0,0.0,0
713,2014-03-11,8094.0,1112.0,1.0,0.0,0,0.0,1
713,2014-03-12,8270.0,1209.0,1.0,0.0,0,0.0,2
713,2014-03-13,8145.0,1101.0,1.0,0.0,0,0.0,3
713,2014-03-14,8003.0,1099.0,1.0,0.0,0,0.0,4
713,2014-03-15,11161.0,1407.0,1.0,0.0,0,0.0,5
713,2014-03-16,0.0,0.0,0.0,0.0,0,0.0,6
713,2014-03-17,14340.0,1543.0,1.0,1.0,0,0.0,0
713,2014-03-18,10487.0,1233.0,1.0,1.0,0,0.0,1
713,2014-03-19,11467.0,1446.0,1.0,1.0,0,0.0,2
713,2014-03-20,10328.0,1227.0,1.0,1.0,0,0.0,3
713,2014-03-21,10211.0,1208.0,1.0,1.0,0,0.0,4
713,2014-03-22,10865.0,1334.0,1.0,0.0,0,0.0,5
713,2014-03-23,0.0,0.0,0.0,0.0,0,0.0,6
713,2014-03-24,8476.0,1091.0,1.0,0.0,0,0.0,0
713,2014-03-25,8631.0,1122.0,1.0,0.0,0,0.0,1
713,2014-03-26,7664.0,1032.0,1.0,0.0,0,0.0,2
713,2014-03-27,8600.0,1133.0,1.0,0.0,0,0.0,3
713,2014-03-28,8464.0,1139.0,1.0,0.0,0,0.0,4
713,2014-03-29,10700.0,1378.0,1.0,0.0,0,0.0,5
713,2014-03-30,0.0,0.0,0.0,0.0,0,0.0,6
713,2014-03-31,19567.0,1955.0,1.0,1.0,0,0.0,0
713,2014-04-01,12126.0,1498.0,1.0,1.0,0,0.0,1
713,2014-04-02,12510.0,1558.0,1.0,1.0,0,0.0,2
713,2014-04-03,11713.0,1379.0,1.0,1.0,0,0.0,3
713,2014-04-04,12052.0,1415.0,1.0,1.0,0,0.0,4
713,2014-04-05,10896.0,1306.0,1.0,0.0,0,0.0,5
713,2014-04-06,0.0,0.0,0.0,0.0,0,0.0,6
713,2014-04-07,7958.0,1144.0,1.0,0.0,0,0.0,0
713,2014-04-08,7558.0,1027.0,1.0,0.0,0,0.0,1
713,2014-04-09,8834.0,1210.0,1.0,0.0,0,0.0,2
713,2014-04-10,9165.0,1178.0,1.0,0.0,0,0.0,3
713,2014-04-11,7989.0,1034.0,1.0,0.0,0,0.0,4
713,2014-04-12,10694.0,1394.0,1.0,0.0,0,0.0,5
713,2014-04-13,0.0,0.0,0.0,0.0,0,0.0,6
713,2014-04-14,15708.0,1663.0,1.0,1.0,0,1.0,0
713,2014-04-15,14214.0,1556.0,1.0,1.0,0,1.0,1
713,2014-04-16,14553.0,1773.0,1.0,1.0,0,1.0,2
713,2014-04-17,12674.0,1592.0,1.0,1.0,0,1.0,3
713,2014-04-18,0.0,0.0,0.0,1.0,2,1.0,4
713,2014-04-19,12946.0,1704.0,1.0,0.0,0,0.0,5
713,2014-04-20,0.0,0.0,0.0,0.0,0,0.0,6
713,2014-04-21,0.0,0.0,0.0,0.0,2,1.0,0
713,2014-04-22,9531.0,1313.0,1.0,0.0,0,1.0,1
713,2014-04-23,8268.0,1224.0,1.0,0.0,0,1.0,2
713,2014-04-24,6882.0,964.0,1.0,0.0,0,1.0,3
713,2014-04-25,7036.0,1060.0,1.0,0.0,0,1.0,4
713,2014-04-26,9880.0,1306.0,1.0,0.0,0,0.0,5
713,2014-04-27,0.0,0.0,0.0,0.0,0,0.0,6
713,2014-04-28,14008.0,1572.0,1.0,1.0,0,0.0,0
713,2014-04-29,11808.0,1382.0,1.0,1.0,0,0.0,1
713,2014-04-30,17014.0,1954.0,1.0,1.0,0,0.0,2
713,2014-05-01,0.0,0.0,0.0,1.0,1,0.0,3
713,2014-05-02,15157.0,1739.0,1.0,1.0,0,0.0,4
713,2014-05-03,11423.0,1515.0,1.0,0.0,0,0.0,5
713,2014-05-04,0.0,0.0,0.0,0.0,0,0.0,6
713,2014-05-05,13101.0,1491.0,1.0,1.0,0,0.0,0
713,2014-05-06,11528.0,1351.0,1.0,1.0,0,0.0,1
713,2014-05-07,11893.0,1488.0,1.0,1.0,0,0.0,2
713,2014-05-08,10574.0,1326.0,1.0,1.0,0,0.0,3
713,2014-05-09,10814.0,1328.0,1.0,1.0,0,0.0,4
713,2014-05-10,10459.0,1390.0,1.0,0.0,0,0.0,5
713,2014-05-11,0.0,0.0,0.0,0.0,0,0.0,6
713,2014-05-12,7609.0,1107.0,1.0,0.0,0,0.0,0
713,2014-05-13,7147.0,996.0,1.0,0.0,0,0.0,1
713,2014-05-14,8413.0,1188.0,1.0,0.0,0,0.0,2
713,2014-05-15,7526.0,1069.0,1.0,0.0,0,0.0,3
713,2014-05-16,7720.0,1125.0,1.0,0.0,0,0.0,4
713,2014-05-17,9710.0,1294.0,1.0,0.0,0,0.0,5
713,2014-05-18,0.0,0.0,0.0,0.0,0,0.0,6
713,2014-05-19,12845.0,1488.0,1.0,1.0,0,0.0,0
713,2014-05-20,11503.0,1405.0,1.0,1.0,0,0.0,1
713,2014-05-21,11378.0,1421.0,1.0,1.0,0,0.0,2
713,2014-05-22,9740.0,1239.0,1.0,1.0,0,0.0,3
713,2014-05-23,9660.0,1197.0,1.0,1.0,0,0.0,4
713,2014-05-24,9770.0,1289.0,1.0,0.0,0,0.0,5
713,2014-05-25,0.0,0.0,0.0,0.0,0,0.0,6
713,2014-05-26,7290.0,1011.0,1.0,0.0,0,0.0,0
713,2014-05-27,7322.0,1021.0,1.0,0.0,0,0.0,1
713,2014-05-28,9933.0,1291.0,1.0,0.0,0,0.0,2
713,2014-05-29,0.0,0.0,0.0,0.0,1,0.0,3
713,2014-05-30,14003.0,1686.0,1.0,0.0,0,0.0,4
713,2014-05-31,11998.0,1483.0,1.0,0.0,0,0.0,5
713,2014-06-01,0.0,0.0,0.0,0.0,0,0.0,6
713,2014-06-02,16127.0,1707.0,1.0,1.0,0,0.0,0
713,2014-06-03,13258.0,1473.0,1.0,1.0,0,0.0,1
713,2014-06-04,11880.0,1460.0,1.0,1.0,0,0.0,2
713,2014-06-05,10822.0,1289.0,1.0,1.0,0,0.0,3
713,2014-06-06,10662.0,1356.0,1.0,1.0,0,0.0,4
713,2014-06-07,10628.0,1402.0,1.0,0.0,0,0.0,5
713,2014-06-08,0.0,0.0,0.0,0.0,0,0.0,6
713,2014-06-09,0.0,0.0,0.0,0.0,1,0.0,0
713,2014-06-10,9767.0,1329.0,1.0,0.0,0,1.0,1
713,2014-06-11,10614.0,1374.0,1.0,0.0,0,0.0,2
713,2014-06-12,8804.0,1195.0,1.0,0.0,0,0.0,3
713,2014-06-13,8160.0,1149.0,1.0,0.0,0,0.0,4
713,2014-06-14,11300.0,1430.0,1.0,0.0,0,0.0,5
713,2014-06-15,0.0,0.0,0.0,0.0,0,0.0,6
713,2014-06-16,13098.0,1454.0,1.0,1.0,0,0.0,0
713,2014-06-17,13635.0,1519.0,1.0,1.0,0,0.0,1
713,2014-06-18,13446.0,1629.0,1.0,1.0,0,0.0,2
713,2014-06-19,0.0,0.0,0.0,1.0,1,0.0,3
713,2014-06-20,15446.0,1708.0,1.0,1.0,0,0.0,4
713,2014-06-21,10498.0,1344.0,1.0,0.0,0,0.0,5
713,2014-06-22,0.0,0.0,0.0,0.0,0,0.0,6
713,2014-06-23,7992.0,1111.0,1.0,0.0,0,0.0,0
713,2014-06-24,7114.0,999.0,1.0,0.0,0,0.0,1
713,2014-06-25,8752.0,1153.0,1.0,0.0,0,0.0,2
713,2014-06-26,7728.0,1038.0,1.0,0.0,0,0.0,3
713,2014-06-27,8830.0,1177.0,1.0,0.0,0,0.0,4
713,2014-06-28,11270.0,1373.0,1.0,0.0,0,0.0,5
713,2014-06-29,0.0,0.0,0.0,0.0,0,0.0,6
713,2014-06-30,21016.0,2040.0,1.0,1.0,0,0.0,0
713,2014-07-01,13939.0,1558.0,1.0,1.0,0,0.0,1
713,2014-07-02,14185.0,1671.0,1.0,1.0,0,0.0,2
713,2014-07-03,11354.0,1421.0,1.0,1.0,0,0.0,3
713,2014-07-04,9742.0,1189.0,1.0,1.0,0,0.0,4
713,2014-07-05,11980.0,1406.0,1.0,0.0,0,0.0,5
713,2014-07-06,0.0,0.0,0.0,0.0,0,0.0,6
713,2014-07-07,10337.0,1309.0,1.0,0.0,0,1.0,0
713,2014-07-08,7532.0,936.0,1.0,0.0,0,1.0,1
713,2014-07-09,7657.0,935.0,1.0,0.0,0,1.0,2
713,2014-07-10,10018.0,1279.0,1.0,0.0,0,1.0,3
713,2014-07-11,9849.0,1180.0,1.0,0.0,0,1.0,4
713,2014-07-12,11226.0,1353.0,1.0,0.0,0,0.0,5
713,2014-07-13,0.0,0.0,0.0,0.0,0,0.0,6
713,2014-07-14,13827.0,1496.0,1.0,1.0,0,1.0,0
713,2014-07-15,12675.0,1354.0,1.0,1.0,0,1.0,1
713,2014-07-16,13013.0,1539.0,1.0,1.0,0,1.0,2
713,2014-07-17,10850.0,1304.0,1.0,1.0,0,1.0,3
713,2014-07-18,10393.0,1208.0,1.0,1.0,0,1.0,4
713,2014-07-19,8448.0,1107.0,1.0,0.0,0,0.0,5
713,2014-07-20,0.0,0.0,0.0,0.0,0,0.0,6
713,2014-07-21,8445.0,1127.0,1.0,0.0,0,1.0,0
713,2014-07-22,8994.0,1082.0,1.0,0.0,0,1.0,1
713,2014-07-23,8601.0,1164.0,1.0,0.0,0,1.0,2
713,2014-07-24,7488.0,1032.0,1.0,0.0,0,1.0,3
713,2014-07-25,7758.0,1068.0,1.0,0.0,0,1.0,4
713,2014-07-26,9860.0,1245.0,1.0,0.0,0,0.0,5
713,2014-07-27,0.0,0.0,0.0,0.0,0,0.0,6
713,2014-07-28,14008.0,1444.0,1.0,1.0,0,1.0,0
713,2014-07-29,11253.0,1364.0,1.0,1.0,0,1.0,1
713,2014-07-30,12818.0,1429.0,1.0,1.0,0,1.0,2
713,2014-07-31,14349.0,1615.0,1.0,1.0,0,1.0,3
713,2014-08-01,11826.0,1386.0,1.0,1.0,0,1.0,4
713,2014-08-02,11165.0,1373.0,1.0,0.0,0,0.0,5
713,2014-08-03,0.0,0.0,0.0,0.0,0,0.0,6
713,2014-08-04,15513.0,1616.0,1.0,1.0,0,1.0,0
713,2014-08-05,12600.0,1461.0,1.0,1.0,0,1.0,1
713,2014-08-06,13384.0,1600.0,1.0,1.0,0,1.0,2
713,2014-08-07,10647.0,1311.0,1.0,1.0,0,1.0,3
713,2014-08-08,9427.0,1220.0,1.0,1.0,0,1.0,4
713,2014-08-09,10506.0,1343.0,1.0,0.0,0,0.0,5
713,2014-08-10,0.0,0.0,0.0,0.0,0,0.0,6
713,2014-08-11,9616.0,1258.0,1.0,0.0,0,1.0,0
713,2014-08-12,7899.0,1096.0,1.0,0.0,0,1.0,1
713,2014-08-13,9324.0,1278.0,1.0,0.0,0,1.0,2
713,2014-08-14,8503.0,1121.0,1.0,0.0,0,1.0,3
713,2014-08-15,8673.0,1133.0,1.0,0.0,0,1.0,4
713,2014-08-16,11848.0,1450.0,1.0,0.0,0,0.0,5
713,2014-08-17,0.0,0.0,0.0,0.0,0,0.0,6
713,2014-08-18,15976.0,1772.0,1.0,1.0,0,1.0,0
713,2014-08-19,14081.0,1650.0,1.0,1.0,0,1.0,1
713,2014-08-20,14353.0,1834.0,1.0,1.0,0,0.0,2
713,2014-08-21,10422.0,1321.0,1.0,1.0,0,0.0,3
713,2014-08-22,10377.0,1236.0,1.0,1.0,0,0.0,4
713,2014-08-23,10211.0,1413.0,1.0,0.0,0,0.0,5
713,2014-08-24,0.0,0.0,0.0,0.0,0,0.0,6
713,2014-08-25,7970.0,1177.0,1.0,0.0,0,0.0,0
713,2014-08-26,6732.0,962.0,1.0,0.0,0,0.0,1
713,2014-08-27,8657.0,1306.0,1.0,0.0,0,0.0,2
713,2014-08-28,9020.0,1170.0,1.0,0.0,0,0.0,3
713,2014-08-29,10610.0,1332.0,1.0,0.0,0,0.0,4
713,2014-08-30,13018.0,1598.0,1.0,0.0,0,0.0,5
713,2014-08-31,0.0,0.0,0.0,0.0,0,0.0,6
713,2014-09-01,16762.0,1761.0,1.0,1.0,0,0.0,0
713,2014-09-02,13192.0,1495.0,1.0,1.0,0,0.0,1
713,2014-09-03,11921.0,1476.0,1.0,1.0,0,0.0,2
713,2014-09-04,10698.0,1301.0,1.0,1.0,0,0.0,3
713,2014-09-05,10980.0,1316.0,1.0,1.0,0,0.0,4
713,2014-09-06,11036.0,1421.0,1.0,0.0,0,0.0,5
713,2014-09-07,0.0,0.0,0.0,0.0,0,0.0,6
713,2014-09-08,8529.0,1177.0,1.0,0.0,0,0.0,0
713,2014-09-09,7979.0,1103.0,1.0,0.0,0,0.0,1
713,2014-09-10,9153.0,1241.0,1.0,0.0,0,0.0,2
713,2014-09-11,7991.0,1084.0,1.0,0.0,0,0.0,3
713,2014-09-12,8734.0,1185.0,1.0,0.0,0,0.0,4
713,2014-09-13,9330.0,1284.0,1.0,0.0,0,0.0,5
713,2014-09-14,0.0,0.0,0.0,0.0,0,0.0,6
713,2014-09-15,13872.0,1542.0,1.0,1.0,0,0.0,0
713,2014-09-16,11784.0,1367.0,1.0,1.0,0,0.0,1
713,2014-09-17,11585.0,1479.0,1.0,1.0,0,0.0,2
713,2014-09-18,10297.0,1225.0,1.0,1.0,0,0.0,3
713,2014-09-19,10072.0,1299.0,1.0,1.0,0,0.0,4
713,2014-09-20,9560.0,1284.0,1.0,0.0,0,0.0,5
713,2014-09-21,0.0,0.0,0.0,0.0,0,0.0,6
713,2014-09-22,7805.0,1093.0,1.0,0.0,0,0.0,0
713,2014-09-23,7106.0,1000.0,1.0,0.0,0,0.0,1
713,2014-09-24,7609.0,1085.0,1.0,0.0,0,0.0,2
713,2014-09-25,7624.0,995.0,1.0,0.0,0,0.0,3
713,2014-09-26,7743.0,1081.0,1.0,0.0,0,0.0,4
713,2014-09-27,10244.0,1361.0,1.0,0.0,0,0.0,5
713,2014-09-28,0.0,0.0,0.0,0.0,0,0.0,6
713,2014-09-29,13995.0,1559.0,1.0,1.0,0,0.0,0
713,2014-09-30,16309.0,1720.0,1.0,1.0,0,0.0,1
713,2014-10-01,13434.0,1600.0,1.0,1.0,0,0.0,2
713,2014-10-02,12230.0,1508.0,1.0,1.0,0,0.0,3
713,2014-10-03,0.0,0.0,0.0,1.0,1,0.0,4
713,2014-10-04,12123.0,1525.0,1.0,0.0,0,0.0,5
713,2014-10-05,0.0,0.0,0.0,0.0,0,0.0,6
713,2014-10-06,12511.0,1443.0,1.0,1.0,0,1.0,0
713,2014-10-07,11542.0,1279.0,1.0,1.0,0,1.0,1
713,2014-10-08,11558.0,1422.0,1.0,1.0,0,1.0,2
713,2014-10-09,11101.0,1274.0,1.0,1.0,0,1.0,3
713,2014-10-10,9979.0,1257.0,1.0,1.0,0,1.0,4
713,2014-10-11,10229.0,1338.0,1.0,0.0,0,0.0,5
713,2014-10-12,0.0,0.0,0.0,0.0,0,0.0,6
713,2014-10-13,8269.0,1124.0,1.0,0.0,0,1.0,0
713,2014-10-14,7411.0,1141.0,1.0,0.0,0,1.0,1
713,2014-10-15,8423.0,1160.0,1.0,0.0,0,1.0,2
713,2014-10-16,7381.0,1005.0,1.0,0.0,0,1.0,3
713,2014-10-17,7787.0,1067.0,1.0,0.0,0,1.0,4
713,2014-10-18,10738.0,1407.0,1.0,0.0,0,0.0,5
713,2014-10-19,0.0,0.0,0.0,0.0,0,0.0,6
713,2014-10-20,12581.0,1430.0,1.0,1.0,0,0.0,0
713,2014-10-21,8765.0,1107.0,1.0,1.0,0,0.0,1
713,2014-10-22,10444.0,1262.0,1.0,1.0,0,0.0,2
713,2014-10-23,9877.0,1256.0,1.0,1.0,0,0.0,3
713,2014-10-24,10154.0,1293.0,1.0,1.0,0,0.0,4
713,2014-10-25,9705.0,1293.0,1.0,0.0,0,0.0,5
713,2014-10-26,0.0,0.0,0.0,0.0,0,0.0,6
713,2014-10-27,8652.0,1149.0,1.0,0.0,0,0.0,0
713,2014-10-28,7781.0,1068.0,1.0,0.0,0,0.0,1
713,2014-10-29,9267.0,1217.0,1.0,0.0,0,0.0,2
713,2014-10-30,9954.0,1282.0,1.0,0.0,0,0.0,3
713,2014-10-31,13063.0,1656.0,1.0,0.0,0,0.0,4
713,2014-11-01,0.0,0.0,0.0,0.0,1,0.0,5
713,2014-11-02,0.0,0.0,0.0,0.0,0,0.0,6
713,2014-11-03,17479.0,1799.0,1.0,1.0,0,0.0,0
713,2014-11-04,14295.0,1521.0,1.0,1.0,0,0.0,1
713,2014-11-05,14181.0,1653.0,1.0,1.0,0,0.0,2
713,2014-11-06,12254.0,1417.0,1.0,1.0,0,0.0,3
713,2014-11-07,11104.0,1308.0,1.0,1.0,0,0.0,4
713,2014-11-08,12824.0,1564.0,1.0,0.0,0,0.0,5
713,2014-11-09,0.0,0.0,0.0,0.0,0,0.0,6
713,2014-11-10,12754.0,1490.0,1.0,1.0,0,0.0,0
713,2014-11-11,11942.0,1435.0,1.0,1.0,0,0.0,1
713,2014-11-12,13204.0,1576.0,1.0,1.0,0,0.0,2
713,2014-11-13,10359.0,1321.0,1.0,1.0,0,0.0,3
713,2014-11-14,10406.0,1296.0,1.0,1.0,0,0.0,4
713,2014-11-15,11675.0,1494.0,1.0,0.0,0,0.0,5
713,2014-11-16,0.0,0.0,0.0,0.0,0,0.0,6
713,2014-11-17,9103.0,1212.0,1.0,0.0,0,0.0,0
713,2014-11-18,7750.0,1039.0,1.0,0.0,0,0.0,1
713,2014-11-19,9510.0,1257.0,1.0,0.0,0,0.0,2
713,2014-11-20,6853.0,952.0,1.0,0.0,0,0.0,3
713,2014-11-21,6466.0,903.0,1.0,0.0,0,0.0,4
713,2014-11-22,9165.0,1287.0,1.0,0.0,0,0.0,5
713,2014-11-23,0.0,0.0,0.0,0.0,0,0.0,6
713,2014-11-24,12237.0,1374.0,1.0,1.0,0,0.0,0
713,2014-11-25,10140.0,1210.0,1.0,1.0,0,0.0,1
713,2014-11-26,10372.0,1306.0,1.0,1.0,0,0.0,2
713,2014-11-27,10559.0,1198.0,1.0,1.0,0,0.0,3
713,2014-11-28,13522.0,1532.0,1.0,1.0,0,0.0,4
713,2014-11-29,11787.0,1472.0,1.0,0.0,0,0.0,5
713,2014-11-30,0.0,0.0,0.0,0.0,0,0.0,6
713,2014-12-01,14568.0,1559.0,1.0,1.0,0,0.0,0
713,2014-12-02,12154.0,1367.0,1.0,1.0,0,0.0,1
713,2014-12-03,11452.0,1293.0,1.0,1.0,0,0.0,2
713,2014-12-04,11976.0,1289.0,1.0,1.0,0,0.0,3
713,2014-12-05,12436.0,1369.0,1.0,1.0,0,0.0,4
713,2014-12-06,10595.0,1369.0,1.0,0.0,0,0.0,5
713,2014-12-07,0.0,0.0,0.0,0.0,0,0.0,6
713,2014-12-08,9238.0,1164.0,1.0,0.0,0,0.0,0
713,2014-12-09,8960.0,1163.0,1.0,0.0,0,0.0,1
713,2014-12-10,8247.0,1048.0,1.0,0.0,0,0.0,2
713,2014-12-11,7467.0,893.0,1.0,0.0,0,0.0,3
713,2014-12-12,7754.0,929.0,1.0,0.0,0,0.0,4
713,2014-12-13,12283.0,1422.0,1.0,0.0,0,0.0,5
713,2014-12-14,0.0,0.0,0.0,0.0,0,0.0,6
713,2014-12-15,16665.0,1616.0,1.0,1.0,0,0.0,0
713,2014-12-16,15901.0,1682.0,1.0,1.0,0,0.0,1
713,2014-12-17,14976.0,1585.0,1.0,1.0,0,0.0,2
713,2014-12-18,13426.0,1472.0,1.0,1.0,0,0.0,3
713,2014-12-19,11672.0,1267.0,1.0,1.0,0,0.0,4
713,2014-12-20,12579.0,1611.0,1.0,0.0,0,0.0,5
713,2014-12-21,0.0,0.0,0.0,0.0,0,0.0,6
713,2014-12-22,16159.0,1869.0,1.0,0.0,0,1.0,0
713,2014-12-23,14364.0,1768.0,1.0,0.0,0,1.0,1
713,2014-12-24,4847.0,631.0,1.0,0.0,0,1.0,2
713,2014-12-25,0.0,0.0,0.0,0.0,3,1.0,3
713,2014-12-26,0.0,0.0,0.0,0.0,3,1.0,4
713,2014-12-27,7008.0,1004.0,1.0,0.0,0,0.0,5
713,2014-12-28,0.0,0.0,0.0,0.0,0,0.0,6
713,2014-12-29,11009.0,1374.0,1.0,0.0,0,1.0,0
713,2014-12-30,12529.0,1439.0,1.0,0.0,0,1.0,1
713,2014-12-31,5514.0,677.0,1.0,0.0,0,1.0,2
713,2015-01-01,0.0,0.0,0.0,0.0,1,1.0,3
713,2015-01-02,8941.0,1166.0,1.0,0.0,0,1.0,4
713,2015-01-03,8722.0,1145.0,1.0,0.0,0,0.0,5
713,2015-01-04,0.0,0.0,0.0,0.0,0,0.0,6
713,2015-01-05,14086.0,1599.0,1.0,1.0,0,1.0,0
713,2015-01-06,10962.0,1312.0,1.0,1.0,0,1.0,1
713,2015-01-07,10367.0,1245.0,1.0,1.0,0,0.0,2
713,2015-01-08,7517.0,933.0,1.0,1.0,0,0.0,3
713,2015-01-09,7839.0,974.0,1.0,1.0,0,0.0,4
713,2015-01-10,8482.0,1052.0,1.0,0.0,0,0.0,5
713,2015-01-11,0.0,0.0,0.0,0.0,0,0.0,6
713,2015-01-12,10655.0,1263.0,1.0,1.0,0,0.0,0
713,2015-01-13,10012.0,1153.0,1.0,1.0,0,0.0,1
713,2015-01-14,10539.0,1217.0,1.0,1.0,0,0.0,2
713,2015-01-15,8688.0,1041.0,1.0,1.0,0,0.0,3
713,2015-01-16,9739.0,1164.0,1.0,1.0,0,0.0,4
713,2015-01-17,9622.0,1296.0,1.0,0.0,0,0.0,5
713,2015-01-18,0.0,0.0,0.0,0.0,0,0.0,6
713,2015-01-19,6411.0,916.0,1.0,0.0,0,0.0,0
713,2015-01-20,6022.0,881.0,1.0,0.0,0,0.0,1
713,2015-01-21,7705.0,1009.0,1.0,0.0,0,0.0,2
713,2015-01-22,6720.0,886.0,1.0,0.0,0,0.0,3
713,2015-01-23,6324.0,835.0,1.0,0.0,0,0.0,4
713,2015-01-24,6399.0,817.0,1.0,0.0,0,0.0,5
713,2015-01-25,0.0,0.0,0.0,0.0,0,0.0,6
713,2015-01-26,9723.0,1174.0,1.0,1.0,0,0.0,0
713,2015-01-27,9211.0,1083.0,1.0,1.0,0,0.0,1
713,2015-01-28,9116.0,1103.0,1.0,1.0,0,0.0,2
713,2015-01-29,8047.0,948.0,1.0,1.0,0,0.0,3
713,2015-01-30,9976.0,1113.0,1.0,1.0,0,0.0,4
713,2015-01-31,10148.0,1232.0,1.0,0.0,0,0.0,5
713,2015-02-01,0.0,0.0,0.0,0.0,0,0.0,6
713,2015-02-02,11082.0,1194.0,1.0,1.0,0,0.0,0
713,2015-02-03,11089.0,1233.0,1.0,1.0,0,0.0,1
713,2015-02-04,11455.0,1348.0,1.0,1.0,0,0.0,2
713,2015-02-05,9648.0,1122.0,1.0,1.0,0,0.0,3
713,2015-02-06,9571.0,1115.0,1.0,1.0,0,0.0,4
713,2015-02-07,9040.0,1186.0,1.0,0.0,0,0.0,5
713,2015-02-08,0.0,0.0,0.0,0.0,0,0.0,6
713,2015-02-09,7410.0,952.0,1.0,0.0,0,0.0,0
713,2015-02-10,7330.0,1000.0,1.0,0.0,0,0.0,1
713,2015-02-11,7829.0,1086.0,1.0,0.0,0,0.0,2
713,2015-02-12,6526.0,929.0,1.0,0.0,0,0.0,3
713,2015-02-13,8018.0,1022.0,1.0,0.0,0,0.0,4
713,2015-02-14,9986.0,1299.0,1.0,0.0,0,0.0,5
713,2015-02-15,0.0,0.0,0.0,0.0,0,0.0,6
713,2015-02-16,13686.0,1454.0,1.0,1.0,0,0.0,0
713,2015-02-17,10324.0,1178.0,1.0,1.0,0,0.0,1
713,2015-02-18,10431.0,1281.0,1.0,1.0,0,0.0,2
713,2015-02-19,8890.0,1101.0,1.0,1.0,0,0.0,3
713,2015-02-20,8547.0,1036.0,1.0,1.0,0,0.0,4
713,2015-02-21,8991.0,1166.0,1.0,0.0,0,0.0,5
713,2015-02-22,0.0,0.0,0.0,0.0,0,0.0,6
713,2015-02-23,4970.0,707.0,1.0,0.0,0,0.0,0
713,2015-02-24,6137.0,890.0,1.0,0.0,0,0.0,1
713,2015-02-25,7137.0,1060.0,1.0,0.0,0,0.0,2
713,2015-02-26,7361.0,993.0,1.0,0.0,0,0.0,3
713,2015-02-27,9151.0,1131.0,1.0,0.0,0,0.0,4
713,2015-02-28,10968.0,1321.0,1.0,0.0,0,0.0,5
713,2015-03-01,0.0,0.0,0.0,0.0,0,0.0,6
713,2015-03-02,13186.0,1419.0,1.0,1.0,0,0.0,0
713,2015-03-03,10478.0,1201.0,1.0,1.0,0,0.0,1
713,2015-03-04,11318.0,1410.0,1.0,1.0,0,0.0,2
713,2015-03-05,9716.0,1202.0,1.0,1.0,0,0.0,3
713,2015-03-06,9879.0,1158.0,1.0,1.0,0,0.0,4
713,2015-03-07,8569.0,1166.0,1.0,0.0,0,0.0,5
713,2015-03-08,0.0,0.0,0.0,0.0,0,0.0,6
713,2015-03-09,7990.0,1080.0,1.0,0.0,0,0.0,0
713,2015-03-10,7485.0,931.0,1.0,0.0,0,0.0,1
713,2015-03-11,8405.0,1129.0,1.0,0.0,0,0.0,2
713,2015-03-12,7146.0,1021.0,1.0,0.0,0,0.0,3
713,2015-03-13,7102.0,958.0,1.0,0.0,0,0.0,4
713,2015-03-14,8983.0,1102.0,1.0,0.0,0,0.0,5
713,2015-03-15,0.0,0.0,0.0,0.0,0,0.0,6
713,2015-03-16,13945.0,1487.0,1.0,1.0,0,0.0,0
713,2015-03-17,10670.0,1293.0,1.0,1.0,0,0.0,1
713,2015-03-18,11300.0,1406.0,1.0,1.0,0,0.0,2
713,2015-03-19,8989.0,1086.0,1.0,1.0,0,0.0,3
713,2015-03-20,9735.0,1156.0,1.0,1.0,0,0.0,4
713,2015-03-21,8616.0,1062.0,1.0,0.0,0,0.0,5
713,2015-03-22,0.0,0.0,0.0,0.0,0,0.0,6
713,2015-03-23,7697.0,1072.0,1.0,0.0,0,0.0,0
713,2015-03-24,7033.0,940.0,1.0,0.0,0,0.0,1
713,2015-03-25,7235.0,996.0,1.0,0.0,0,0.0,2
713,2015-03-26,6839.0,885.0,1.0,0.0,0,0.0,3
713,2015-03-27,6790.0,887.0,1.0,0.0,0,0.0,4
713,2015-03-28,9709.0,1180.0,1.0,0.0,0,0.0,5
713,2015-03-29,0.0,0.0,0.0,0.0,0,0.0,6
713,2015-03-30,14320.0,1471.0,1.0,1.0,0,1.0,0
713,2015-03-31,14929.0,1386.0,1.0,1.0,0,1.0,1
713,2015-04-01,12597.0,1417.0,1.0,1.0,0,1.0,2
713,2015-04-02,13583.0,1469.0,1.0,1.0,0,1.0,3
713,2015-04-03,0.0,0.0,0.0,1.0,2,1.0,4
713,2015-04-04,13300.0,1628.0,1.0,0.0,0,0.0,5
713,2015-04-05,0.0,0.0,0.0,0.0,0,0.0,6
713,2015-04-06,0.0,0.0,0.0,0.0,2,1.0,0
713,2015-04-07,10133.0,1300.0,1.0,0.0,0,1.0,1
713,2015-04-08,9013.0,1173.0,1.0,0.0,0,1.0,2
713,2015-04-09,7997.0,1079.0,1.0,0.0,0,1.0,3
713,2015-04-10,7979.0,1003.0,1.0,0.0,0,1.0,4
713,2015-04-11,9584.0,1149.0,1.0,0.0,0,0.0,5
713,2015-04-12,0.0,0.0,0.0,0.0,0,0.0,6
713,2015-04-13,12882.0,1445.0,1.0,1.0,0,0.0,0
713,2015-04-14,11659.0,1340.0,1.0,1.0,0,0.0,1
713,2015-04-15,10398.0,1322.0,1.0,1.0,0,0.0,2
713,2015-04-16,9902.0,1188.0,1.0,1.0,0,0.0,3
713,2015-04-17,9941.0,1177.0,1.0,1.0,0,0.0,4
713,2015-04-18,9005.0,1230.0,1.0,0.0,0,0.0,5
713,2015-04-19,0.0,0.0,0.0,0.0,0,0.0,6
713,2015-04-20,7184.0,1043.0,1.0,0.0,0,0.0,0
713,2015-04-21,6565.0,977.0,1.0,0.0,0,0.0,1
713,2015-04-22,7949.0,1091.0,1.0,0.0,0,0.0,2
713,2015-04-23,6824.0,935.0,1.0,0.0,0,0.0,3
713,2015-04-24,6851.0,960.0,1.0,0.0,0,0.0,4
713,2015-04-25,8348.0,1086.0,1.0,0.0,0,0.0,5
713,2015-04-26,0.0,0.0,0.0,0.0,0,0.0,6
713,2015-04-27,11406.0,1214.0,1.0,1.0,0,0.0,0
713,2015-04-28,11851.0,1302.0,1.0,1.0,0,0.0,1
713,2015-04-29,12271.0,1425.0,1.0,1.0,0,0.0,2
713,2015-04-30,13811.0,1463.0,1.0,1.0,0,0.0,3
713,2015-05-01,0.0,0.0,0.0,1.0,1,0.0,4
713,2015-05-02,12330.0,1528.0,1.0,0.0,0,0.0,5
713,2015-05-03,0.0,0.0,0.0,0.0,0,0.0,6
713,2015-05-04,12348.0,1436.0,1.0,1.0,0,0.0,0
713,2015-05-05,9422.0,1146.0,1.0,1.0,0,0.0,1
713,2015-05-06,11018.0,1308.0,1.0,1.0,0,0.0,2
713,2015-05-07,9545.0,1149.0,1.0,1.0,0,0.0,3
713,2015-05-08,10656.0,1231.0,1.0,1.0,0,0.0,4
713,2015-05-09,9923.0,1299.0,1.0,0.0,0,0.0,5
713,2015-05-10,0.0,0.0,0.0,0.0,0,0.0,6
713,2015-05-11,7696.0,1008.0,1.0,0.0,0,0.0,0
713,2015-05-12,7460.0,1041.0,1.0,0.0,0,0.0,1
713,2015-05-13,10100.0,1301.0,1.0,0.0,0,0.0,2
713,2015-05-14,0.0,0.0,0.0,0.0,1,0.0,3
713,2015-05-15,9680.0,1250.0,1.0,0.0,0,0.0,4
713,2015-05-16,8406.0,1126.0,1.0,0.0,0,0.0,5
713,2015-05-17,0.0,0.0,0.0,0.0,0,0.0,6
713,2015-05-18,12384.0,1411.0,1.0,1.0,0,0.0,0
713,2015-05-19,10046.0,1169.0,1.0,1.0,0,0.0,1
713,2015-05-20,11108.0,1289.0,1.0,1.0,0,0.0,2
713,2015-05-21,10211.0,1220.0,1.0,1.0,0,0.0,3
713,2015-05-22,8987.0,1091.0,1.0,1.0,0,0.0,4
713,2015-05-23,9303.0,1179.0,1.0,0.0,0,0.0,5
713,2015-05-24,0.0,0.0,0.0,0.0,0,0.0,6
713,2015-05-25,0.0,0.0,0.0,0.0,1,0.0,0
713,2015-05-26,8406.0,1102.0,1.0,0.0,0,1.0,1
713,2015-05-27,7995.0,1070.0,1.0,0.0,0,0.0,2
713,2015-05-28,7649.0,1004.0,1.0,0.0,0,0.0,3
713,2015-05-29,9770.0,1166.0,1.0,0.0,0,0.0,4
713,2015-05-30,9391.0,1223.0,1.0,0.0,0,0.0,5
713,2015-05-31,0.0,0.0,0.0,0.0,0,0.0,6
713,2015-06-01,14486.0,1529.0,1.0,1.0,0,0.0,0
713,2015-06-02,10993.0,1193.0,1.0,1.0,0,0.0,1
713,2015-06-03,12129.0,1403.0,1.0,1.0,0,0.0,2
713,2015-06-04,0.0,0.0,0.0,1.0,1,0.0,3
713,2015-06-05,12773.0,1424.0,1.0,1.0,0,0.0,4
713,2015-06-06,8602.0,1151.0,1.0,0.0,0,0.0,5
713,2015-06-07,0.0,0.0,0.0,0.0,0,0.0,6
713,2015-06-08,8265.0,1033.0,1.0,0.0,0,0.0,0
713,2015-06-09,7009.0,914.0,1.0,0.0,0,0.0,1
713,2015-06-10,8295.0,1107.0,1.0,0.0,0,0.0,2
713,2015-06-11,7491.0,1003.0,1.0,0.0,0,0.0,3
713,2015-06-12,6693.0,939.0,1.0,0.0,0,0.0,4
713,2015-06-13,9674.0,1196.0,1.0,0.0,0,0.0,5
713,2015-06-14,0.0,0.0,0.0,0.0,0,0.0,6
713,2015-06-15,14301.0,1489.0,1.0,1.0,0,0.0,0
713,2015-06-16,11769.0,1315.0,1.0,1.0,0,0.0,1
713,2015-06-17,13176.0,1459.0,1.0,1.0,0,0.0,2
713,2015-06-18,9853.0,1103.0,1.0,1.0,0,0.0,3
713,2015-06-19,8154.0,998.0,1.0,1.0,0,0.0,4
713,2015-06-20,9216.0,1118.0,1.0,0.0,0,0.0,5
713,2015-06-21,0.0,0.0,0.0,0.0,0,0.0,6
713,2015-06-22,6700.0,860.0,1.0,0.0,0,0.0,0
713,2015-06-23,6346.0,855.0,1.0,0.0,0,0.0,1
713,2015-06-24,8214.0,1049.0,1.0,0.0,0,0.0,2
713,2015-06-25,7351.0,956.0,1.0,0.0,0,0.0,3
713,2015-06-26,7801.0,962.0,1.0,0.0,0,0.0,4
713,2015-06-27,9140.0,1126.0,1.0,0.0,0,0.0,5
713,2015-06-28,0.0,0.0,0.0,0.0,0,0.0,6
713,2015-06-29,16439.0,1522.0,1.0,1.0,0,1.0,0
713,2015-06-30,16681.0,1608.0,1.0,1.0,0,1.0,1
713,2015-07-01,11512.0,1365.0,1.0,1.0,0,1.0,2
713,2015-07-02,9226.0,1094.0,1.0,1.0,0,1.0,3
713,2015-07-03,8455.0,1031.0,1.0,1.0,0,1.0,4
713,2015-07-04,7250.0,886.0,1.0,0.0,0,0.0,5
713,2015-07-05,0.0,0.0,0.0,0.0,0,0.0,6
713,2015-07-06,8769.0,1119.0,1.0,0.0,0,1.0,0
713,2015-07-07,6347.0,844.0,1.0,0.0,0,1.0,1
713,2015-07-08,8104.0,1069.0,1.0,0.0,0,1.0,2
713,2015-07-09,7678.0,926.0,1.0,0.0,0,1.0,3
713,2015-07-10,8319.0,1019.0,1.0,0.0,0,1.0,4
713,2015-07-11,9089.0,1099.0,1.0,0.0,0,0.0,5
713,2015-07-12,0.0,0.0,0.0,0.0,0,0.0,6
713,2015-07-13,12341.0,1267.0,1.0,1.0,0,1.0,0
713,2015-07-14,11345.0,1203.0,1.0,1.0,0,1.0,1
713,2015-07-15,12115.0,1397.0,1.0,1.0,0,1.0,2
713,2015-07-16,10218.0,1172.0,1.0,1.0,0,1.0,3
713,2015-07-17,7848.0,983.0,1.0,1.0,0,1.0,4
713,2015-07-18,8249.0,1070.0,1.0,0.0,0,0.0,5
713,2015-07-19,0.0,0.0,0.0,0.0,0,0.0,6
713,2015-07-20,7553.0,1014.0,1.0,0.0,0,1.0,0
713,2015-07-21,6727.0,871.0,1.0,0.0,0,1.0,1
713,2015-07-22,6996.0,977.0,1.0,0.0,0,1.0,2
713,2015-07-23,6358.0,909.0,1.0,0.0,0,1.0,3
713,2015-07-24,5845.0,812.0,1.0,0.0,0,1.0,4
713,2015-07-25,5570.0,732.0,1.0,0.0,0,0.0,5
713,2015-07-26,0.0,0.0,0.0,0.0,0,0.0,6
713,2015-07-27,9494.0,1023.0,1.0,1.0,0,1.0,0
713,2015-07-28,9740.0,1049.0,1.0,1.0,0,1.0,1
713,2015-07-29,9782.0,1182.0,1.0,1.0,0,1.0,2
713,2015-07-30,9881.0,1031.0,1.0,1.0,0,1.0,3
713,2015-07-31,12233.0,1306.0,1.0,1.0,0,1.0,4
